efficiency_min,max_reversals,late_sell_accel_min,persistence,sequence,volatility_regime,signals,signals_kept_pct,avg_efficiency,avg_reversals,avg_late_sell_acceleration,avg_sell_mfe_60m,avg_sell_mae_60m,success_rate_15m,avg_forward_15m,success_rate_30m,avg_forward_30m,success_rate_60m,avg_forward_60m,success_rate_120m,avg_forward_120m,continuation_score
0.1,4,0.0,SEG2_SEG3,ANY,QUIET,54,1.7946161515453638,0.306489923349578,3.6666666666666665,3.9615633333332037,9.963546851851932,5.088555925925886,0.6481481481481481,-1.9632668518518803,0.5740740740740741,-2.6530209259259645,0.6481481481481481,-3.5514522222222915,0.5740740740740741,-3.6487174074074185,0.611111111111111
0.2,4,0.0,SEG3,HIGH_FIRST,QUIET,58,1.927550681289465,0.36587503056305104,3.6379310344827585,3.3991667241377934,9.005811206896624,5.0575012068965375,0.6379310344827587,-1.7243482758620867,0.603448275862069,-1.672207758620759,0.6551724137931034,-2.849892413793151,0.5172413793103449,-1.6264410344827818,0.6077586206896551
0.2,4,1.0,SEG3,ANY,QUIET,57,1.8943170488534398,0.3647889221687994,3.6315789473684212,3.5140410526314314,9.618339122807084,5.1178856140350675,0.631578947368421,-1.687601052631611,0.5964912280701754,-2.0310275438597083,0.6491228070175439,-3.659698771929861,0.5263157894736842,-2.507697368421105,0.6052631578947368
0.2,4,0.0,SEG3,ANY,QUIET,62,2.060485211033566,0.3597457151991856,3.661290322580645,3.2829014516127715,9.60002016129039,5.0645337096774,0.6129032258064516,-1.7703974193548586,0.5967741935483871,-2.276410000000052,0.6451612903225806,-3.5022064516129436,0.532258064516129,-2.592363225806498,0.6048387096774194
0.2,4,1.0,SEG3,HIGH_FIRST,QUIET,54,1.7946161515453638,0.3706386590403357,3.611111111111111,3.6065785185183747,8.8188846296297,5.1397281481481345,0.6481481481481481,-1.5971018518518778,0.5925925925925926,-1.3213074074074787,0.6481481481481481,-2.817210925925969,0.5185185185185185,-1.4816381481481822,0.6018518518518519
0.1,4,0.0,SEG2_SEG3,HIGH_FIRST,QUIET,52,1.7281488866733135,0.31122128039080693,3.6538461538461537,3.9825144230768066,9.384566923077001,5.182232307692262,0.6538461538461539,-1.821977500000029,0.5576923076923077,-2.079479423076971,0.6346153846153846,-2.820498846153922,0.5769230769230769,-2.903734038461546,0.6009615384615384
0.1,4,1.0,SEG2_SEG3,ANY,QUIET,50,1.6616816218012629,0.30939924716881245,3.64,4.233360399999874,9.292455400000062,5.386837199999954,0.64,-1.512939800000031,0.54,-1.8289914000000318,0.62,-3.08029680000006,0.56,-3.403579400000026,0.585
0.1,4,0.0,SEG3,HIGH_FIRST,QUIET,78,2.59222333000997,0.3117525758139174,3.641025641025641,3.5961865384614473,8.914672179487233,5.411937692307697,0.6410256410256411,-1.478456025641027,0.5897435897435898,-1.7849867948718197,0.6025641025641025,-2.328863974359015,0.5256410256410257,-1.7067905128205194,0.5801282051282051
0.35,10,1.0,SEG3,ANY,NORMAL,119,3.9548022598870056,0.4943959497267048,5.025210084033613,3.9892905882352965,8.496021344537828,7.197600924369755,0.48739495798319327,-0.6640976470588107,0.5462184873949579,-1.0446985714285588,0.5882352941176471,-1.1385732773109103,0.5798319327731093,-2.948070504201668,0.5756302521008404
0.35,10,1.0,SEG3,HIGH_FIRST,NORMAL,119,3.9548022598870056,0.4943959497267048,5.025210084033613,3.9892905882352965,8.496021344537828,7.197600924369755,0.48739495798319327,-0.6640976470588107,0.5462184873949579,-1.0446985714285588,0.5882352941176471,-1.1385732773109103,0.5798319327731093,-2.948070504201668,0.5756302521008404
0.35,12,1.0,SEG3,ANY,NORMAL,119,3.9548022598870056,0.4943959497267048,5.025210084033613,3.9892905882352965,8.496021344537828,7.197600924369755,0.48739495798319327,-0.6640976470588107,0.5462184873949579,-1.0446985714285588,0.5882352941176471,-1.1385732773109103,0.5798319327731093,-2.948070504201668,0.5756302521008404
0.35,12,1.0,SEG3,HIGH_FIRST,NORMAL,119,3.9548022598870056,0.4943959497267048,5.025210084033613,3.9892905882352965,8.496021344537828,7.197600924369755,0.48739495798319327,-0.6640976470588107,0.5462184873949579,-1.0446985714285588,0.5882352941176471,-1.1385732773109103,0.5798319327731093,-2.948070504201668,0.5756302521008404
0.1,4,1.0,SEG3,HIGH_FIRST,QUIET,71,2.3595879029577933,0.31906487536914574,3.6056338028169015,3.904065070422444,8.49443295774652,5.352308450704224,0.647887323943662,-1.2454154929577541,0.5915492957746479,-1.3928050704225696,0.5915492957746479,-2.218172676056377,0.5211267605633803,-1.6250819718310032,0.573943661971831
0.35,8,1.0,SEG3,ANY,NORMAL,116,3.85510136257893,0.49588837639605127,4.913793103448276,4.00241275862069,8.562098103448294,7.293987327586212,0.49137931034482757,-0.6724592241379203,0.5517241379310345,-1.0318744827586082,0.5862068965517241,-1.0948737068965353,0.5689655172413793,-2.5944280172413667,0.5732758620689655
0.35,8,1.0,SEG3,HIGH_FIRST,NORMAL,116,3.85510136257893,0.49588837639605127,4.913793103448276,4.00241275862069,8.562098103448294,7.293987327586212,0.49137931034482757,-0.6724592241379203,0.5517241379310345,-1.0318744827586082,0.5862068965517241,-1.0948737068965353,0.5689655172413793,-2.5944280172413667,0.5732758620689655
0.35,10,1.0,SEG2_SEG3,ANY,NORMAL,101,3.356596876038551,0.5085013206945006,5.099009900990099,4.0052520792079065,8.702807623762375,7.2588517821782395,0.46534653465346537,-0.7575440594059233,0.5445544554455446,-1.2488068316831393,0.5841584158415841,-1.2935013861385847,0.5742574257425742,-3.397074158415834,0.5717821782178217
0.35,10,1.0,SEG2_SEG3,HIGH_FIRST,NORMAL,101,3.356596876038551,0.5085013206945006,5.099009900990099,4.0052520792079065,8.702807623762375,7.2588517821782395,0.46534653465346537,-0.7575440594059233,0.5445544554455446,-1.2488068316831393,0.5841584158415841,-1.2935013861385847,0.5742574257425742,-3.397074158415834,0.5717821782178217
0.35,12,1.0,SEG2_SEG3,ANY,NORMAL,101,3.356596876038551,0.5085013206945006,5.099009900990099,4.0052520792079065,8.702807623762375,7.2588517821782395,0.46534653465346537,-0.7575440594059233,0.5445544554455446,-1.2488068316831393,0.5841584158415841,-1.2935013861385847,0.5742574257425742,-3.397074158415834,0.5717821782178217
0.35,12,1.0,SEG2_SEG3,HIGH_FIRST,NORMAL,101,3.356596876038551,0.5085013206945006,5.099009900990099,4.0052520792079065,8.702807623762375,7.2588517821782395,0.46534653465346537,-0.7575440594059233,0.5445544554455446,-1.2488068316831393,0.5841584158415841,-1.2935013861385847,0.5742574257425742,-3.397074158415834,0.5717821782178217
0.1,4,0.0,SEG3,ANY,QUIET,89,2.9577932868062478,0.29503978826456234,3.662921348314607,3.462553258426892,9.022487640449485,5.68229606741574,0.6067415730337079,-1.396319438202242,0.5730337078651685,-1.7642712359550572,0.5955056179775281,-2.5444184269663155,0.5168539325842697,-2.013058089887672,0.5702247191011236
0.35,10,2.0,SEG3,ANY,NORMAL,93,3.090727816550349,0.49696920764418384,4.913978494623656,4.683062365591394,8.824707096774228,7.376443978494609,0.4838709677419355,-0.6810645161290316,0.5698924731182796,-1.1430255913978433,0.5698924731182796,-0.845326129032259,0.5698924731182796,-2.4797180645161156,0.5698924731182796
0.35,10,2.0,SEG3,HIGH_FIRST,NORMAL,93,3.090727816550349,0.49696920764418384,4.913978494623656,4.683062365591394,8.824707096774228,7.376443978494609,0.4838709677419355,-0.6810645161290316,0.5698924731182796,-1.1430255913978433,0.5698924731182796,-0.845326129032259,0.5698924731182796,-2.4797180645161156,0.5698924731182796
0.35,12,2.0,SEG3,ANY,NORMAL,93,3.090727816550349,0.49696920764418384,4.913978494623656,4.683062365591394,8.824707096774228,7.376443978494609,0.4838709677419355,-0.6810645161290316,0.5698924731182796,-1.1430255913978433,0.5698924731182796,-0.845326129032259,0.5698924731182796,-2.4797180645161156,0.5698924731182796
0.35,12,2.0,SEG3,HIGH_FIRST,NORMAL,93,3.090727816550349,0.49696920764418384,4.913978494623656,4.683062365591394,8.824707096774228,7.376443978494609,0.4838709677419355,-0.6810645161290316,0.5698924731182796,-1.1430255913978433,0.5698924731182796,-0.845326129032259,0.5698924731182796,-2.4797180645161156,0.5698924731182796
0.35,8,1.0,SEG2_SEG3,ANY,NORMAL,98,3.2568959787304754,0.5106996636184554,4.969387755102041,4.021273061224473,8.787351122448984,7.3748168367347136,0.46938775510204084,-0.7703020408163114,0.5510204081632653,-1.2398755102040524,0.5816326530612245,-1.2465180612244573,0.5612244897959183,-2.9922219387755034,0.5688775510204082
0.35,8,1.0,SEG2_SEG3,HIGH_FIRST,NORMAL,98,3.2568959787304754,0.5106996636184554,4.969387755102041,4.021273061224473,8.787351122448984,7.3748168367347136,0.46938775510204084,-0.7703020408163114,0.5510204081632653,-1.2398755102040524,0.5816326530612245,-1.2465180612244573,0.5612244897959183,-2.9922219387755034,0.5688775510204082
0.1,4,1.0,SEG3,ANY,QUIET,81,2.691924227318046,0.2998820345558116,3.6296296296296298,3.7532122222221433,8.764482345679049,5.643398148148152,0.6172839506172839,-1.2046256790123477,0.5802469135802469,-1.4438139506172953,0.5925925925925926,-2.55459888888891,0.5061728395061729,-1.9500083950617668,0.5679012345679012
0.1,4,2.0,SEG3,ANY,QUIET,63,2.093718843469591,0.2756569265709833,3.619047619047619,4.390223809523709,8.661433333333365,5.574855714285713,0.6349206349206349,-1.2718004761905066,0.5714285714285714,-1.3915923809524127,0.5873015873015873,-2.4597166666667145,0.5238095238095238,-2.082120634920687,0.5674603174603174
0.35,6,1.0,SEG3,ANY,NORMAL,101,3.356596876038551,0.5038600117279701,4.564356435643564,4.153518811881216,8.81502950495051,7.449199900990089,0.504950495049505,-1.016769405940576,0.5445544554455446,-1.2196815841584028,0.5841584158415841,-1.2238036633663238,0.5544554455445545,-2.7515303960395827,0.5668316831683169
0.35,6,1.0,SEG3,HIGH_FIRST,NORMAL,101,3.356596876038551,0.5038600117279701,4.564356435643564,4.153518811881216,8.81502950495051,7.449199900990089,0.504950495049505,-1.016769405940576,0.5445544554455446,-1.2196815841584028,0.5841584158415841,-1.2238036633663238,0.5544554455445545,-2.7515303960395827,0.5668316831683169
0.35,8,2.0,SEG3,ANY,NORMAL,90,2.991026919242273,0.4989785550597019,4.766666666666667,4.723101111111105,8.92082888888893,7.506636777777759,0.4888888888888889,-0.6924072222222245,0.5777777777777777,-1.1297743333333277,0.5666666666666667,-0.7792273333333317,0.5555555555555556,-2.0083004444444317,0.5666666666666667
0.35,8,2.0,SEG3,HIGH_FIRST,NORMAL,90,2.991026919242273,0.4989785550597019,4.766666666666667,4.723101111111105,8.92082888888893,7.506636777777759,0.4888888888888889,-0.6924072222222245,0.5777777777777777,-1.1297743333333277,0.5666666666666667,-0.7792273333333317,0.5555555555555556,-2.0083004444444317,0.5666666666666667
0.35,6,1.0,SEG2_SEG3,ANY,NORMAL,84,2.7916251246261217,0.5220914659530146,4.583333333333333,4.193510476190487,9.149952142857149,7.495870000000006,0.4880952380952381,-1.2038185714285472,0.5476190476190477,-1.5244128571428281,0.5833333333333334,-1.5363817857142597,0.5476190476190477,-3.3402533333333158,0.5654761904761905
0.35,6,1.0,SEG2_SEG3,HIGH_FIRST,NORMAL,84,2.7916251246261217,0.5220914659530146,4.583333333333333,4.193510476190487,9.149952142857149,7.495870000000006,0.4880952380952381,-1.2038185714285472,0.5476190476190477,-1.5244128571428281,0.5833333333333334,-1.5363817857142597,0.5476190476190477,-3.3402533333333158,0.5654761904761905
0.1,4,2.0,SEG3,HIGH_FIRST,QUIET,56,1.8610834164174144,0.29235262113135313,3.607142857142857,4.549634107142765,8.314180000000038,5.328345357142853,0.6428571428571429,-1.1890894642857492,0.5714285714285714,-1.3102417857143354,0.5714285714285714,-1.9580187500000648,0.5357142857142857,-1.672441071428612,0.5625
0.35,10,2.0,SEG2_SEG3,ANY,NORMAL,77,2.558989697573945,0.5134095966476045,4.974025974025974,4.779550779220758,9.10938519480522,7.405654285714281,0.45454545454545453,-0.7583462337662394,0.5714285714285714,-1.4679953246753017,0.5584415584415584,-0.9999338961038828,0.5584415584415584,-3.059303376623374,0.5616883116883117
0.35,10,2.0,SEG2_SEG3,HIGH_FIRST,NORMAL,77,2.558989697573945,0.5134095966476045,4.974025974025974,4.779550779220758,9.10938519480522,7.405654285714281,0.45454545454545453,-0.7583462337662394,0.5714285714285714,-1.4679953246753017,0.5584415584415584,-0.9999338961038828,0.5584415584415584,-3.059303376623374,0.5616883116883117
0.35,12,2.0,SEG2_SEG3,ANY,NORMAL,77,2.558989697573945,0.5134095966476045,4.974025974025974,4.779550779220758,9.10938519480522,7.405654285714281,0.45454545454545453,-0.7583462337662394,0.5714285714285714,-1.4679953246753017,0.5584415584415584,-0.9999338961038828,0.5584415584415584,-3.059303376623374,0.5616883116883117
0.35,12,2.0,SEG2_SEG3,HIGH_FIRST,NORMAL,77,2.558989697573945,0.5134095966476045,4.974025974025974,4.779550779220758,9.10938519480522,7.405654285714281,0.45454545454545453,-0.7583462337662394,0.5714285714285714,-1.4679953246753017,0.5584415584415584,-0.9999338961038828,0.5584415584415584,-3.059303376623374,0.5616883116883117
0.35,6,0.0,SEG3,ANY,NORMAL,115,3.8218677301429045,0.5059704302171901,4.573913043478261,3.7046393043478334,8.547800695652198,7.363559391304313,0.48695652173913045,-0.8229534782608742,0.5478260869565217,-1.0583520000000135,0.5739130434782609,-0.9656152173912984,0.5391304347826087,-2.3485647826086913,0.558695652173913
0.35,6,0.0,SEG3,HIGH_FIRST,NORMAL,115,3.8218677301429045,0.5059704302171901,4.573913043478261,3.7046393043478334,8.547800695652198,7.363559391304313,0.48695652173913045,-0.8229534782608742,0.5478260869565217,-1.0583520000000135,0.5739130434782609,-0.9656152173912984,0.5391304347826087,-2.3485647826086913,0.558695652173913
0.4,8,1.0,SEG3,ANY,NORMAL,91,3.0242605516782985,0.5293699024293121,4.956043956043956,4.132358791208784,8.274584505494538,7.407364395604418,0.4835164835164835,-0.7408015384615303,0.5494505494505495,-0.9874382417582298,0.5714285714285714,-0.9367981318681324,0.5384615384615384,-2.9355034065934027,0.5576923076923077
0.4,8,1.0,SEG3,HIGH_FIRST,NORMAL,91,3.0242605516782985,0.5293699024293121,4.956043956043956,4.132358791208784,8.274584505494538,7.407364395604418,0.4835164835164835,-0.7408015384615303,0.5494505494505495,-0.9874382417582298,0.5714285714285714,-0.9367981318681324,0.5384615384615384,-2.9355034065934027,0.5576923076923077
0.35,8,2.0,SEG2_SEG3,ANY,NORMAL,74,2.459288800265869,0.516519899815265,4.797297297297297,4.832158243243218,9.237831081081115,7.565181081081072,0.4594594594594595,-0.7752744594594689,0.581081081081081,-1.4650533783783553,0.5540540540540541,-0.9258113513513345,0.5405405405405406,-2.5094543243243224,0.5574324324324325
0.35,8,2.0,SEG2_SEG3,HIGH_FIRST,NORMAL,74,2.459288800265869,0.516519899815265,4.797297297297297,4.832158243243218,9.237831081081115,7.565181081081072,0.4594594594594595,-0.7752744594594689,0.581081081081081,-1.4650533783783553,0.5540540540540541,-0.9258113513513345,0.5405405405405406,-2.5094543243243224,0.5574324324324325
0.4,10,1.0,SEG3,ANY,NORMAL,93,3.090727816550349,0.5282187838532286,5.053763440860215,4.121498279569888,8.139691720430134,7.339406666666692,0.4731182795698925,-0.6816939784946132,0.5376344086021505,-0.9126150537634261,0.5698924731182796,-0.9491579569892477,0.5483870967741935,-2.9348858064516072,0.5564516129032258
0.4,10,1.0,SEG3,HIGH_FIRST,NORMAL,93,3.090727816550349,0.5282187838532286,5.053763440860215,4.121498279569888,8.139691720430134,7.339406666666692,0.4731182795698925,-0.6816939784946132,0.5376344086021505,-0.9126150537634261,0.5698924731182796,-0.9491579569892477,0.5483870967741935,-2.9348858064516072,0.5564516129032258
0.4,12,1.0,SEG3,ANY,NORMAL,93,3.090727816550349,0.5282187838532286,5.053763440860215,4.121498279569888,8.139691720430134,7.339406666666692,0.4731182795698925,-0.6816939784946132,0.5376344086021505,-0.9126150537634261,0.5698924731182796,-0.9491579569892477,0.5483870967741935,-2.9348858064516072,0.5564516129032258
0.4,12,1.0,SEG3,HIGH_FIRST,NORMAL,93,3.090727816550349,0.5282187838532286,5.053763440860215,4.121498279569888,8.139691720430134,7.339406666666692,0.4731182795698925,-0.6816939784946132,0.5376344086021505,-0.9126150537634261,0.5698924731182796,-0.9491579569892477,0.5483870967741935,-2.9348858064516072,0.5564516129032258
0.35,6,0.0,SEG2_SEG3,ANY,NORMAL,95,3.1571950814223997,0.5254838614233166,4.6,3.762715789473685,8.987995368421057,7.3648068421052475,0.4842105263157895,-1.017098210526312,0.5473684210526316,-1.3569267368420983,0.5684210526315789,-1.3512855789473466,0.5368421052631579,-2.947484210526311,0.5552631578947368
0.35,6,0.0,SEG2_SEG3,HIGH_FIRST,NORMAL,95,3.1571950814223997,0.5254838614233166,4.6,3.762715789473685,8.987995368421057,7.3648068421052475,0.4842105263157895,-1.017098210526312,0.5473684210526316,-1.3569267368420983,0.5684210526315789,-1.3512855789473466,0.5368421052631579,-2.947484210526311,0.5552631578947368
0.35,10,3.0,SEG3,ANY,NORMAL,69,2.293120638085743,0.49235090347766813,4.898550724637682,5.4612336231883924,8.995482318840644,7.952853333333316,0.463768115942029,-0.7026923188405896,0.5652173913043478,-1.2651798550724458,0.5362318840579711,-0.7850060869565124,0.5797101449275363,-2.0514128985507303,0.5543478260869565
0.35,10,3.0,SEG3,HIGH_FIRST,NORMAL,69,2.293120638085743,0.49235090347766813,4.898550724637682,5.4612336231883924,8.995482318840644,7.952853333333316,0.463768115942029,-0.7026923188405896,0.5652173913043478,-1.2651798550724458,0.5362318840579711,-0.7850060869565124,0.5797101449275363,-2.0514128985507303,0.5543478260869565
0.35,12,3.0,SEG3,ANY,NORMAL,69,2.293120638085743,0.49235090347766813,4.898550724637682,5.4612336231883924,8.995482318840644,7.952853333333316,0.463768115942029,-0.7026923188405896,0.5652173913043478,-1.2651798550724458,0.5362318840579711,-0.7850060869565124,0.5797101449275363,-2.0514128985507303,0.5543478260869565
0.35,12,3.0,SEG3,HIGH_FIRST,NORMAL,69,2.293120638085743,0.49235090347766813,4.898550724637682,5.4612336231883924,8.995482318840644,7.952853333333316,0.463768115942029,-0.7026923188405896,0.5652173913043478,-1.2651798550724458,0.5362318840579711,-0.7850060869565124,0.5797101449275363,-2.0514128985507303,0.5543478260869565
0.35,10,3.0,SEG2_SEG3,ANY,NORMAL,60,1.9940179461615155,0.5013835824860724,4.966666666666667,5.439732833333285,9.244863500000065,8.040491833333316,0.45,-0.558339666666681,0.5666666666666667,-1.4067776666666456,0.5333333333333333,-0.9307609999999841,0.5833333333333334,-2.4231390000000146,0.5541666666666667
0.35,10,3.0,SEG2_SEG3,HIGH_FIRST,NORMAL,60,1.9940179461615155,0.5013835824860724,4.966666666666667,5.439732833333285,9.244863500000065,8.040491833333316,0.45,-0.558339666666681,0.5666666666666667,-1.4067776666666456,0.5333333333333333,-0.9307609999999841,0.5833333333333334,-2.4231390000000146,0.5541666666666667
0.35,12,3.0,SEG2_SEG3,ANY,NORMAL,60,1.9940179461615155,0.5013835824860724,4.966666666666667,5.439732833333285,9.244863500000065,8.040491833333316,0.45,-0.558339666666681,0.5666666666666667,-1.4067776666666456,0.5333333333333333,-0.9307609999999841,0.5833333333333334,-2.4231390000000146,0.5541666666666667
0.35,12,3.0,SEG2_SEG3,HIGH_FIRST,NORMAL,60,1.9940179461615155,0.5013835824860724,4.966666666666667,5.439732833333285,9.244863500000065,8.040491833333316,0.45,-0.558339666666681,0.5666666666666667,-1.4067776666666456,0.5333333333333333,-0.9307609999999841,0.5833333333333334,-2.4231390000000146,0.5541666666666667
0.35,6,2.0,SEG3,ANY,NORMAL,81,2.691924227318046,0.5067253166487415,4.481481481481482,4.789033456790133,9.180032592592628,7.785439506172808,0.49382716049382713,-0.7916599999999887,0.5679012345679012,-1.1050171604938162,0.5555555555555556,-0.817114197530861,0.5308641975308642,-1.9301792592592437,0.5524691358024691
0.35,6,2.0,SEG3,HIGH_FIRST,NORMAL,81,2.691924227318046,0.5067253166487415,4.481481481481482,4.789033456790133,9.180032592592628,7.785439506172808,0.49382716049382713,-0.7916599999999887,0.5679012345679012,-1.1050171604938162,0.5555555555555556,-0.817114197530861,0.5308641975308642,-1.9301792592592437,0.5524691358024691
0.4,8,2.0,SEG3,ANY,NORMAL,71,2.3595879029577933,0.5324823548441096,4.788732394366197,4.882390985915477,8.34086957746486,7.419755774647885,0.5070422535211268,-0.9111666197183157,0.5774647887323944,-1.0807991549295815,0.5492957746478874,-0.39287816901410416,0.5211267605633803,-2.3165147887324067,0.5492957746478873
0.4,8,2.0,SEG3,HIGH_FIRST,NORMAL,71,2.3595879029577933,0.5324823548441096,4.788732394366197,4.882390985915477,8.34086957746486,7.419755774647885,0.5070422535211268,-0.9111666197183157,0.5774647887323944,-1.0807991549295815,0.5492957746478874,-0.39287816901410416,0.5211267605633803,-2.3165147887324067,0.5492957746478873
0.35,8,3.0,SEG3,ANY,NORMAL,66,2.193419740777667,0.4948809997639874,4.696969696969697,5.551203333333316,9.134320000000075,8.15658939393937,0.4696969696969697,-0.7191427272727416,0.5757575757575758,-1.2526624242424063,0.5303030303030303,-0.6921295454545323,0.5606060606060606,-1.3891022727272795,0.5492424242424242
0.35,8,3.0,SEG3,HIGH_FIRST,NORMAL,66,2.193419740777667,0.4948809997639874,4.696969696969697,5.551203333333316,9.134320000000075,8.15658939393937,0.4696969696969697,-0.7191427272727416,0.5757575757575758,-1.2526624242424063,0.5303030303030303,-0.6921295454545323,0.5606060606060606,-1.3891022727272795,0.5492424242424242
0.35,8,3.0,SEG2_SEG3,ANY,NORMAL,57,1.8943170488534398,0.5047885718180425,4.7368421052631575,5.5427766666666125,9.418748245614113,8.281009298245591,0.45614035087719296,-0.5697900000000198,0.5789473684210527,-1.3997363157894525,0.5263157894736842,-0.8308910526315582,0.5614035087719298,-1.6758175438596656,0.5482456140350878
0.35,8,3.0,SEG2_SEG3,HIGH_FIRST,NORMAL,57,1.8943170488534398,0.5047885718180425,4.7368421052631575,5.5427766666666125,9.418748245614113,8.281009298245591,0.45614035087719296,-0.5697900000000198,0.5789473684210527,-1.3997363157894525,0.5263157894736842,-0.8308910526315582,0.5614035087719298,-1.6758175438596656,0.5482456140350878
0.4,10,2.0,SEG3,ANY,NORMAL,73,2.4260551678298437,0.5309305886467759,4.917808219178082,4.848006164383549,8.167203835616501,7.332840000000002,0.4931506849315068,-0.8311976712328792,0.5616438356164384,-0.9829186301369863,0.547945205479452,-0.4235261643835806,0.5342465753424658,-2.332686575342475,0.547945205479452
0.4,10,2.0,SEG3,HIGH_FIRST,NORMAL,73,2.4260551678298437,0.5309305886467759,4.917808219178082,4.848006164383549,8.167203835616501,7.332840000000002,0.4931506849315068,-0.8311976712328792,0.5616438356164384,-0.9829186301369863,0.547945205479452,-0.4235261643835806,0.5342465753424658,-2.332686575342475,0.547945205479452
0.4,12,2.0,SEG3,ANY,NORMAL,73,2.4260551678298437,0.5309305886467759,4.917808219178082,4.848006164383549,8.167203835616501,7.332840000000002,0.4931506849315068,-0.8311976712328792,0.5616438356164384,-0.9829186301369863,0.547945205479452,-0.4235261643835806,0.5342465753424658,-2.332686575342475,0.547945205479452
0.4,12,2.0,SEG3,HIGH_FIRST,NORMAL,73,2.4260551678298437,0.5309305886467759,4.917808219178082,4.848006164383549,8.167203835616501,7.332840000000002,0.4931506849315068,-0.8311976712328792,0.5616438356164384,-0.9829186301369863,0.547945205479452,-0.4235261643835806,0.5342465753424658,-2.332686575342475,0.547945205479452
0.35,4,4.0,SEG2_SEG3,ANY,HIGH,60,1.9940179461615155,0.6331281484841028,3.2333333333333334,8.944439333333381,12.70940033333333,10.261249833333341,0.5333333333333333,0.03570283333332706,0.5,-0.6277409999999387,0.5333333333333333,-1.7313289999999142,0.6166666666666667,-3.600933333333334,0.5458333333333334
0.35,4,4.0,SEG2_SEG3,HIGH_FIRST,HIGH,60,1.9940179461615155,0.6331281484841028,3.2333333333333334,8.944439333333381,12.70940033333333,10.261249833333341,0.5333333333333333,0.03570283333332706,0.5,-0.6277409999999387,0.5333333333333333,-1.7313289999999142,0.6166666666666667,-3.600933333333334,0.5458333333333334
0.35,6,2.0,SEG2_SEG3,ANY,NORMAL,66,2.193419740777667,0.5272645433691827,4.484848484848484,4.899347272727262,9.61558348484852,7.810622121212101,0.4696969696969697,-0.910921818181812,0.5757575757575758,-1.5044413636363363,0.5454545454545454,-1.1343077272727125,0.5151515151515151,-2.601359242424237,0.5454545454545454
0.35,6,2.0,SEG2_SEG3,HIGH_FIRST,NORMAL,66,2.193419740777667,0.5272645433691827,4.484848484848484,4.899347272727262,9.61558348484852,7.810622121212101,0.4696969696969697,-0.910921818181812,0.5757575757575758,-1.5044413636363363,0.5454545454545454,-1.1343077272727125,0.5151515151515151,-2.601359242424237,0.5454545454545454
0.4,8,3.0,SEG3,ANY,NORMAL,55,1.8278497839813892,0.5188586953672553,4.6909090909090905,5.568093999999978,8.47294618181829,8.206419636363618,0.4909090909090909,-0.6786338181818461,0.5818181818181818,-0.9827587272727463,0.5272727272727272,-0.37127272727273686,0.5454545454545454,-1.3527281818182184,0.5454545454545454
0.4,8,3.0,SEG3,HIGH_FIRST,NORMAL,55,1.8278497839813892,0.5188586953672553,4.6909090909090905,5.568093999999978,8.47294618181829,8.206419636363618,0.4909090909090909,-0.6786338181818461,0.5818181818181818,-0.9827587272727463,0.5272727272727272,-0.37127272727273686,0.5454545454545454,-1.3527281818182184,0.5454545454545454
0.4,10,3.0,SEG3,ANY,NORMAL,57,1.8943170488534398,0.5173493688154719,4.859649122807017,5.499997543859632,8.24589789473694,8.067504210526302,0.47368421052631576,-0.5843764912280931,0.5614035087719298,-0.8608429824561538,0.5263157894736842,-0.4112817543859739,0.5614035087719298,-1.407256491228102,0.5438596491228069
0.4,10,3.0,SEG3,HIGH_FIRST,NORMAL,57,1.8943170488534398,0.5173493688154719,4.859649122807017,5.499997543859632,8.24589789473694,8.067504210526302,0.47368421052631576,-0.5843764912280931,0.5614035087719298,-0.8608429824561538,0.5263157894736842,-0.4112817543859739,0.5614035087719298,-1.407256491228102,0.5438596491228069
0.4,12,3.0,SEG3,ANY,NORMAL,57,1.8943170488534398,0.5173493688154719,4.859649122807017,5.499997543859632,8.24589789473694,8.067504210526302,0.47368421052631576,-0.5843764912280931,0.5614035087719298,-0.8608429824561538,0.5263157894736842,-0.4112817543859739,0.5614035087719298,-1.407256491228102,0.5438596491228069
0.4,12,3.0,SEG3,HIGH_FIRST,NORMAL,57,1.8943170488534398,0.5173493688154719,4.859649122807017,5.499997543859632,8.24589789473694,8.067504210526302,0.47368421052631576,-0.5843764912280931,0.5614035087719298,-0.8608429824561538,0.5263157894736842,-0.4112817543859739,0.5614035087719298,-1.407256491228102,0.5438596491228069
0.35,8,0.0,SEG3,ANY,NORMAL,138,4.586241276171486,0.4974714814572577,5.050724637681159,3.4370883333333,7.999095797101481,7.505715362318811,0.463768115942029,-0.3763318115942197,0.5362318840579711,-0.622223623188423,0.5507246376811594,-0.39902355072463846,0.5362318840579711,-2.116322463768131,0.5434782608695653
0.35,8,0.0,SEG3,HIGH_FIRST,NORMAL,138,4.586241276171486,0.4974714814572577,5.050724637681159,3.4370883333333,7.999095797101481,7.505715362318811,0.463768115942029,-0.3763318115942197,0.5362318840579711,-0.622223623188423,0.5507246376811594,-0.39902355072463846,0.5362318840579711,-2.116322463768131,0.5434782608695653
0.35,8,0.0,SEG2_SEG3,ANY,NORMAL,115,3.8218677301429045,0.5116533852156036,5.095652173913043,3.494145478260828,8.341046869565226,7.423058695652162,0.4608695652173913,-0.49820017391305593,0.5391304347826087,-0.9398165217391262,0.5478260869565217,-0.6987096521738907,0.5391304347826087,-2.649218521739148,0.5434782608695652
0.35,8,0.0,SEG2_SEG3,HIGH_FIRST,NORMAL,115,3.8218677301429045,0.5116533852156036,5.095652173913043,3.494145478260828,8.341046869565226,7.423058695652162,0.4608695652173913,-0.49820017391305593,0.5391304347826087,-0.9398165217391262,0.5478260869565217,-0.6987096521738907,0.5391304347826087,-2.649218521739148,0.5434782608695652
0.35,4,2.0,SEG2_SEG3,ANY,HIGH,89,2.9577932868062478,0.6403349680108179,3.337078651685393,6.973037528089948,11.769224044943815,10.15985134831462,0.5617977528089888,-0.60742348314606,0.5168539325842697,-0.8634167415729832,0.5280898876404494,-1.3783849438201552,0.5955056179775281,-2.2332439325842706,0.5421348314606741
0.35,4,2.0,SEG2_SEG3,HIGH_FIRST,HIGH,89,2.9577932868062478,0.6403349680108179,3.337078651685393,6.973037528089948,11.769224044943815,10.15985134831462,0.5617977528089888,-0.60742348314606,0.5168539325842697,-0.8634167415729832,0.5280898876404494,-1.3783849438201552,0.5955056179775281,-2.2332439325842706,0.5421348314606741
0.4,8,1.0,SEG2_SEG3,ANY,NORMAL,84,2.7916251246261217,0.5333570929775129,4.940476190476191,4.133746785714276,8.437645952380969,7.580341428571457,0.4523809523809524,-0.7231754761904605,0.5476190476190477,-1.1110234523809293,0.5476190476190477,-0.8057184523809372,0.5238095238095238,-2.4987933333333268,0.5416666666666667
0.4,8,1.0,SEG2_SEG3,HIGH_FIRST,NORMAL,84,2.7916251246261217,0.5333570929775129,4.940476190476191,4.133746785714276,8.437645952380969,7.580341428571457,0.4523809523809524,-0.7231754761904605,0.5476190476190477,-1.1110234523809293,0.5476190476190477,-0.8057184523809372,0.5238095238095238,-2.4987933333333268,0.5416666666666667
0.4,10,1.0,SEG2_SEG3,ANY,NORMAL,86,2.858092389498172,0.5320195533417901,5.046511627906977,4.121969999999993,8.287981395348847,7.502829534883753,0.4418604651162791,-0.6596667441860286,0.5348837209302325,-1.0272359302325322,0.5465116279069767,-0.8221326744185897,0.5348837209302325,-2.508281511627898,0.5406976744186046
0.4,10,1.0,SEG2_SEG3,HIGH_FIRST,NORMAL,86,2.858092389498172,0.5320195533417901,5.046511627906977,4.121969999999993,8.287981395348847,7.502829534883753,0.4418604651162791,-0.6596667441860286,0.5348837209302325,-1.0272359302325322,0.5465116279069767,-0.8221326744185897,0.5348837209302325,-2.508281511627898,0.5406976744186046
0.4,12,1.0,SEG2_SEG3,ANY,NORMAL,86,2.858092389498172,0.5320195533417901,5.046511627906977,4.121969999999993,8.287981395348847,7.502829534883753,0.4418604651162791,-0.6596667441860286,0.5348837209302325,-1.0272359302325322,0.5465116279069767,-0.8221326744185897,0.5348837209302325,-2.508281511627898,0.5406976744186046
0.4,12,1.0,SEG2_SEG3,HIGH_FIRST,NORMAL,86,2.858092389498172,0.5320195533417901,5.046511627906977,4.121969999999993,8.287981395348847,7.502829534883753,0.4418604651162791,-0.6596667441860286,0.5348837209302325,-1.0272359302325322,0.5465116279069767,-0.8221326744185897,0.5348837209302325,-2.508281511627898,0.5406976744186046
0.35,10,0.0,SEG3,ANY,NORMAL,143,4.752409438351612,0.494586964139638,5.195804195804196,3.3970950349650044,7.8462857342657575,7.453276993006972,0.45454545454545453,-0.3275490209790322,0.5244755244755245,-0.5799067832167979,0.5454545454545454,-0.38459622377622765,0.5454545454545454,-2.4317492307692428,0.5402097902097902
0.35,10,0.0,SEG3,HIGH_FIRST,NORMAL,143,4.752409438351612,0.494586964139638,5.195804195804196,3.3970950349650044,7.8462857342657575,7.453276993006972,0.45454545454545453,-0.3275490209790322,0.5244755244755245,-0.5799067832167979,0.5454545454545454,-0.38459622377622765,0.5454545454545454,-2.4317492307692428,0.5402097902097902
0.35,12,0.0,SEG3,ANY,NORMAL,143,4.752409438351612,0.494586964139638,5.195804195804196,3.3970950349650044,7.8462857342657575,7.453276993006972,0.45454545454545453,-0.3275490209790322,0.5244755244755245,-0.5799067832167979,0.5454545454545454,-0.38459622377622765,0.5454545454545454,-2.4317492307692428,0.5402097902097902
0.35,12,0.0,SEG3,HIGH_FIRST,NORMAL,143,4.752409438351612,0.494586964139638,5.195804195804196,3.3970950349650044,7.8462857342657575,7.453276993006972,0.45454545454545453,-0.3275490209790322,0.5244755244755245,-0.5799067832167979,0.5454545454545454,-0.38459622377622765,0.5454545454545454,-2.4317492307692428,0.5402097902097902
0.35,10,0.0,SEG2_SEG3,ANY,NORMAL,120,3.988035892323031,0.5076250894221757,5.266666666666667,3.444109416666629,8.144700249999998,7.364013666666665,0.45,-0.434989500000006,0.525,-0.8761559166666605,0.5416666666666666,-0.669030166666649,0.55,-3.0028980833333474,0.5395833333333333
0.35,10,0.0,SEG2_SEG3,HIGH_FIRST,NORMAL,120,3.988035892323031,0.5076250894221757,5.266666666666667,3.444109416666629,8.144700249999998,7.364013666666665,0.45,-0.434989500000006,0.525,-0.8761559166666605,0.5416666666666666,-0.669030166666649,0.55,-3.0028980833333474,0.5395833333333333
0.35,12,0.0,SEG2_SEG3,ANY,NORMAL,120,3.988035892323031,0.5076250894221757,5.266666666666667,3.444109416666629,8.144700249999998,7.364013666666665,0.45,-0.434989500000006,0.525,-0.8761559166666605,0.5416666666666666,-0.669030166666649,0.55,-3.0028980833333474,0.5395833333333333
0.35,12,0.0,SEG2_SEG3,HIGH_FIRST,NORMAL,120,3.988035892323031,0.5076250894221757,5.266666666666667,3.444109416666629,8.144700249999998,7.364013666666665,0.45,-0.434989500000006,0.525,-0.8761559166666605,0.5416666666666666,-0.669030166666649,0.55,-3.0028980833333474,0.5395833333333333
0.4,8,3.0,SEG2_SEG3,ANY,NORMAL,51,1.694915254237288,0.5200769934830396,4.686274509803922,5.574915490196034,8.71636098039226,8.223597058823508,0.47058823529411764,-0.6490105882353151,0.5882352941176471,-1.2869964705882386,0.5098039215686274,-0.4419731372549013,0.5490196078431373,-1.2869045098039564,0.5392156862745099
0.4,8,3.0,SEG2_SEG3,HIGH_FIRST,NORMAL,51,1.694915254237288,0.5200769934830396,4.686274509803922,5.574915490196034,8.71636098039226,8.223597058823508,0.47058823529411764,-0.6490105882353151,0.5882352941176471,-1.2869964705882386,0.5098039215686274,-0.4419731372549013,0.5490196078431373,-1.2869045098039564,0.5392156862745099
0.35,4,0.0,SEG3,ANY,NORMAL,52,1.7281488866733135,0.5354429736598276,3.326923076923077,3.808260961538508,8.142865000000056,8.538365769230678,0.4423076923076923,-0.5053396153846279,0.5192307692307693,-0.3591300000000851,0.5384615384615384,1.3610242307691771,0.5576923076923077,-2.3372669230769816,0.5384615384615385
0.35,4,0.0,SEG3,HIGH_FIRST,NORMAL,52,1.7281488866733135,0.5354429736598276,3.326923076923077,3.808260961538508,8.142865000000056,8.538365769230678,0.4423076923076923,-0.5053396153846279,0.5192307692307693,-0.3591300000000851,0.5384615384615384,1.3610242307691771,0.5576923076923077,-2.3372669230769816,0.5384615384615385
0.4,6,1.0,SEG3,ANY,NORMAL,78,2.59222333000997,0.5422751215235645,4.564102564102564,4.326783461538473,8.501554230769269,7.723975897435903,0.5,-1.1656152564102495,0.5256410256410257,-1.1480011538461463,0.5512820512820513,-0.7994920512820639,0.5256410256410257,-3.3192865384615358,0.5384615384615384
0.4,6,1.0,SEG3,HIGH_FIRST,NORMAL,78,2.59222333000997,0.5422751215235645,4.564102564102564,4.326783461538473,8.501554230769269,7.723975897435903,0.5,-1.1656152564102495,0.5256410256410257,-1.1480011538461463,0.5512820512820513,-0.7994920512820639,0.5256410256410257,-3.3192865384615358,0.5384615384615384
0.4,10,3.0,SEG2_SEG3,ANY,NORMAL,53,1.7613825191093386,0.5184077819795826,4.867924528301887,5.5014222641509045,8.462991509434053,8.073549245283003,0.4528301886792453,-0.5487573584905819,0.5660377358490566,-1.1443988679245263,0.5094339622641509,-0.48233377358490476,0.5660377358490566,-1.3480320754717279,0.5377358490566038
0.4,10,3.0,SEG2_SEG3,HIGH_FIRST,NORMAL,53,1.7613825191093386,0.5184077819795826,4.867924528301887,5.5014222641509045,8.462991509434053,8.073549245283003,0.4528301886792453,-0.5487573584905819,0.5660377358490566,-1.1443988679245263,0.5094339622641509,-0.48233377358490476,0.5660377358490566,-1.3480320754717279,0.5377358490566038
0.4,12,3.0,SEG2_SEG3,ANY,NORMAL,53,1.7613825191093386,0.5184077819795826,4.867924528301887,5.5014222641509045,8.462991509434053,8.073549245283003,0.4528301886792453,-0.5487573584905819,0.5660377358490566,-1.1443988679245263,0.5094339622641509,-0.48233377358490476,0.5660377358490566,-1.3480320754717279,0.5377358490566038
0.4,12,3.0,SEG2_SEG3,HIGH_FIRST,NORMAL,53,1.7613825191093386,0.5184077819795826,4.867924528301887,5.5014222641509045,8.462991509434053,8.073549245283003,0.4528301886792453,-0.5487573584905819,0.5660377358490566,-1.1443988679245263,0.5094339622641509,-0.48233377358490476,0.5660377358490566,-1.3480320754717279,0.5377358490566038
0.4,4,2.0,SEG2_SEG3,ANY,HIGH,81,2.691924227318046,0.6670020392345931,3.3333333333333335,7.065081481481549,12.023052839506166,10.39058641975309,0.5555555555555556,-0.4973201234567883,0.5061728395061729,-0.758557530864139,0.5185185185185185,-1.398626790123402,0.6049382716049383,-2.2205025925925748,0.537037037037037
0.4,4,2.0,SEG2_SEG3,HIGH_FIRST,HIGH,81,2.691924227318046,0.6670020392345931,3.3333333333333335,7.065081481481549,12.023052839506166,10.39058641975309,0.5555555555555556,-0.4973201234567883,0.5061728395061729,-0.758557530864139,0.5185185185185185,-1.398626790123402,0.6049382716049383,-2.2205025925925748,0.537037037037037
0.4,8,2.0,SEG2_SEG3,ANY,NORMAL,65,2.160186108341642,0.5363459028678165,4.769230769230769,4.909972153846138,8.585247692307746,7.55768046153846,0.47692307692307695,-0.905862307692314,0.5846153846153846,-1.3263155384615297,0.5230769230769231,-0.29555107692308064,0.5076923076923077,-1.8991712307692419,0.5346153846153846
0.4,8,2.0,SEG2_SEG3,HIGH_FIRST,NORMAL,65,2.160186108341642,0.5363459028678165,4.769230769230769,4.909972153846138,8.585247692307746,7.55768046153846,0.47692307692307695,-0.905862307692314,0.5846153846153846,-1.3263155384615297,0.5230769230769231,-0.29555107692308064,0.5076923076923077,-1.8991712307692419,0.5346153846153846
0.4,10,2.0,SEG2_SEG3,ANY,NORMAL,67,2.226653373213692,0.5345398427416556,4.91044776119403,4.871684776119391,8.38873492537318,7.458864029850749,0.4626865671641791,-0.8188902985074655,0.5671641791044776,-1.2123407462686442,0.5223880597014925,-0.33184895522388397,0.5223880597014925,-1.929249253731351,0.5335820895522387
0.4,10,2.0,SEG2_SEG3,HIGH_FIRST,NORMAL,67,2.226653373213692,0.5345398427416556,4.91044776119403,4.871684776119391,8.38873492537318,7.458864029850749,0.4626865671641791,-0.8188902985074655,0.5671641791044776,-1.2123407462686442,0.5223880597014925,-0.33184895522388397,0.5223880597014925,-1.929249253731351,0.5335820895522387
0.4,12,2.0,SEG2_SEG3,ANY,NORMAL,67,2.226653373213692,0.5345398427416556,4.91044776119403,4.871684776119391,8.38873492537318,7.458864029850749,0.4626865671641791,-0.8188902985074655,0.5671641791044776,-1.2123407462686442,0.5223880597014925,-0.33184895522388397,0.5223880597014925,-1.929249253731351,0.5335820895522387
0.4,12,2.0,SEG2_SEG3,HIGH_FIRST,NORMAL,67,2.226653373213692,0.5345398427416556,4.91044776119403,4.871684776119391,8.38873492537318,7.458864029850749,0.4626865671641791,-0.8188902985074655,0.5671641791044776,-1.2123407462686442,0.5223880597014925,-0.33184895522388397,0.5223880597014925,-1.929249253731351,0.5335820895522387
0.4,8,0.0,SEG3,ANY,NORMAL,105,3.489531405782652,0.5363064048337818,5.057142857142857,3.64128038095236,7.802182952380991,7.632196761904751,0.45714285714285713,-0.3788873333333478,0.5428571428571428,-0.5089384761904945,0.5428571428571428,-0.2475812380952491,0.5047619047619047,-2.47240904761906,0.5333333333333333
0.4,8,0.0,SEG3,HIGH_FIRST,NORMAL,105,3.489531405782652,0.5363064048337818,5.057142857142857,3.64128038095236,7.802182952380991,7.632196761904751,0.45714285714285713,-0.3788873333333478,0.5428571428571428,-0.5089384761904945,0.5428571428571428,-0.2475812380952491,0.5047619047619047,-2.47240904761906,0.5333333333333333
0.3,10,1.0,SEG3,ANY,NORMAL,153,5.084745762711864,0.4563748643221901,5.065359477124183,4.037238758169919,7.882819150326793,8.16798915032679,0.45098039215686275,-0.060298496732010036,0.5032679738562091,-0.04467444444441925,0.5490196078431373,0.023699803921600014,0.5294117647058824,-1.3917349019607648,0.5326797385620915
0.3,10,1.0,SEG3,HIGH_FIRST,NORMAL,153,5.084745762711864,0.4563748643221901,5.065359477124183,4.037238758169919,7.882819150326793,8.16798915032679,0.45098039215686275,-0.060298496732010036,0.5032679738562091,-0.04467444444441925,0.5490196078431373,0.023699803921600014,0.5294117647058824,-1.3917349019607648,0.5326797385620915
0.3,12,1.0,SEG3,ANY,NORMAL,153,5.084745762711864,0.4563748643221901,5.065359477124183,4.037238758169919,7.882819150326793,8.16798915032679,0.45098039215686275,-0.060298496732010036,0.5032679738562091,-0.04467444444441925,0.5490196078431373,0.023699803921600014,0.5294117647058824,-1.3917349019607648,0.5326797385620915
0.3,12,1.0,SEG3,HIGH_FIRST,NORMAL,153,5.084745762711864,0.4563748643221901,5.065359477124183,4.037238758169919,7.882819150326793,8.16798915032679,0.45098039215686275,-0.060298496732010036,0.5032679738562091,-0.04467444444441925,0.5490196078431373,0.023699803921600014,0.5294117647058824,-1.3917349019607648,0.5326797385620915
0.3,8,1.0,SEG3,ANY,NORMAL,149,4.9518112329677635,0.45755127821818525,4.953020134228188,4.062944228187898,7.878123087248326,8.280111342281867,0.44966442953020136,-0.03376201342280488,0.5100671140939598,-0.03214771812078512,0.5436241610738255,0.1317604026845957,0.5234899328859061,-1.135853624161055,0.5302013422818792
0.3,8,1.0,SEG3,HIGH_FIRST,NORMAL,149,4.9518112329677635,0.45755127821818525,4.953020134228188,4.062944228187898,7.878123087248326,8.280111342281867,0.44966442953020136,-0.03376201342280488,0.5100671140939598,-0.03214771812078512,0.5436241610738255,0.1317604026845957,0.5234899328859061,-1.135853624161055,0.5302013422818792
0.3,10,1.0,SEG2_SEG3,ANY,NORMAL,125,4.1542040545031576,0.47316685591900376,5.136,4.06559711999998,8.239903119999985,8.026737600000004,0.448,-0.22145615999998336,0.504,-0.3031369599999671,0.544,-0.2863454399999573,0.528,-2.076533599999995,0.53
0.3,10,1.0,SEG2_SEG3,HIGH_FIRST,NORMAL,125,4.1542040545031576,0.47316685591900376,5.136,4.06559711999998,8.239903119999985,8.026737600000004,0.448,-0.22145615999998336,0.504,-0.3031369599999671,0.544,-0.2863454399999573,0.528,-2.076533599999995,0.53
0.3,12,1.0,SEG2_SEG3,ANY,NORMAL,125,4.1542040545031576,0.47316685591900376,5.136,4.06559711999998,8.239903119999985,8.026737600000004,0.448,-0.22145615999998336,0.504,-0.3031369599999671,0.544,-0.2863454399999573,0.528,-2.076533599999995,0.53
0.3,12,1.0,SEG2_SEG3,HIGH_FIRST,NORMAL,125,4.1542040545031576,0.47316685591900376,5.136,4.06559711999998,8.239903119999985,8.026737600000004,0.448,-0.22145615999998336,0.504,-0.3031369599999671,0.544,-0.2863454399999573,0.528,-2.076533599999995,0.53
0.35,6,3.0,SEG3,ANY,NORMAL,59,1.9607843137254901,0.5034096187983063,4.389830508474576,5.664985084745764,9.561933559322107,8.458056101694885,0.4915254237288136,-0.8979933898305054,0.576271186440678,-1.3032052542372663,0.5084745762711864,-0.8276920338982903,0.5254237288135594,-0.8659391525423771,0.5296610169491526
0.35,6,3.0,SEG3,HIGH_FIRST,NORMAL,59,1.9607843137254901,0.5034096187983063,4.389830508474576,5.664985084745764,9.561933559322107,8.458056101694885,0.4915254237288136,-0.8979933898305054,0.576271186440678,-1.3032052542372663,0.5084745762711864,-0.8276920338982903,0.5254237288135594,-0.8659391525423771,0.5296610169491526
0.2,4,4.0,SEG2_SEG3,ANY,HIGH,76,2.5257560651379194,0.5588643418963861,3.25,8.890286842105327,11.948680263157891,9.674950394736872,0.5263157894736842,-0.29140342105262407,0.5,-0.6561788157894111,0.5,-1.6228776315788669,0.618421052631579,-3.8037919736841976,0.5296052631578947
0.2,4,4.0,SEG2_SEG3,HIGH_FIRST,HIGH,76,2.5257560651379194,0.5588643418963861,3.25,8.890286842105327,11.948680263157891,9.674950394736872,0.5263157894736842,-0.29140342105262407,0.5,-0.6561788157894111,0.5,-1.6228776315788669,0.618421052631579,-3.8037919736841976,0.5296052631578947
0.2,4,0.0,SEG2_SEG3,ANY,ALL,230,7.643735460285809,0.5236610643129047,3.4043478260869566,5.110159217391304,10.142562913043518,8.870573130434753,0.5260869565217391,-0.5268646521739296,0.5043478260869565,-0.572187913043482,0.5260869565217391,-0.7994130869565157,0.5608695652173913,-2.066626347826104,0.5293478260869565
0.4,6,0.0,SEG3,ANY,NORMAL,87,2.8913260219341974,0.5485462671640612,4.563218390804598,3.930003333333336,8.208489310344875,7.700078735632161,0.47126436781609193,-0.8429227586207058,0.5287356321839081,-0.8626605747126684,0.5402298850574713,-0.45236114942530675,0.5057471264367817,-2.730254482758634,0.5287356321839081
0.4,6,0.0,SEG3,HIGH_FIRST,NORMAL,87,2.8913260219341974,0.5485462671640612,4.563218390804598,3.930003333333336,8.208489310344875,7.700078735632161,0.47126436781609193,-0.8429227586207058,0.5287356321839081,-0.8626605747126684,0.5402298850574713,-0.45236114942530675,0.5057471264367817,-2.730254482758634,0.5287356321839081
0.4,10,0.0,SEG3,ANY,NORMAL,108,3.5892323030907276,0.5340551706507701,5.175925925925926,3.6128874074073902,7.615421666666697,7.587026944444443,0.4444444444444444,-0.2962895370370478,0.5277777777777778,-0.4159790740740879,0.5370370370370371,-0.20334740740741852,0.5092592592592593,-2.4321215740740803,0.5277777777777779
0.4,10,0.0,SEG3,HIGH_FIRST,NORMAL,108,3.5892323030907276,0.5340551706507701,5.175925925925926,3.6128874074073902,7.615421666666697,7.587026944444443,0.4444444444444444,-0.2962895370370478,0.5277777777777778,-0.4159790740740879,0.5370370370370371,-0.20334740740741852,0.5092592592592593,-2.4321215740740803,0.5277777777777779
0.4,12,0.0,SEG3,ANY,NORMAL,108,3.5892323030907276,0.5340551706507701,5.175925925925926,3.6128874074073902,7.615421666666697,7.587026944444443,0.4444444444444444,-0.2962895370370478,0.5277777777777778,-0.4159790740740879,0.5370370370370371,-0.20334740740741852,0.5092592592592593,-2.4321215740740803,0.5277777777777779
0.4,12,0.0,SEG3,HIGH_FIRST,NORMAL,108,3.5892323030907276,0.5340551706507701,5.175925925925926,3.6128874074073902,7.615421666666697,7.587026944444443,0.4444444444444444,-0.2962895370370478,0.5277777777777778,-0.4159790740740879,0.5370370370370371,-0.20334740740741852,0.5092592592592593,-2.4321215740740803,0.5277777777777779
0.35,4,2.0,SEG3,ANY,HIGH,99,3.2901296111665004,0.6247499128650282,3.3333333333333335,6.80777747474754,11.457076767676766,10.0600075757576,0.5555555555555556,-0.41979979797977446,0.494949494949495,-0.6374640404039906,0.5252525252525253,-1.2757876767676073,0.5656565656565656,-1.7940965656565675,0.5277777777777778
0.35,4,2.0,SEG3,HIGH_FIRST,HIGH,99,3.2901296111665004,0.6247499128650282,3.3333333333333335,6.80777747474754,11.457076767676766,10.0600075757576,0.5555555555555556,-0.41979979797977446,0.494949494949495,-0.6374640404039906,0.5252525252525253,-1.2757876767676073,0.5656565656565656,-1.7940965656565675,0.5277777777777778
0.3,6,0.0,SEG3,HIGH_FIRST,QUIET,109,3.622465935526753,0.4356473491192042,4.908256880733945,2.8928376146788586,7.501812844036735,6.678631651376115,0.5137614678899083,-0.36159660550458633,0.5321100917431193,-0.8412951376146898,0.5412844036697247,-0.3679380733945044,0.4954128440366973,-0.6213808256880805,0.5275229357798166
0.35,4,3.0,SEG2_SEG3,ANY,HIGH,73,2.4260551678298437,0.6347219961580657,3.287671232876712,7.966225479452121,11.852584520547948,10.568429178082202,0.547945205479452,-0.3967032876712313,0.4931506849315068,-0.5189953424656866,0.5205479452054794,-0.9515509589040299,0.5753424657534246,-1.011948904109593,0.5273972602739726
0.35,4,3.0,SEG2_SEG3,HIGH_FIRST,HIGH,73,2.4260551678298437,0.6347219961580657,3.287671232876712,7.966225479452121,11.852584520547948,10.568429178082202,0.547945205479452,-0.3967032876712313,0.4931506849315068,-0.5189953424656866,0.5205479452054794,-0.9515509589040299,0.5753424657534246,-1.011948904109593,0.5273972602739726
0.3,4,4.0,SEG2_SEG3,ANY,HIGH,64,2.1269524759056164,0.6139292427420051,3.234375,8.98944437500004,12.719000781249996,10.287421562500008,0.515625,-0.15381062500001264,0.484375,-0.5324295312499387,0.515625,-1.656634687499924,0.59375,-3.331134375000005,0.52734375
0.3,4,4.0,SEG2_SEG3,HIGH_FIRST,HIGH,64,2.1269524759056164,0.6139292427420051,3.234375,8.98944437500004,12.719000781249996,10.287421562500008,0.515625,-0.15381062500001264,0.484375,-0.5324295312499387,0.515625,-1.656634687499924,0.59375,-3.331134375000005,0.52734375
0.35,4,0.0,SEG2_SEG3,ANY,ALL,174,5.782652043868395,0.6044202219645652,3.4022988505747125,5.030207931034492,10.227809137931056,9.068569080459742,0.5344827586206896,-0.4403649425287417,0.5172413793103449,-0.6778040804597707,0.5172413793103449,-0.5529865517241156,0.5574712643678161,-2.382180459770134,0.5272988505747127
0.35,4,0.0,SEG2_SEG3,HIGH_FIRST,ALL,174,5.782652043868395,0.6044202219645652,3.4022988505747125,5.030207931034492,10.227809137931056,9.068569080459742,0.5344827586206896,-0.4403649425287417,0.5172413793103449,-0.6778040804597707,0.5172413793103449,-0.5529865517241156,0.5574712643678161,-2.382180459770134,0.5272988505747127
0.2,4,0.0,SEG2_SEG3,HIGH_FIRST,ALL,229,7.610501827849784,0.5248212765486377,3.4017467248908297,5.121933318777297,9.980802838427987,8.903980087336215,0.5240174672489083,-0.47149729257643425,0.5021834061135371,-0.42562646288210026,0.5240174672489083,-0.6156603930130944,0.5589519650655022,-1.8563331441048188,0.527292576419214
0.3,8,1.0,SEG2_SEG3,ANY,NORMAL,121,4.021269524759056,0.4751706049842146,5.0,4.098188429752039,8.245924793388426,8.16013595041322,0.4462809917355372,-0.19410652892560587,0.512396694214876,-0.29625570247931177,0.5371900826446281,-0.16352851239665045,0.5206611570247934,-1.7840780991735503,0.5268595041322315
0.3,8,1.0,SEG2_SEG3,HIGH_FIRST,NORMAL,121,4.021269524759056,0.4751706049842146,5.0,4.098188429752039,8.245924793388426,8.16013595041322,0.4462809917355372,-0.19410652892560587,0.512396694214876,-0.29625570247931177,0.5371900826446281,-0.16352851239665045,0.5206611570247934,-1.7840780991735503,0.5268595041322315
0.1,4,4.0,SEG2_SEG3,HIGH_FIRST,HIGH,84,2.7916251246261217,0.519311013529042,3.238095238095238,8.85114714285721,11.255024761904755,9.739788452380967,0.4880952380952381,0.033459761904764275,0.4880952380952381,-0.39137511904757394,0.5,-1.1849935714284898,0.6190476190476191,-4.032414166666653,0.5267857142857143
0.3,8,3.0,SEG3,ANY,QUIET,56,1.8610834164174144,0.421495520068656,5.339285714285714,4.9366717857143385,8.618108571428511,6.780912857142872,0.5892857142857143,-0.9221082142856777,0.6071428571428571,-1.092174999999965,0.5178571428571429,-0.8616812499999956,0.4642857142857143,-0.09394124999997595,0.5267857142857143
0.3,8,3.0,SEG3,HIGH_FIRST,QUIET,56,1.8610834164174144,0.421495520068656,5.339285714285714,4.9366717857143385,8.618108571428511,6.780912857142872,0.5892857142857143,-0.9221082142856777,0.6071428571428571,-1.092174999999965,0.5178571428571429,-0.8616812499999956,0.4642857142857143,-0.09394124999997595,0.5267857142857143
0.3,10,3.0,SEG3,ANY,QUIET,56,1.8610834164174144,0.421495520068656,5.339285714285714,4.9366717857143385,8.618108571428511,6.780912857142872,0.5892857142857143,-0.9221082142856777,0.6071428571428571,-1.092174999999965,0.5178571428571429,-0.8616812499999956,0.4642857142857143,-0.09394124999997595,0.5267857142857143
0.3,10,3.0,SEG3,HIGH_FIRST,QUIET,56,1.8610834164174144,0.421495520068656,5.339285714285714,4.9366717857143385,8.618108571428511,6.780912857142872,0.5892857142857143,-0.9221082142856777,0.6071428571428571,-1.092174999999965,0.5178571428571429,-0.8616812499999956,0.4642857142857143,-0.09394124999997595,0.5267857142857143
0.3,12,3.0,SEG3,ANY,QUIET,56,1.8610834164174144,0.421495520068656,5.339285714285714,4.9366717857143385,8.618108571428511,6.780912857142872,0.5892857142857143,-0.9221082142856777,0.6071428571428571,-1.092174999999965,0.5178571428571429,-0.8616812499999956,0.4642857142857143,-0.09394124999997595,0.5267857142857143
0.3,12,3.0,SEG3,HIGH_FIRST,QUIET,56,1.8610834164174144,0.421495520068656,5.339285714285714,4.9366717857143385,8.618108571428511,6.780912857142872,0.5892857142857143,-0.9221082142856777,0.6071428571428571,-1.092174999999965,0.5178571428571429,-0.8616812499999956,0.4642857142857143,-0.09394124999997595,0.5267857142857143
0.35,4,0.0,SEG2_SEG3,ANY,HIGH,114,3.7886340977068795,0.6401071504757072,3.4035087719298245,5.674739122807041,11.431589473684218,9.711734122807025,0.543859649122807,-0.3819320175438558,0.5175438596491229,-0.7627371052631213,0.5087719298245614,-1.3381224561402905,0.5701754385964912,-2.120695526315797,0.5263157894736843
0.35,4,0.0,SEG2_SEG3,HIGH_FIRST,HIGH,114,3.7886340977068795,0.6401071504757072,3.4035087719298245,5.674739122807041,11.431589473684218,9.711734122807025,0.543859649122807,-0.3819320175438558,0.5175438596491229,-0.7627371052631213,0.5087719298245614,-1.3381224561402905,0.5701754385964912,-2.120695526315797,0.5263157894736843
0.1,4,4.0,SEG2_SEG3,ANY,HIGH,86,2.858092389498172,0.5100772456914596,3.244186046511628,8.782193255814015,11.200547441860456,9.723234767441872,0.5,-0.030392325581392786,0.4883720930232558,-0.36877674418601175,0.5,-1.098619651162708,0.6162790697674418,-3.882882558139531,0.5261627906976745
0.1,4,0.0,SEG2_SEG3,ANY,ALL,260,8.640744433366567,0.4802948913586954,3.4115384615384614,5.218654692307687,9.737308538461582,8.775845423076882,0.5153846153846153,-0.3518899615384778,0.5,-0.4742388461538527,0.5230769230769231,-0.5371283846153819,0.5576923076923077,-1.9522636153846318,0.5259615384615385
0.2,4,2.0,SEG2_SEG3,ANY,HIGH,108,3.5892323030907276,0.577647044686506,3.324074074074074,7.1141708333334,11.127816388888892,9.726707314814833,0.5462962962962963,-0.7154914814814725,0.5,-0.7282424074073577,0.5,-1.1620007407406765,0.6018518518518519,-2.4866642592592605,0.525462962962963
0.2,4,2.0,SEG2_SEG3,HIGH_FIRST,HIGH,108,3.5892323030907276,0.577647044686506,3.324074074074074,7.1141708333334,11.127816388888892,9.726707314814833,0.5462962962962963,-0.7154914814814725,0.5,-0.7282424074073577,0.5,-1.1620007407406765,0.6018518518518519,-2.4866642592592605,0.525462962962963
0.3,6,0.0,SEG3,ANY,QUIET,110,3.6556995679627784,0.43445966043856693,4.9,2.874203818181782,7.441238545454582,6.676933727272696,0.509090909090909,-0.35651554545454267,0.5272727272727272,-0.8312051818181896,0.5363636363636364,-0.3224986363636452,0.5,-0.6472105454545561,0.525
0.35,6,3.0,SEG2_SEG3,ANY,NORMAL,50,1.6616816218012629,0.5162394023661065,4.38,5.675859399999963,9.963152200000076,8.65415879999997,0.48,-0.7599243999999998,0.58,-1.4799671999999737,0.5,-1.0102813999999762,0.52,-1.098625200000015,0.525
0.35,6,3.0,SEG2_SEG3,HIGH_FIRST,NORMAL,50,1.6616816218012629,0.5162394023661065,4.38,5.675859399999963,9.963152200000076,8.65415879999997,0.48,-0.7599243999999998,0.58,-1.4799671999999737,0.5,-1.0102813999999762,0.52,-1.098625200000015,0.525
0.3,8,2.0,SEG3,ANY,QUIET,82,2.7251578597540713,0.435828344909602,5.341463414634147,4.186764024390258,7.952927560975596,7.345430487804878,0.5365853658536586,0.04138987804880366,0.5365853658536586,-0.14441158536582652,0.5365853658536586,0.042424756097561175,0.4878048780487805,-0.39762256097559456,0.524390243902439
0.3,8,2.0,SEG3,HIGH_FIRST,QUIET,82,2.7251578597540713,0.435828344909602,5.341463414634147,4.186764024390258,7.952927560975596,7.345430487804878,0.5365853658536586,0.04138987804880366,0.5365853658536586,-0.14441158536582652,0.5365853658536586,0.042424756097561175,0.4878048780487805,-0.39762256097559456,0.524390243902439
0.3,10,2.0,SEG3,ANY,QUIET,82,2.7251578597540713,0.435828344909602,5.341463414634147,4.186764024390258,7.952927560975596,7.345430487804878,0.5365853658536586,0.04138987804880366,0.5365853658536586,-0.14441158536582652,0.5365853658536586,0.042424756097561175,0.4878048780487805,-0.39762256097559456,0.524390243902439
0.3,10,2.0,SEG3,HIGH_FIRST,QUIET,82,2.7251578597540713,0.435828344909602,5.341463414634147,4.186764024390258,7.952927560975596,7.345430487804878,0.5365853658536586,0.04138987804880366,0.5365853658536586,-0.14441158536582652,0.5365853658536586,0.042424756097561175,0.4878048780487805,-0.39762256097559456,0.524390243902439
0.3,12,2.0,SEG3,ANY,QUIET,82,2.7251578597540713,0.435828344909602,5.341463414634147,4.186764024390258,7.952927560975596,7.345430487804878,0.5365853658536586,0.04138987804880366,0.5365853658536586,-0.14441158536582652,0.5365853658536586,0.042424756097561175,0.4878048780487805,-0.39762256097559456,0.524390243902439
0.3,12,2.0,SEG3,HIGH_FIRST,QUIET,82,2.7251578597540713,0.435828344909602,5.341463414634147,4.186764024390258,7.952927560975596,7.345430487804878,0.5365853658536586,0.04138987804880366,0.5365853658536586,-0.14441158536582652,0.5365853658536586,0.042424756097561175,0.4878048780487805,-0.39762256097559456,0.524390243902439
0.4,6,1.0,SEG2_SEG3,ANY,NORMAL,72,2.3928215353938187,0.5467652882047676,4.541666666666667,4.328108194444452,8.739128750000027,7.858375138888903,0.4722222222222222,-1.183257083333318,0.5277777777777778,-1.3342452777777618,0.5277777777777778,-0.7651469444444451,0.5138888888888888,-2.945344305555548,0.5243055555555556
0.4,6,1.0,SEG2_SEG3,HIGH_FIRST,NORMAL,72,2.3928215353938187,0.5467652882047676,4.541666666666667,4.328108194444452,8.739128750000027,7.858375138888903,0.4722222222222222,-1.183257083333318,0.5277777777777778,-1.3342452777777618,0.5277777777777778,-0.7651469444444451,0.5138888888888888,-2.945344305555548,0.5243055555555556
0.3,4,2.0,SEG2_SEG3,ANY,HIGH,94,3.1239614489863743,0.6238337050033737,3.3404255319148937,7.051632872340479,11.699940425531912,10.18982159574469,0.5425531914893617,-0.6903080851063805,0.5,-0.7257342553191005,0.5106382978723404,-1.2128899999999383,0.574468085106383,-1.9253142553191567,0.523936170212766
0.3,4,2.0,SEG2_SEG3,HIGH_FIRST,HIGH,94,3.1239614489863743,0.6238337050033737,3.3404255319148937,7.051632872340479,11.699940425531912,10.18982159574469,0.5425531914893617,-0.6903080851063805,0.5,-0.7257342553191005,0.5106382978723404,-1.2128899999999383,0.574468085106383,-1.9253142553191567,0.523936170212766
0.4,6,2.0,SEG3,ANY,NORMAL,63,2.093718843469591,0.5447042340436627,4.4603174603174605,4.9899322222222215,8.60201238095245,7.865099999999984,0.5079365079365079,-0.9988779365079291,0.5555555555555556,-0.9720592063492101,0.5238095238095238,-0.17997063492065724,0.49206349206349204,-2.392606349206362,0.5238095238095238
0.4,6,2.0,SEG3,HIGH_FIRST,NORMAL,63,2.093718843469591,0.5447042340436627,4.4603174603174605,4.9899322222222215,8.60201238095245,7.865099999999984,0.5079365079365079,-0.9988779365079291,0.5555555555555556,-0.9720592063492101,0.5238095238095238,-0.17997063492065724,0.49206349206349204,-2.392606349206362,0.5238095238095238
0.1,4,2.0,SEG2_SEG3,HIGH_FIRST,HIGH,116,3.85510136257893,0.5477096205039382,3.310344827586207,7.208319051724206,10.682125431034482,9.770089568965526,0.5172413793103449,-0.45099827586206376,0.49137931034482757,-0.5315181034482379,0.5,-0.8766968965516581,0.603448275862069,-2.743054655172414,0.5237068965517242
0.1,4,0.0,SEG2_SEG3,HIGH_FIRST,ALL,256,8.507809903622466,0.4854109549987483,3.40625,5.227516757812499,9.624379570312543,8.82171058593746,0.51171875,-0.29216191406251646,0.49609375,-0.34895550781250506,0.51953125,-0.38905886718749905,0.55859375,-1.8216674218750128,0.5234375
0.1,4,2.0,SEG2_SEG3,ANY,HIGH,118,3.9215686274509802,0.5404985929786681,3.3135593220338984,7.185909067796675,10.652131779661016,9.757511440677971,0.5254237288135594,-0.4893233898305032,0.4915254237288136,-0.512672796610139,0.5,-0.8189717796609499,0.6016949152542372,-2.655927542372888,0.5233050847457628
0.35,4,2.0,SEG3,ANY,ALL,153,5.084745762711864,0.5864330691398847,3.3333333333333335,6.061592026143819,10.170204379084993,9.267449215686272,0.5359477124183006,-0.3450971895424736,0.49673202614379086,-0.4280150326797209,0.5228758169934641,-0.47153928104573267,0.5490196078431373,-1.5813301307189696,0.5228758169934641
0.35,4,2.0,SEG3,HIGH_FIRST,ALL,153,5.084745762711864,0.5864330691398847,3.3333333333333335,6.061592026143819,10.170204379084993,9.267449215686272,0.5359477124183006,-0.3450971895424736,0.49673202614379086,-0.4280150326797209,0.5228758169934641,-0.47153928104573267,0.5490196078431373,-1.5813301307189696,0.5228758169934641
0.35,4,2.0,SEG2_SEG3,ANY,ALL,132,4.386839481555334,0.6064187392619473,3.3106060606060606,6.2954615909091265,10.504938030303055,9.552886818181799,0.5454545454545454,-0.402523181818193,0.5,-0.5968068939393775,0.5151515151515151,-0.4589601515151261,0.5606060606060606,-1.9441928787878962,0.5227272727272727
0.35,4,2.0,SEG2_SEG3,HIGH_FIRST,ALL,132,4.386839481555334,0.6064187392619473,3.3106060606060606,6.2954615909091265,10.504938030303055,9.552886818181799,0.5454545454545454,-0.402523181818193,0.5,-0.5968068939393775,0.5151515151515151,-0.4589601515151261,0.5606060606060606,-1.9441928787878962,0.5227272727272727
0.4,4,2.0,SEG3,ANY,HIGH,88,2.924559654370223,0.6563115141328251,3.3181818181818183,6.928595681818241,11.70998613636363,10.211017727272742,0.5568181818181818,-0.3772463636363506,0.48863636363636365,-0.6811047727272187,0.5113636363636364,-1.1029042045454078,0.5795454545454546,-1.8889160227272492,0.5227272727272727
0.4,4,2.0,SEG3,HIGH_FIRST,HIGH,88,2.924559654370223,0.6563115141328251,3.3181818181818183,6.928595681818241,11.70998613636363,10.211017727272742,0.5568181818181818,-0.3772463636363506,0.48863636363636365,-0.6811047727272187,0.5113636363636364,-1.1029042045454078,0.5795454545454546,-1.8889160227272492,0.5227272727272727
0.4,4,4.0,SEG2_SEG3,ANY,HIGH,55,1.8278497839813892,0.6571626757144685,3.2363636363636363,9.020384909090964,12.81314618181817,10.653377272727274,0.5272727272727272,0.11598854545453088,0.4727272727272727,-0.29950290909083294,0.509090909090909,-1.4614649090908394,0.6,-3.1504765454545205,0.5227272727272727
0.4,4,4.0,SEG2_SEG3,HIGH_FIRST,HIGH,55,1.8278497839813892,0.6571626757144685,3.2363636363636363,9.020384909090964,12.81314618181817,10.653377272727274,0.5272727272727272,0.11598854545453088,0.4727272727272727,-0.29950290909083294,0.509090909090909,-1.4614649090908394,0.6,-3.1504765454545205,0.5227272727272727
0.35,4,4.0,SEG3,ANY,HIGH,67,2.226653373213692,0.618183644853883,3.208955223880597,8.68534298507467,12.333658507462689,10.344570149253741,0.5373134328358209,0.11036686567165056,0.4626865671641791,-0.22650746268650504,0.5223880597014925,-1.6429792537312584,0.582089552238806,-3.157921492537325,0.5223880597014925
0.35,4,4.0,SEG3,HIGH_FIRST,HIGH,67,2.226653373213692,0.618183644853883,3.208955223880597,8.68534298507467,12.333658507462689,10.344570149253741,0.5373134328358209,0.11036686567165056,0.4626865671641791,-0.22650746268650504,0.5223880597014925,-1.6429792537312584,0.582089552238806,-3.157921492537325,0.5223880597014925
0.4,4,0.0,SEG2_SEG3,ANY,HIGH,103,3.4230641409106015,0.668811012894629,3.3883495145631066,5.780240485436921,11.627335339805832,9.906588252427179,0.5533980582524272,-0.3426057281553458,0.5242718446601942,-0.845648252427138,0.49514563106796117,-1.176103300970822,0.5728155339805825,-2.0473954368931913,0.5218446601941747
0.4,4,0.0,SEG2_SEG3,HIGH_FIRST,HIGH,103,3.4230641409106015,0.668811012894629,3.3883495145631066,5.780240485436921,11.627335339805832,9.906588252427179,0.5533980582524272,-0.3426057281553458,0.5242718446601942,-0.845648252427138,0.49514563106796117,-1.176103300970822,0.5728155339805825,-2.0473954368931913,0.5218446601941747
0.35,4,0.0,SEG3,ANY,ALL,211,7.012296444001329,0.5788854512982594,3.4218009478672986,4.681873838862563,9.673830853080593,8.735234028436007,0.5260663507109005,-0.3661014691942996,0.5118483412322274,-0.47543033175356025,0.5165876777251185,-0.42342037914689545,0.5402843601895735,-1.9122991943128147,0.5213270142180095
0.35,4,0.0,SEG3,HIGH_FIRST,ALL,211,7.012296444001329,0.5788854512982594,3.4218009478672986,4.681873838862563,9.673830853080593,8.735234028436007,0.5260663507109005,-0.3661014691942996,0.5118483412322274,-0.47543033175356025,0.5165876777251185,-0.42342037914689545,0.5402843601895735,-1.9122991943128147,0.5213270142180095
0.35,4,1.0,SEG2_SEG3,ANY,ALL,153,5.084745762711864,0.6073187441581103,3.34640522875817,5.643308823529441,10.12865529411768,9.31689614379083,0.5228758169934641,-0.385845620915036,0.5098039215686274,-0.6048189542483569,0.5098039215686274,-0.31422281045749273,0.5555555555555556,-2.019024052287608,0.5212418300653594
0.35,4,1.0,SEG2_SEG3,HIGH_FIRST,ALL,153,5.084745762711864,0.6073187441581103,3.34640522875817,5.643308823529441,10.12865529411768,9.31689614379083,0.5228758169934641,-0.385845620915036,0.5098039215686274,-0.6048189542483569,0.5098039215686274,-0.31422281045749273,0.5555555555555556,-2.019024052287608,0.5212418300653594
0.4,8,0.0,SEG2_SEG3,ANY,NORMAL,96,3.1904287138584246,0.5385692834721666,5.041666666666667,3.673390729166646,8.015063854166684,7.779879270833334,0.4375,-0.3658751041666714,0.5416666666666666,-0.710262187500002,0.5208333333333334,-0.12343885416665519,0.5,-2.1377861458333407,0.5208333333333334
0.4,8,0.0,SEG2_SEG3,HIGH_FIRST,NORMAL,96,3.1904287138584246,0.5385692834721666,5.041666666666667,3.673390729166646,8.015063854166684,7.779879270833334,0.4375,-0.3658751041666714,0.5416666666666666,-0.710262187500002,0.5208333333333334,-0.12343885416665519,0.5,-2.1377861458333407,0.5208333333333334
0.2,4,1.0,SEG2_SEG3,ANY,ALL,207,6.879361914257228,0.5199962758179709,3.357487922705314,5.616377874396153,9.957105072463817,9.095376908212538,0.5169082125603864,-0.4156652657004971,0.4927536231884058,-0.3748495169082047,0.5169082125603864,-0.5527937681159322,0.5555555555555556,-1.6508203864734532,0.5205314009661836
0.1,6,2.0,SEG3,ANY,QUIET,197,6.547025589896975,0.27630572459971225,4.898477157360406,4.107537055837571,8.042081370558375,7.502289340101525,0.49746192893401014,0.17004964467003741,0.49746192893401014,-0.08730634517766431,0.5380710659898477,-0.27035802030457556,0.5076142131979695,-0.8351322335025579,0.5203045685279187
0.1,8,2.0,SEG3,ANY,QUIET,276,9.172482552342972,0.26161293842410005,5.630434782608695,4.083190434782622,8.007311521739119,7.734224528985522,0.4673913043478261,0.4417739492753595,0.5036231884057971,0.004378007246376567,0.5217391304347826,-0.2741692028985347,0.532608695652174,-0.9920355797101585,0.519927536231884
0.1,6,0.0,SEG3,HIGH_FIRST,QUIET,273,9.072781655034895,0.29823279520059526,4.981684981684982,3.152171575091557,7.57007124542125,6.873287509157515,0.5128205128205128,-0.21684864468864698,0.4908424908424908,-0.44146527472527614,0.5384615384615384,-0.3824647985348104,0.5091575091575091,-0.42115336996337,0.5192307692307692
0.2,4,0.0,SEG2_SEG3,ANY,HIGH,134,4.453306746427384,0.5865368609325932,3.3805970149253732,5.943018134328386,10.984194253731362,9.368465522388068,0.5373134328358209,-0.5014158208955213,0.5074626865671642,-0.6715471641790719,0.4925373134328358,-1.2052400746268128,0.582089552238806,-2.3929397014925455,0.5186567164179104
0.2,4,0.0,SEG2_SEG3,HIGH_FIRST,HIGH,134,4.453306746427384,0.5865368609325932,3.3805970149253732,5.943018134328386,10.984194253731362,9.368465522388068,0.5373134328358209,-0.5014158208955213,0.5074626865671642,-0.6715471641790719,0.4925373134328358,-1.2052400746268128,0.582089552238806,-2.3929397014925455,0.5186567164179104
0.3,4,0.0,SEG2_SEG3,ANY,ALL,191,6.347623795280824,0.5791976389756788,3.4083769633507854,5.084919999999998,10.141271623036676,9.393111099476398,0.5130890052356021,-0.27324057591623857,0.5078534031413613,-0.4639835602094312,0.5130890052356021,-0.23462010471201886,0.5392670157068062,-1.5116782198953096,0.5183246073298429
0.3,4,0.0,SEG2_SEG3,HIGH_FIRST,ALL,191,6.347623795280824,0.5791976389756788,3.4083769633507854,5.084919999999998,10.141271623036676,9.393111099476398,0.5130890052356021,-0.27324057591623857,0.5078534031413613,-0.4639835602094312,0.5130890052356021,-0.23462010471201886,0.5392670157068062,-1.5116782198953096,0.5183246073298429
0.2,4,1.0,SEG2_SEG3,HIGH_FIRST,ALL,206,6.846128281821203,0.5212682360776211,3.354368932038835,5.631923932038858,9.77638412621364,9.133605048543668,0.5145631067961165,-0.35357631067962386,0.49029126213592233,-0.21096645631067218,0.5145631067961165,-0.3473278155339707,0.5533980582524272,-1.4150293689320597,0.5182038834951457
0.35,6,0.0,SEG3,ANY,QUIET,85,2.824858757062147,0.467659501779658,4.858823529411764,2.814572823529392,6.873459764705914,6.940363764705864,0.4823529411764706,0.19186188235294407,0.5176470588235295,-0.1476001176470377,0.5176470588235295,-0.014282235294119934,0.5176470588235295,-1.8359452941176482,0.5176470588235295
0.35,6,0.0,SEG3,HIGH_FIRST,QUIET,85,2.824858757062147,0.467659501779658,4.858823529411764,2.814572823529392,6.873459764705914,6.940363764705864,0.4823529411764706,0.19186188235294407,0.5176470588235295,-0.1476001176470377,0.5176470588235295,-0.014282235294119934,0.5176470588235295,-1.8359452941176482,0.5176470588235295
0.1,4,0.0,SEG2_SEG3,HIGH_FIRST,HIGH,142,4.719175805915587,0.5615801022343777,3.3661971830985915,6.0859083802817215,10.62820007042255,9.424087183098592,0.5140845070422535,-0.29741154929577623,0.5,-0.5140369014084268,0.49295774647887325,-0.9697389436619168,0.5845070422535211,-2.607665633802824,0.5176056338028169
0.1,4,0.0,SEG2_SEG3,ANY,HIGH,144,4.785643070787637,0.5554784202104698,3.3680555555555554,6.0831336805555845,10.604370902777791,9.418585694444443,0.5208333333333334,-0.3309500000000014,0.5,-0.49883701388887086,0.4930555555555556,-0.9211441666666107,0.5833333333333334,-2.5381502083333456,0.5173611111111112
0.1,6,3.0,SEG3,HIGH_FIRST,QUIET,119,3.9548022598870056,0.2778112172832271,4.848739495798319,5.0664005882353225,7.774623865546185,7.160087815126055,0.5378151260504201,-0.2792793277310944,0.5126050420168067,-0.3215475630252001,0.5210084033613446,-0.10366831932773907,0.5126050420168067,-0.7047468067226957,0.5168067226890756
0.1,6,1.0,SEG3,ANY,QUIET,253,8.40810900631439,0.2863571377718707,4.91699604743083,3.5188126482213615,7.760693557312245,7.1037303162055485,0.5059288537549407,0.06111158102767293,0.4901185770750988,-0.07033573122528834,0.5375494071146245,-0.5956544664031591,0.5019762845849802,-0.681270513833998,0.516798418972332
0.1,6,0.0,SEG3,ANY,QUIET,301,10.003323363243602,0.28489934161111935,4.980066445182724,3.045321661129557,7.73768302325582,7.016615880398672,0.5016611295681063,-0.24773980066445958,0.4883720930232558,-0.4200407308970101,0.5348837209302325,-0.6091260465116366,0.5083056478405316,-0.5528297342192842,0.5166112956810631
0.1,6,2.0,SEG3,HIGH_FIRST,QUIET,184,6.114988368228647,0.2861012401024785,4.923913043478261,4.158743043478267,7.805914402173913,7.488190597826086,0.5,0.204452826086943,0.4945652173913043,-0.05930358695652756,0.532608695652174,0.12033951086955164,0.5054347826086957,-0.42334461956523517,0.516304347826087
0.1,4,1.0,SEG2_SEG3,ANY,ALL,236,7.8431372549019605,0.4743747323869568,3.3686440677966103,5.691879533898315,9.456478177966149,9.002229025423693,0.5042372881355932,-0.18700266949153918,0.4872881355932203,-0.1978169067796582,0.5127118644067796,-0.23050283898304522,0.5508474576271186,-1.5735575423729038,0.5158898305084746
0.1,6,3.0,SEG3,ANY,QUIET,127,4.2206713193752075,0.26857282441826624,4.850393700787402,4.9944581889764175,7.740569527559023,7.326415669291355,0.5196850393700787,-0.1403117322834579,0.5118110236220472,-0.12658385826770477,0.5196850393700787,-0.19629267716534984,0.5118110236220472,-0.8669165354330733,0.515748031496063
0.1,8,2.0,SEG3,HIGH_FIRST,QUIET,257,8.541043536058492,0.26978645149108194,5.64591439688716,4.147011712062265,7.813647704280153,7.775063424124526,0.4669260700389105,0.4674230739299564,0.5019455252918288,0.042782529182876984,0.5136186770428015,0.1052294552529278,0.5330739299610895,-0.6886511284046826,0.5155642023346303
0.1,8,1.0,SEG3,ANY,QUIET,378,12.562313060817548,0.27254286362225416,5.753968253968254,3.3799748941799144,7.719562142857122,7.22839658730161,0.47619047619047616,0.2266426190476234,0.5026455026455027,-0.17988740740740164,0.5238095238095238,-0.5054916402116149,0.5105820105820106,-0.636989603174605,0.5152116402116402
0.4,10,0.0,SEG2_SEG3,ANY,NORMAL,99,3.2901296111665004,0.5360448195562028,5.171717171717172,3.6414435353535186,7.804873333333343,7.7261278787878895,0.42424242424242425,-0.2761627272727282,0.5252525252525253,-0.6027512121212099,0.5151515151515151,-0.0789456565656459,0.5050505050505051,-2.1039762626262632,0.5151515151515151
0.4,10,0.0,SEG2_SEG3,HIGH_FIRST,NORMAL,99,3.2901296111665004,0.5360448195562028,5.171717171717172,3.6414435353535186,7.804873333333343,7.7261278787878895,0.42424242424242425,-0.2761627272727282,0.5252525252525253,-0.6027512121212099,0.5151515151515151,-0.0789456565656459,0.5050505050505051,-2.1039762626262632,0.5151515151515151
0.4,12,0.0,SEG2_SEG3,ANY,NORMAL,99,3.2901296111665004,0.5360448195562028,5.171717171717172,3.6414435353535186,7.804873333333343,7.7261278787878895,0.42424242424242425,-0.2761627272727282,0.5252525252525253,-0.6027512121212099,0.5151515151515151,-0.0789456565656459,0.5050505050505051,-2.1039762626262632,0.5151515151515151
0.4,12,0.0,SEG2_SEG3,HIGH_FIRST,NORMAL,99,3.2901296111665004,0.5360448195562028,5.171717171717172,3.6414435353535186,7.804873333333343,7.7261278787878895,0.42424242424242425,-0.2761627272727282,0.5252525252525253,-0.6027512121212099,0.5151515151515151,-0.0789456565656459,0.5050505050505051,-2.1039762626262632,0.5151515151515151
0.3,6,2.0,SEG3,ANY,QUIET,66,2.193419740777667,0.4361699750918755,4.848484848484849,4.073357878787874,7.724032575757602,7.269969696969673,0.5151515151515151,0.3415410606060532,0.5151515151515151,-0.006008636363634595,0.5454545454545454,0.05719636363633209,0.45454545454545453,0.20698651515150837,0.5151515151515151
0.3,6,2.0,SEG3,HIGH_FIRST,QUIET,66,2.193419740777667,0.4361699750918755,4.848484848484849,4.073357878787874,7.724032575757602,7.269969696969673,0.5151515151515151,0.3415410606060532,0.5151515151515151,-0.006008636363634595,0.5454545454545454,0.05719636363633209,0.45454545454545453,0.20698651515150837,0.5151515151515151
0.4,4,3.0,SEG2_SEG3,ANY,HIGH,67,2.226653373213692,0.6587578847938734,3.298507462686567,8.029389104477689,12.000708059701497,10.960489701492536,0.5373134328358209,-0.3298074626865733,0.47761194029850745,-0.29480522388052016,0.5074626865671642,-0.786823731343227,0.5671641791044776,-0.6783482089552091,0.5149253731343284
0.4,4,3.0,SEG2_SEG3,HIGH_FIRST,HIGH,67,2.226653373213692,0.6587578847938734,3.298507462686567,8.029389104477689,12.000708059701497,10.960489701492536,0.5373134328358209,-0.3298074626865733,0.47761194029850745,-0.29480522388052016,0.5074626865671642,-0.786823731343227,0.5671641791044776,-0.6783482089552091,0.5149253731343284
0.2,4,0.0,SEG3,HIGH_FIRST,ALL,291,9.67098703888335,0.4955666270214083,3.4192439862542954,4.797180652920961,9.468791580756049,9.070881752577309,0.5189003436426117,-0.3011816494845334,0.5051546391752577,-0.17395945017182998,0.5154639175257731,-0.18830010309277856,0.5223367697594502,-0.9169545704467446,0.5146048109965635
0.3,10,2.0,SEG3,ANY,NORMAL,121,4.021269524759056,0.45645669570407815,4.909090909090909,4.706619752066093,8.043886280991764,8.604102892561958,0.4462809917355372,0.01798099173554288,0.5206611570247934,0.03821669421488855,0.512396694214876,0.6581674380165492,0.512396694214876,-0.6271310743801478,0.5144628099173554
0.3,10,2.0,SEG3,HIGH_FIRST,NORMAL,121,4.021269524759056,0.45645669570407815,4.909090909090909,4.706619752066093,8.043886280991764,8.604102892561958,0.4462809917355372,0.01798099173554288,0.5206611570247934,0.03821669421488855,0.512396694214876,0.6581674380165492,0.512396694214876,-0.6271310743801478,0.5144628099173554
0.3,12,2.0,SEG3,ANY,NORMAL,121,4.021269524759056,0.45645669570407815,4.909090909090909,4.706619752066093,8.043886280991764,8.604102892561958,0.4462809917355372,0.01798099173554288,0.5206611570247934,0.03821669421488855,0.512396694214876,0.6581674380165492,0.512396694214876,-0.6271310743801478,0.5144628099173554
0.3,12,2.0,SEG3,HIGH_FIRST,NORMAL,121,4.021269524759056,0.45645669570407815,4.909090909090909,4.706619752066093,8.043886280991764,8.604102892561958,0.4462809917355372,0.01798099173554288,0.5206611570247934,0.03821669421488855,0.512396694214876,0.6581674380165492,0.512396694214876,-0.6271310743801478,0.5144628099173554
0.2,4,0.0,SEG3,ANY,ALL,298,9.903622465935527,0.48988240168998587,3.4261744966442955,4.716276644295304,9.677472785234936,9.035760100671128,0.5201342281879194,-0.38640536912751655,0.5033557046979866,-0.3686043624161174,0.5134228187919463,-0.39309466442952556,0.5268456375838926,-1.2331337919463234,0.514261744966443
0.1,12,2.0,SEG3,ANY,QUIET,288,9.571286141575275,0.25712774412638073,5.784722222222222,4.07318986111111,7.914873645833331,7.773718715277785,0.4652777777777778,0.47201166666665034,0.5,0.052097430555548385,0.5138888888888888,-0.20391479166665427,0.5277777777777778,-0.7939965625000222,0.5138888888888888
0.1,6,1.0,SEG3,HIGH_FIRST,QUIET,234,7.7766699900299106,0.29718591822157037,4.935897435897436,3.5799509829059883,7.497175512820505,7.089035598290613,0.5128205128205128,0.09924170940171785,0.48717948717948717,-0.048428247863242166,0.5341880341880342,-0.1856719658119676,0.5,-0.23146709401708887,0.5138888888888888
0.2,4,2.0,SEG2_SEG3,ANY,ALL,182,6.048521103356597,0.5155684050657262,3.32967032967033,6.176690384615408,10.06377978021982,9.391628131868114,0.521978021978022,-0.3621780769230959,0.47802197802197804,-0.27693890109888414,0.510989010989011,-0.4643206593406461,0.554945054945055,-1.4270674175824383,0.5137362637362637
0.1,8,0.0,SEG3,HIGH_FIRST,QUIET,420,13.958125623130607,0.28277690484914775,5.857142857142857,2.9534859047618944,7.493711785714274,6.986331714285735,0.4857142857142857,0.011922428571426193,0.5047619047619047,-0.3928767142857071,0.5142857142857142,-0.32089992857142013,0.5214285714285715,-0.4939501904761928,0.5136904761904761
0.1,10,2.0,SEG3,ANY,QUIET,287,9.538052509139249,0.25752652061818604,5.7665505226480835,4.07852801393728,7.904780104529616,7.795794250871088,0.4634146341463415,0.4785967944250703,0.49825783972125437,0.0679110104529537,0.5121951219512195,-0.16992080139371651,0.5296167247386759,-0.8390927526132633,0.5130662020905924
0.1,4,1.0,SEG2_SEG3,HIGH_FIRST,ALL,232,7.71020272515786,0.47991797228336447,3.3620689655172415,5.709817413793119,9.327025000000049,9.056742025862034,0.5,-0.11825297413794496,0.4827586206896552,-0.0548073275862023,0.5086206896551724,-0.061829137931030786,0.5517241379310345,-1.4229219827586392,0.5129310344827587
0.4,6,2.0,SEG2_SEG3,ANY,NORMAL,58,1.927550681289465,0.5484984451739412,4.448275862068965,4.996702758620688,8.932536379310406,7.94141793103447,0.4827586206896552,-1.0010387931034403,0.5689655172413793,-1.2718272413793046,0.5,-0.22332931034483847,0.4827586206896552,-2.0706963793103537,0.5129310344827587
0.4,6,2.0,SEG2_SEG3,HIGH_FIRST,NORMAL,58,1.927550681289465,0.5484984451739412,4.448275862068965,4.996702758620688,8.932536379310406,7.94141793103447,0.4827586206896552,-1.0010387931034403,0.5689655172413793,-1.2718272413793046,0.5,-0.22332931034483847,0.4827586206896552,-2.0706963793103537,0.5129310344827587
0.1,8,3.0,SEG3,ANY,QUIET,174,5.782652043868395,0.2547830817234571,5.5344827586206895,5.011605574712693,7.89028925287352,7.996362413793125,0.4942528735632184,0.15553287356323087,0.5172413793103449,0.05288948275863042,0.5,0.11966752873566858,0.5344827586206896,-0.7603539655172442,0.5129310344827586
0.3,4,0.0,SEG2_SEG3,ANY,HIGH,119,3.9548022598870056,0.6270821115259239,3.403361344537815,5.791373193277329,11.39104756302522,9.754236554621855,0.5294117647058824,-0.456878319327731,0.5042016806722689,-0.6582097478991242,0.4957983193277311,-1.2090870588234748,0.5546218487394958,-1.882185882352954,0.5126050420168067
0.3,4,0.0,SEG2_SEG3,HIGH_FIRST,HIGH,119,3.9548022598870056,0.6270821115259239,3.403361344537815,5.791373193277329,11.39104756302522,9.754236554621855,0.5294117647058824,-0.456878319327731,0.5042016806722689,-0.6582097478991242,0.4957983193277311,-1.2090870588234748,0.5546218487394958,-1.882185882352954,0.5126050420168067
0.35,4,1.0,SEG2_SEG3,ANY,HIGH,100,3.3233632436025258,0.6443629261855862,3.36,6.384676100000052,11.200521700000017,10.075056400000012,0.52,-0.18425629999999274,0.51,-0.4790369999999621,0.49,-0.8163198999999395,0.56,-1.2979125000000158,0.5125
0.35,4,1.0,SEG2_SEG3,HIGH_FIRST,HIGH,100,3.3233632436025258,0.6443629261855862,3.36,6.384676100000052,11.200521700000017,10.075056400000012,0.52,-0.18425629999999274,0.51,-0.4790369999999621,0.49,-0.8163198999999395,0.56,-1.2979125000000158,0.5125
0.4,6,0.0,SEG2_SEG3,ANY,NORMAL,80,2.6586905948820205,0.5536667750972224,4.55,3.9428666249999993,8.479691625000033,7.887228499999987,0.45,-0.8563031250000052,0.525,-1.0077546250000124,0.5125,-0.3847780000000057,0.5,-2.4092878750000066,0.5125
0.4,6,0.0,SEG2_SEG3,HIGH_FIRST,NORMAL,80,2.6586905948820205,0.5536667750972224,4.55,3.9428666249999993,8.479691625000033,7.887228499999987,0.45,-0.8563031250000052,0.525,-1.0077546250000124,0.5125,-0.3847780000000057,0.5,-2.4092878750000066,0.5125
0.3,6,1.0,SEG2_SEG3,ANY,NORMAL,103,3.4230641409106015,0.48498011019392756,4.601941747572815,4.282271456310664,8.470829126213594,8.426712621359204,0.46601941747572817,-0.5516253398057999,0.5048543689320388,-0.5077767961164841,0.5242718446601942,-0.1857348543688963,0.49514563106796117,-1.4699922330097048,0.5121359223300971
0.3,6,1.0,SEG2_SEG3,HIGH_FIRST,NORMAL,103,3.4230641409106015,0.48498011019392756,4.601941747572815,4.282271456310664,8.470829126213594,8.426712621359204,0.46601941747572817,-0.5516253398057999,0.5048543689320388,-0.5077767961164841,0.5242718446601942,-0.1857348543688963,0.49514563106796117,-1.4699922330097048,0.5121359223300971
0.1,8,0.0,SEG3,ANY,QUIET,464,15.42040545031572,0.2716289634000658,5.857758620689655,2.849921982758614,7.634300926724126,7.062584676724157,0.47413793103448276,0.019290193965514783,0.4978448275862069,-0.3626496336206834,0.5150862068965517,-0.5968283405172329,0.5193965517241379,-0.6244465301724278,0.5118534482758621
0.2,8,1.0,SEG2_SEG3,ANY,NORMAL,171,5.682951146560319,0.41085627635658306,5.216374269005848,4.245091988304057,8.302449707602344,8.428191111111111,0.45614035087719296,0.12611175438597558,0.49707602339181284,-0.11901467836254628,0.5263157894736842,-0.21547824561400764,0.49707602339181284,-1.1641330409356616,0.5116959064327485
0.35,4,0.0,SEG3,ANY,HIGH,130,4.320372216683284,0.620338401654228,3.4,5.422354769230808,10.98105230769231,9.58489676923079,0.5461538461538461,-0.31072846153843925,0.5,-0.5644541538461209,0.5,-1.0630483846153207,0.5461538461538461,-1.7069771538461598,0.5115384615384615
0.35,4,0.0,SEG3,HIGH_FIRST,HIGH,130,4.320372216683284,0.620338401654228,3.4,5.422354769230808,10.98105230769231,9.58489676923079,0.5461538461538461,-0.31072846153843925,0.5,-0.5644541538461209,0.5,-1.0630483846153207,0.5461538461538461,-1.7069771538461598,0.5115384615384615
0.2,10,1.0,SEG2_SEG3,ANY,NORMAL,179,5.948820206048521,0.40753711283381894,5.396648044692737,4.20867575418992,8.20389525139664,8.486271452513977,0.45251396648044695,0.160882346368735,0.49162011173184356,-0.04617184357537848,0.5251396648044693,-0.039169888268128866,0.5027932960893855,-1.2832627932960745,0.5111731843575419
0.2,12,1.0,SEG2_SEG3,ANY,NORMAL,179,5.948820206048521,0.40753711283381894,5.396648044692737,4.20867575418992,8.20389525139664,8.486271452513977,0.45251396648044695,0.160882346368735,0.49162011173184356,-0.04617184357537848,0.5251396648044693,-0.039169888268128866,0.5027932960893855,-1.2832627932960745,0.5111731843575419
0.2,4,3.0,SEG2_SEG3,ANY,HIGH,90,2.991026919242273,0.5685275587281127,3.3,8.045833000000075,11.240619777777784,10.022367111111134,0.5333333333333333,-0.5787821111110992,0.4888888888888889,-0.5006187777777137,0.4888888888888889,-0.8679188888888145,0.5777777777777777,-1.4665409999999963,0.5111111111111111
0.2,4,3.0,SEG2_SEG3,HIGH_FIRST,HIGH,90,2.991026919242273,0.5685275587281127,3.3,8.045833000000075,11.240619777777784,10.022367111111134,0.5333333333333333,-0.5787821111110992,0.4888888888888889,-0.5006187777777137,0.4888888888888889,-0.8679188888888145,0.5777777777777777,-1.4665409999999963,0.5111111111111111
0.2,4,2.0,SEG2_SEG3,HIGH_FIRST,ALL,181,6.015287470920572,0.5169915870697908,3.3259668508287294,6.1974793370166035,9.85868674033153,9.436773149171254,0.5193370165745856,-0.29121779005526555,0.47513812154696133,-0.08987911602208286,0.5082872928176796,-0.22998662983424076,0.5524861878453039,-1.1574723756906256,0.511049723756906
0.4,4,1.0,SEG2_SEG3,ANY,HIGH,91,3.0242605516782985,0.671677111159499,3.3516483516483517,6.463765054945105,11.445607472527492,10.25175461538461,0.5164835164835165,-0.05713120879121122,0.5054945054945055,-0.4447010989010578,0.4835164835164835,-0.8263929670329212,0.5714285714285714,-1.416838571428573,0.510989010989011
0.4,4,1.0,SEG2_SEG3,HIGH_FIRST,HIGH,91,3.0242605516782985,0.671677111159499,3.3516483516483517,6.463765054945105,11.445607472527492,10.25175461538461,0.5164835164835165,-0.05713120879121122,0.5054945054945055,-0.4447010989010578,0.4835164835164835,-0.8263929670329212,0.5714285714285714,-1.416838571428573,0.510989010989011
0.3,8,0.0,SEG2_SEG3,ANY,NORMAL,139,4.61947490860751,0.4793156474834709,5.107913669064748,3.625255971222974,7.921127194244609,8.06569589928055,0.43884892086330934,-0.033341007194257075,0.5107913669064749,-0.1725492805755343,0.5107913669064749,0.16448172661873725,0.5107913669064749,-1.639617553956855,0.5107913669064749
0.3,8,0.0,SEG2_SEG3,HIGH_FIRST,NORMAL,139,4.61947490860751,0.4793156474834709,5.107913669064748,3.625255971222974,7.921127194244609,8.06569589928055,0.43884892086330934,-0.033341007194257075,0.5107913669064749,-0.1725492805755343,0.5107913669064749,0.16448172661873725,0.5107913669064749,-1.639617553956855,0.5107913669064749
0.1,8,3.0,SEG3,HIGH_FIRST,QUIET,165,5.483549351944167,0.26166141659560943,5.557575757575758,5.069164121212163,7.890941393939349,7.941981696969715,0.503030303030303,0.08245618181819296,0.5151515151515151,-0.015892909090896204,0.49696969696969695,0.252553757575788,0.5333333333333333,-0.6060496363636406,0.5106060606060606
0.3,8,2.0,SEG3,ANY,NORMAL,118,3.9215686274509802,0.4569592697004876,4.796610169491525,4.737756694915229,8.097348135593254,8.734614152542344,0.4491525423728814,0.027102118644071367,0.5254237288135594,0.07835516949153778,0.5084745762711864,0.7468061864407006,0.5,-0.22047559322032165,0.510593220338983
0.3,8,2.0,SEG3,HIGH_FIRST,NORMAL,118,3.9215686274509802,0.4569592697004876,4.796610169491525,4.737756694915229,8.097348135593254,8.734614152542344,0.4491525423728814,0.027102118644071367,0.5254237288135594,0.07835516949153778,0.5084745762711864,0.7468061864407006,0.5,-0.22047559322032165,0.510593220338983
0.3,10,2.0,SEG2_SEG3,ANY,NORMAL,97,3.22366234629445,0.47384056293062116,4.958762886597938,4.797000515463888,8.488689896907239,8.41861144329895,0.44329896907216493,-0.1556855670103115,0.5257731958762887,-0.32314144329895556,0.5051546391752577,0.2864165979381751,0.5051546391752577,-1.4199651546391765,0.5103092783505154
0.3,10,2.0,SEG2_SEG3,HIGH_FIRST,NORMAL,97,3.22366234629445,0.47384056293062116,4.958762886597938,4.797000515463888,8.488689896907239,8.41861144329895,0.44329896907216493,-0.1556855670103115,0.5257731958762887,-0.32314144329895556,0.5051546391752577,0.2864165979381751,0.5051546391752577,-1.4199651546391765,0.5103092783505154
0.3,12,2.0,SEG2_SEG3,ANY,NORMAL,97,3.22366234629445,0.47384056293062116,4.958762886597938,4.797000515463888,8.488689896907239,8.41861144329895,0.44329896907216493,-0.1556855670103115,0.5257731958762887,-0.32314144329895556,0.5051546391752577,0.2864165979381751,0.5051546391752577,-1.4199651546391765,0.5103092783505154
0.3,12,2.0,SEG2_SEG3,HIGH_FIRST,NORMAL,97,3.22366234629445,0.47384056293062116,4.958762886597938,4.797000515463888,8.488689896907239,8.41861144329895,0.44329896907216493,-0.1556855670103115,0.5257731958762887,-0.32314144329895556,0.5051546391752577,0.2864165979381751,0.5051546391752577,-1.4199651546391765,0.5103092783505154
0.1,4,3.0,SEG2_SEG3,HIGH_FIRST,HIGH,98,3.2568959787304754,0.5338358718147379,3.2857142857142856,8.081219693877626,10.703858775510206,10.049582040816338,0.5,-0.276868469387748,0.47959183673469385,-0.28634295918362446,0.4897959183673469,-0.5542189795917609,0.5816326530612245,-1.8532988775510157,0.5102040816326531
0.1,12,1.0,SEG3,ANY,QUIET,399,13.260219341974079,0.26802392368270617,5.9448621553884715,3.3491929824561484,7.646421478696728,7.288655614035103,0.47368421052631576,0.2722210275689148,0.5037593984962406,-0.16442115288220366,0.5162907268170426,-0.39646837092729575,0.5037593984962406,-0.35035563909775275,0.5100250626566416
0.1,8,1.0,SEG3,HIGH_FIRST,QUIET,350,11.63177135260884,0.28101613738399117,5.771428571428571,3.4362187142857277,7.444827428571413,7.273915142857165,0.48,0.25419914285714706,0.5,-0.11212577142856389,0.5171428571428571,-0.054041914285691224,0.5057142857142857,-0.1762462857142808,0.51
0.1,4,3.0,SEG2_SEG3,ANY,HIGH,100,3.3233632436025258,0.5256043343087032,3.29,8.03731790000007,10.668031599999999,10.029150000000008,0.51,-0.32557469999999283,0.48,-0.26900899999996,0.49,-0.4925528999999233,0.58,-1.7682840000000033,0.51
0.3,6,1.0,SEG3,ANY,NORMAL,128,4.253904951811233,0.46529099040183897,4.5703125,4.244033437500001,7.981868593750011,8.647868593749973,0.4609375,-0.25904976562497595,0.5,-0.11342945312498287,0.5234375,0.30384812500002667,0.4921875,-0.5381430468749784,0.509765625
0.3,6,1.0,SEG3,HIGH_FIRST,NORMAL,128,4.253904951811233,0.46529099040183897,4.5703125,4.244033437500001,7.981868593750011,8.647868593749973,0.4609375,-0.25904976562497595,0.5,-0.11342945312498287,0.5234375,0.30384812500002667,0.4921875,-0.5381430468749784,0.509765625
0.35,4,1.0,SEG3,ANY,ALL,184,6.114988368228647,0.5834372057221142,3.364130434782609,5.288112608695668,9.663507554347861,9.018783097826086,0.5163043478260869,-0.2873786956521569,0.4945652173913043,-0.336571032608689,0.5054347826086957,-0.20549597826084703,0.532608695652174,-1.538851521739154,0.5095108695652174
0.35,4,1.0,SEG3,HIGH_FIRST,ALL,184,6.114988368228647,0.5834372057221142,3.364130434782609,5.288112608695668,9.663507554347861,9.018783097826086,0.5163043478260869,-0.2873786956521569,0.4945652173913043,-0.336571032608689,0.5054347826086957,-0.20549597826084703,0.532608695652174,-1.538851521739154,0.5095108695652174
0.2,4,1.0,SEG3,ANY,ALL,263,8.740445330674643,0.4903830718291836,3.3688212927756656,5.2699338403041915,9.725403155893575,9.288121673003797,0.5171102661596958,-0.2877639163498108,0.49429657794676807,-0.216859315589354,0.5133079847908745,-0.3219212927756607,0.5171102661596958,-0.8988519391635136,0.5095057034220531
0.1,4,2.0,SEG2_SEG3,ANY,ALL,211,7.012296444001329,0.4651500354074123,3.345971563981043,6.184127962085322,9.489175450237006,9.246726777251153,0.5071090047393365,-0.1137740758294019,0.47393364928909953,-0.09238777251183823,0.5071090047393365,-0.1160034123222668,0.5497630331753555,-1.3714029857820105,0.509478672985782
0.1,10,1.0,SEG3,ANY,QUIET,398,13.226985709538052,0.2683388609508078,5.932160804020101,3.3512232663316657,7.63846846733667,7.3033556532663475,0.4723618090452261,0.27646761306531875,0.5025125628140703,-0.1535619095477374,0.5150753768844221,-0.37243891959796793,0.5050251256281407,-0.3817600753768933,0.5094221105527638
0.1,12,2.0,SEG3,HIGH_FIRST,QUIET,269,8.939847125290795,0.2646198413998294,5.810408921933085,4.133457732342,7.7233200371747275,7.815525353159856,0.4646840148698885,0.49865234200741587,0.49814126394052044,0.0921592565055665,0.5055762081784386,0.1635212267658052,0.5278810408921933,-0.4901581040892417,0.5092936802973977
0.2,4,2.0,SEG3,ANY,ALL,220,7.311399135925557,0.4925130214834973,3.340909090909091,6.01023027272729,9.79617159090912,9.43257209090909,0.5181818181818182,-0.2546212272727272,0.4863636363636364,-0.2345963636363463,0.5136363636363637,-0.30565322727271366,0.5227272727272727,-0.7006284090909214,0.509090909090909
0.3,4,1.0,SEG2_SEG3,ANY,ALL,169,5.616483881688269,0.5801476971658583,3.3550295857988166,5.671921479289959,9.928454970414235,9.708531597633103,0.4970414201183432,-0.0835469230769269,0.4970414201183432,-0.24869289940827982,0.5029585798816568,0.08028928994085806,0.5325443786982249,-1.0544811834319794,0.5088757396449705
0.3,4,1.0,SEG2_SEG3,HIGH_FIRST,ALL,169,5.616483881688269,0.5801476971658583,3.3550295857988166,5.671921479289959,9.928454970414235,9.708531597633103,0.4970414201183432,-0.0835469230769269,0.4970414201183432,-0.24869289940827982,0.5029585798816568,0.08028928994085806,0.5325443786982249,-1.0544811834319794,0.5088757396449705
0.2,8,1.0,SEG2_SEG3,HIGH_FIRST,NORMAL,170,5.649717514124294,0.41205156890435274,5.211764705882353,4.248697764705848,8.209613411764712,8.442893117647056,0.45294117647058824,0.17397270588236524,0.49411764705882355,-0.013337176470563731,0.5235294117647059,-0.17412188235291123,0.49411764705882355,-1.0022115294117557,0.5088235294117647
0.3,6,0.0,SEG2_SEG3,ANY,NORMAL,115,3.8218677301429045,0.4900512571918529,4.626086956521739,3.883172956521716,8.373728521739137,8.180787391304314,0.4608695652173913,-0.4492614782608657,0.5130434782608696,-0.475866782608694,0.5130434782608696,-0.15307826086953594,0.4956521739130435,-1.316955913043488,0.508695652173913
0.3,6,0.0,SEG2_SEG3,HIGH_FIRST,NORMAL,115,3.8218677301429045,0.4900512571918529,4.626086956521739,3.883172956521716,8.373728521739137,8.180787391304314,0.4608695652173913,-0.4492614782608657,0.5130434782608696,-0.475866782608694,0.5130434782608696,-0.15307826086953594,0.4956521739130435,-1.316955913043488,0.508695652173913
0.3,10,0.0,SEG2_SEG3,ANY,NORMAL,145,4.818876703223662,0.47613719905047364,5.275862068965517,3.567242206896512,7.817849310344818,7.977347517241365,0.43448275862068964,-0.01870965517242,0.496551724137931,-0.12736310344826365,0.5103448275862069,0.10627303448278828,0.5172413793103449,-1.913248206896568,0.5086206896551724
0.3,10,0.0,SEG2_SEG3,HIGH_FIRST,NORMAL,145,4.818876703223662,0.47613719905047364,5.275862068965517,3.567242206896512,7.817849310344818,7.977347517241365,0.43448275862068964,-0.01870965517242,0.496551724137931,-0.12736310344826365,0.5103448275862069,0.10627303448278828,0.5172413793103449,-1.913248206896568,0.5086206896551724
0.3,12,0.0,SEG2_SEG3,ANY,NORMAL,145,4.818876703223662,0.47613719905047364,5.275862068965517,3.567242206896512,7.817849310344818,7.977347517241365,0.43448275862068964,-0.01870965517242,0.496551724137931,-0.12736310344826365,0.5103448275862069,0.10627303448278828,0.5172413793103449,-1.913248206896568,0.5086206896551724
0.3,12,0.0,SEG2_SEG3,HIGH_FIRST,NORMAL,145,4.818876703223662,0.47613719905047364,5.275862068965517,3.567242206896512,7.817849310344818,7.977347517241365,0.43448275862068964,-0.01870965517242,0.496551724137931,-0.12736310344826365,0.5103448275862069,0.10627303448278828,0.5172413793103449,-1.913248206896568,0.5086206896551724
0.35,4,4.0,SEG2_SEG3,ANY,ALL,88,2.924559654370223,0.5972703999915688,3.2613636363636362,7.982023409090934,10.688261250000034,9.848601477272707,0.5,0.1427609090908959,0.4772727272727273,-0.0827098863635921,0.5,-0.37278363636359946,0.5568181818181818,-1.8876742045454813,0.5085227272727273
0.35,4,4.0,SEG2_SEG3,HIGH_FIRST,ALL,88,2.924559654370223,0.5972703999915688,3.2613636363636362,7.982023409090934,10.688261250000034,9.848601477272707,0.5,0.1427609090908959,0.4772727272727273,-0.0827098863635921,0.5,-0.37278363636359946,0.5568181818181818,-1.8876742045454813,0.5085227272727273
0.3,4,2.0,SEG2_SEG3,ANY,ALL,148,4.918577600531738,0.5754896388338935,3.324324324324324,6.25763114864867,10.235651689189215,9.974579662162126,0.5135135135135135,-0.05552777027028119,0.4864864864864865,-0.1910156081080981,0.5067567567567568,0.007177297297329386,0.5337837837837838,-0.8508790540540727,0.5084459459459459
0.3,4,2.0,SEG2_SEG3,HIGH_FIRST,ALL,148,4.918577600531738,0.5754896388338935,3.324324324324324,6.25763114864867,10.235651689189215,9.974579662162126,0.5135135135135135,-0.05552777027028119,0.4864864864864865,-0.1910156081080981,0.5067567567567568,0.007177297297329386,0.5337837837837838,-0.8508790540540727,0.5084459459459459
0.2,10,1.0,SEG2_SEG3,HIGH_FIRST,NORMAL,178,5.9155865736124955,0.40866003738212275,5.393258426966292,4.211914887640427,8.114677696629208,8.500638988764054,0.449438202247191,0.20678758426968447,0.4887640449438202,0.05516533707869007,0.5224719101123596,0.001318258426996242,0.5,-1.1292879213483016,0.5084269662921348
0.2,12,1.0,SEG2_SEG3,HIGH_FIRST,NORMAL,178,5.9155865736124955,0.40866003738212275,5.393258426966292,4.211914887640427,8.114677696629208,8.500638988764054,0.449438202247191,0.20678758426968447,0.4887640449438202,0.05516533707869007,0.5224719101123596,0.001318258426996242,0.5,-1.1292879213483016,0.5084269662921348
0.1,10,2.0,SEG3,HIGH_FIRST,QUIET,268,8.906613492854769,0.26507484494617856,5.791044776119403,4.139399216417902,7.711796156716425,7.839321940298512,0.4626865671641791,0.505803731343264,0.4962686567164179,0.10924343283581031,0.503731343283582,0.20129626865672157,0.5298507462686567,-0.5373176865671874,0.5083955223880596
0.3,6,1.0,SEG3,ANY,QUIET,90,2.991026919242273,0.4407127370187495,4.8,3.3713333333333138,7.102067111111137,6.945537333333318,0.5222222222222223,0.25847577777778696,0.5111111111111111,-0.0322246666666615,0.5333333333333333,0.021374000000004244,0.45555555555555555,-0.16318522222222276,0.5083333333333333
0.3,6,1.0,SEG3,HIGH_FIRST,QUIET,90,2.991026919242273,0.4407127370187495,4.8,3.3713333333333138,7.102067111111137,6.945537333333318,0.5222222222222223,0.25847577777778696,0.5111111111111111,-0.0322246666666615,0.5333333333333333,0.021374000000004244,0.45555555555555555,-0.16318522222222276,0.5083333333333333
0.35,6,0.0,SEG2_SEG3,ANY,ALL,409,13.59255566633433,0.5612132092007661,4.5843520782396086,4.6152965525672505,9.304875134474326,8.76312831295844,0.48166259168704156,0.007009853300733218,0.5183374083129584,-0.28458227383861656,0.5036674816625917,-0.4364470171148962,0.5061124694376528,-1.1396090464547668,0.5079462102689486
0.35,6,0.0,SEG2_SEG3,HIGH_FIRST,ALL,409,13.59255566633433,0.5612132092007661,4.5843520782396086,4.6152965525672505,9.304875134474326,8.76312831295844,0.48166259168704156,0.007009853300733218,0.5183374083129584,-0.28458227383861656,0.5036674816625917,-0.4364470171148962,0.5061124694376528,-1.1396090464547668,0.5079462102689486
0.2,4,1.0,SEG3,HIGH_FIRST,ALL,258,8.574277168494516,0.4949789780846025,3.364341085271318,5.339257596899234,9.432758798449651,9.316171705426354,0.5155038759689923,-0.18921503875968526,0.49224806201550386,0.01972255813953681,0.5116279069767442,-0.0527803488372024,0.5155038759689923,-0.5772225193798568,0.5077519379844961
0.3,4,0.0,SEG3,HIGH_FIRST,ALL,237,7.876370887337986,0.5505998786034025,3.4261603375527425,4.736715738396621,9.420418734177245,9.222181097046393,0.5021097046413502,-0.16417362869197524,0.5021097046413502,-0.20180810126583248,0.5063291139240507,0.08378911392407226,0.5147679324894515,-0.8221522362869339,0.5073839662447257
0.35,6,0.0,SEG3,ANY,ALL,481,15.985377201728149,0.5461479684853857,4.584199584199585,4.401460790020798,9.009386091476095,8.70489415800416,0.4781704781704782,0.03134723492723193,0.5135135135135135,-0.09002765072764324,0.5051975051975052,-0.21512220374218727,0.5051975051975052,-0.8440992723492716,0.5072765072765072
0.35,6,0.0,SEG3,HIGH_FIRST,ALL,481,15.985377201728149,0.5461479684853857,4.584199584199585,4.401460790020798,9.009386091476095,8.70489415800416,0.4781704781704782,0.03134723492723193,0.5135135135135135,-0.09002765072764324,0.5051975051975052,-0.21512220374218727,0.5051975051975052,-0.8440992723492716,0.5072765072765072
0.3,8,0.0,SEG3,ANY,NORMAL,174,5.782652043868395,0.4614230577830737,5.051724137931035,3.544144942528691,7.444383563218414,8.380926206896515,0.42528735632183906,0.14105712643677126,0.5,0.24048356321838646,0.5114942528735632,0.6390898275862201,0.5057471264367817,-0.9352725287356396,0.507183908045977
0.3,8,0.0,SEG3,HIGH_FIRST,NORMAL,174,5.782652043868395,0.4614230577830737,5.051724137931035,3.544144942528691,7.444383563218414,8.380926206896515,0.42528735632183906,0.14105712643677126,0.5,0.24048356321838646,0.5114942528735632,0.6390898275862201,0.5057471264367817,-0.9352725287356396,0.507183908045977
0.3,4,2.0,SEG3,ANY,HIGH,105,3.489531405782652,0.6078378140080658,3.342857142857143,6.891358285714345,11.354021714285716,10.442010190476212,0.5333333333333333,-0.44036838095236297,0.47619047619047616,-0.49368399999995227,0.5047619047619047,-0.8697456190475567,0.5428571428571428,-1.098693142857151,0.5071428571428571
0.3,4,2.0,SEG3,HIGH_FIRST,HIGH,105,3.489531405782652,0.6078378140080658,3.342857142857143,6.891358285714345,11.354021714285716,10.442010190476212,0.5333333333333333,-0.44036838095236297,0.47619047619047616,-0.49368399999995227,0.5047619047619047,-0.8697456190475567,0.5428571428571428,-1.098693142857151,0.5071428571428571
0.2,4,2.0,SEG3,HIGH_FIRST,ALL,219,7.278165503489531,0.49358398294081907,3.3378995433789953,6.026651917808241,9.625443515981763,9.470070684931509,0.5159817351598174,-0.19548255707762371,0.4840182648401826,-0.07980109589039394,0.5114155251141552,-0.1112553881278402,0.5205479452054794,-0.4744953424657634,0.5068493150684931
0.1,4,0.0,SEG3,HIGH_FIRST,ALL,335,11.133266866068462,0.45064008802710576,3.4328358208955225,4.89777220895522,9.181071373134365,8.948133283582077,0.5134328358208955,-0.17151223880597144,0.49850746268656715,-0.12046698507462965,0.5074626865671642,0.001193492537315061,0.5134328358208955,-0.6720584776119518,0.5067164179104477
0.4,4,0.0,SEG3,ANY,HIGH,114,3.7886340977068795,0.6550090537594841,3.3684210526315788,5.583409912280738,11.236525877192985,9.696337982456146,0.5526315789473685,-0.2936220175438513,0.5087719298245614,-0.7471401754385568,0.4824561403508772,-0.8302314035087253,0.5526315789473685,-1.8594596491227908,0.5065789473684211
0.4,4,0.0,SEG3,HIGH_FIRST,HIGH,114,3.7886340977068795,0.6550090537594841,3.3684210526315788,5.583409912280738,11.236525877192985,9.696337982456146,0.5526315789473685,-0.2936220175438513,0.5087719298245614,-0.7471401754385568,0.4824561403508772,-0.8302314035087253,0.5526315789473685,-1.8594596491227908,0.5065789473684211
0.35,10,2.0,SEG3,ANY,ALL,419,13.924891990694583,0.5386345213271184,5.052505966587113,5.602620119331741,9.46052527446301,9.217576062052512,0.4701670644391408,0.18100248210023334,0.5035799522673031,0.14613665871123244,0.5107398568019093,-0.16758847255368675,0.5011933174224343,-0.6157659904534589,0.506563245823389
0.35,10,2.0,SEG3,HIGH_FIRST,ALL,419,13.924891990694583,0.5386345213271184,5.052505966587113,5.602620119331741,9.46052527446301,9.217576062052512,0.4701670644391408,0.18100248210023334,0.5035799522673031,0.14613665871123244,0.5107398568019093,-0.16758847255368675,0.5011933174224343,-0.6157659904534589,0.506563245823389
0.4,4,0.0,SEG2_SEG3,ANY,ALL,154,5.11797939514789,0.6340426573871141,3.3766233766233764,5.195793181818205,10.096619610389638,9.50978474025971,0.5194805194805194,-0.36850188311688736,0.512987012987013,-0.46847246753245364,0.487012987012987,-0.019289480519457898,0.538961038961039,-1.8682788961038994,0.5064935064935064
0.4,4,0.0,SEG2_SEG3,HIGH_FIRST,ALL,154,5.11797939514789,0.6340426573871141,3.3766233766233764,5.195793181818205,10.096619610389638,9.50978474025971,0.5194805194805194,-0.36850188311688736,0.512987012987013,-0.46847246753245364,0.487012987012987,-0.019289480519457898,0.538961038961039,-1.8682788961038994,0.5064935064935064
0.3,4,3.0,SEG2_SEG3,ANY,HIGH,78,2.59222333000997,0.6151956645755529,3.2948717948717947,7.997277051282108,11.763745256410262,10.578356282051287,0.5256410256410257,-0.5100975641025681,0.47435897435897434,-0.3751485897435265,0.5,-0.7794694871794176,0.5512820512820513,-0.71914230769232,0.5064102564102564
0.3,4,3.0,SEG2_SEG3,HIGH_FIRST,HIGH,78,2.59222333000997,0.6151956645755529,3.2948717948717947,7.997277051282108,11.763745256410262,10.578356282051287,0.5256410256410257,-0.5100975641025681,0.47435897435897434,-0.3751485897435265,0.5,-0.7794694871794176,0.5512820512820513,-0.71914230769232,0.5064102564102564
0.3,4,0.0,SEG3,ANY,ALL,238,7.909604519774011,0.5495679530388886,3.4285714285714284,4.720356092436973,9.384360840336164,9.210709159663846,0.5,-0.1626547478991509,0.5,-0.19983159663866373,0.5042016806722689,0.10289252100842494,0.5168067226890757,-0.8332467647058981,0.5063025210084033
0.2,4,1.0,SEG2_SEG3,ANY,HIGH,120,3.988035892323031,0.5838334735774622,3.341666666666667,6.565931500000052,10.739441666666695,9.631186083333345,0.5166666666666667,-0.3506258333333297,0.5,-0.4244915833333001,0.475,-0.7549016666666148,0.575,-1.7390490000000152,0.50625
0.2,4,1.0,SEG2_SEG3,HIGH_FIRST,HIGH,120,3.988035892323031,0.5838334735774622,3.341666666666667,6.565931500000052,10.739441666666695,9.631186083333345,0.5166666666666667,-0.3506258333333297,0.5,-0.4244915833333001,0.475,-0.7549016666666148,0.575,-1.7390490000000152,0.50625
0.35,6,1.0,SEG2_SEG3,ANY,ALL,366,12.163509471585245,0.561750837983974,4.579234972677596,5.095036557377056,9.400454808743179,9.01717759562842,0.4808743169398907,0.046568169398902744,0.5163934426229508,-0.2369102185792261,0.5027322404371585,-0.37226327868850856,0.5027322404371585,-1.0743615027322448,0.5061475409836066
0.35,6,1.0,SEG2_SEG3,HIGH_FIRST,ALL,366,12.163509471585245,0.561750837983974,4.579234972677596,5.095036557377056,9.400454808743179,9.01717759562842,0.4808743169398907,0.046568169398902744,0.5163934426229508,-0.2369102185792261,0.5027322404371585,-0.37226327868850856,0.5027322404371585,-1.0743615027322448,0.5061475409836066
0.35,10,2.0,SEG2_SEG3,ANY,ALL,366,12.163509471585245,0.5513156548075038,5.040983606557377,5.678329945355191,9.656730218579229,9.15936814207651,0.4781420765027322,0.07705338797813965,0.5109289617486339,-0.10915139344260354,0.505464480874317,-0.2866879234972478,0.5027322404371585,-0.9605068306010921,0.5061475409836066
0.35,10,2.0,SEG2_SEG3,HIGH_FIRST,ALL,366,12.163509471585245,0.5513156548075038,5.040983606557377,5.678329945355191,9.656730218579229,9.15936814207651,0.4781420765027322,0.07705338797813965,0.5109289617486339,-0.10915139344260354,0.505464480874317,-0.2866879234972478,0.5027322404371585,-0.9605068306010921,0.5061475409836066
0.35,12,2.0,SEG2_SEG3,ANY,ALL,366,12.163509471585245,0.5513156548075038,5.040983606557377,5.678329945355191,9.656730218579229,9.15936814207651,0.4781420765027322,0.07705338797813965,0.5109289617486339,-0.10915139344260354,0.505464480874317,-0.2866879234972478,0.5027322404371585,-0.9605068306010921,0.5061475409836066
0.35,12,2.0,SEG2_SEG3,HIGH_FIRST,ALL,366,12.163509471585245,0.5513156548075038,5.040983606557377,5.678329945355191,9.656730218579229,9.15936814207651,0.4781420765027322,0.07705338797813965,0.5109289617486339,-0.10915139344260354,0.505464480874317,-0.2866879234972478,0.5027322404371585,-0.9605068306010921,0.5061475409836066
0.35,8,2.0,SEG3,ANY,ALL,410,13.625789298770355,0.5389057318674143,4.9609756097560975,5.611885414634144,9.526486853658545,9.3008486097561,0.47073170731707314,0.16992697560975037,0.5073170731707317,0.1293084878048897,0.5097560975609756,-0.13918826829267567,0.4975609756097561,-0.5080800000000015,0.5060975609756098
0.35,8,2.0,SEG3,HIGH_FIRST,ALL,410,13.625789298770355,0.5389057318674143,4.9609756097560975,5.611885414634144,9.526486853658545,9.3008486097561,0.47073170731707314,0.16992697560975037,0.5073170731707317,0.1293084878048897,0.5097560975609756,-0.13918826829267567,0.4975609756097561,-0.5080800000000015,0.5060975609756098
0.1,4,2.0,SEG2_SEG3,HIGH_FIRST,ALL,207,6.879361914257228,0.47118449370716287,3.3381642512077296,6.213744299516928,9.34471966183579,9.312548067632818,0.5024154589371981,-0.03530623188407624,0.46859903381642515,0.06993077294687217,0.5024154589371981,0.07525405797102047,0.5507246376811594,-1.1986683574879384,0.5060386473429952
0.1,4,1.0,SEG2_SEG3,HIGH_FIRST,HIGH,128,4.253904951811233,0.5563160311063253,3.328125,6.685518281250054,10.359807656250023,9.676471328125004,0.4921875,-0.13373296874999951,0.4921875,-0.2651946093749764,0.4765625,-0.5217887499999456,0.578125,-2.018128750000013,0.505859375
0.35,6,2.0,SEG2_SEG3,ANY,ALL,301,10.003323363243602,0.5649975118555417,4.501661129568106,5.856635681063126,9.917921196013296,9.326565315614621,0.4850498338870432,0.06057774086378192,0.521594684385382,-0.25377897009965156,0.5016611295681063,-0.43101930232557195,0.4983388704318937,-0.74017983388705,0.5058139534883721
0.35,6,2.0,SEG2_SEG3,HIGH_FIRST,ALL,301,10.003323363243602,0.5649975118555417,4.501661129568106,5.856635681063126,9.917921196013296,9.326565315614621,0.4850498338870432,0.06057774086378192,0.521594684385382,-0.25377897009965156,0.5016611295681063,-0.43101930232557195,0.4983388704318937,-0.74017983388705,0.5058139534883721
0.1,4,1.0,SEG2_SEG3,ANY,HIGH,130,4.320372216683284,0.5496382305741205,3.330769230769231,6.673220000000051,10.337541384615406,9.66649453846154,0.5,-0.17340138461538399,0.49230769230769234,-0.2521861538461368,0.47692307692307695,-0.4748522307691753,0.5769230769230769,-1.9501968461538652,0.5057692307692307
0.1,4,0.0,SEG3,ANY,ALL,352,11.698238617480891,0.43738436033898404,3.4431818181818183,4.7932297443181815,9.2530716761364,8.913596846590895,0.5142045454545454,-0.24923778409090988,0.4943181818181818,-0.19638184659091254,0.5085227272727273,-0.1421305397727224,0.5113636363636364,-0.8471224147727476,0.5056818181818182
0.2,8,1.0,SEG3,HIGH_FIRST,NORMAL,221,7.344632768361582,0.3905970082595564,5.153846153846154,4.359860045248853,8.11800194570136,8.916119321266967,0.4434389140271493,0.5333853393665291,0.502262443438914,0.2751984162896077,0.5203619909502263,0.21656728506789835,0.4796380090497738,-0.2596181447963577,0.505656108597285
0.35,8,2.0,SEG2_SEG3,ANY,ALL,357,11.864406779661017,0.5519468215381615,4.935574229691877,5.690879411764705,9.737430756302523,9.253535854341738,0.4789915966386555,0.06171305322128569,0.5154061624649859,-0.13491369747897622,0.5042016806722689,-0.2570739495798179,0.49859943977591037,-0.8455247899159692,0.5056022408963585
0.35,8,2.0,SEG2_SEG3,HIGH_FIRST,ALL,357,11.864406779661017,0.5519468215381615,4.935574229691877,5.690879411764705,9.737430756302523,9.253535854341738,0.4789915966386555,0.06171305322128569,0.5154061624649859,-0.13491369747897622,0.5042016806722689,-0.2570739495798179,0.49859943977591037,-0.8455247899159692,0.5056022408963585
0.3,10,0.0,SEG3,ANY,NORMAL,180,5.982053838484546,0.45945906064650593,5.188888888888889,3.500115333333295,7.377078944444457,8.299248999999973,0.4222222222222222,0.14703022222221687,0.4888888888888889,0.26311577777777934,0.5111111111111111,0.576379222222234,0.5111111111111111,-1.1791753888888934,0.5055555555555555
0.3,10,0.0,SEG3,HIGH_FIRST,NORMAL,180,5.982053838484546,0.45945906064650593,5.188888888888889,3.500115333333295,7.377078944444457,8.299248999999973,0.4222222222222222,0.14703022222221687,0.4888888888888889,0.26311577777777934,0.5111111111111111,0.576379222222234,0.5111111111111111,-1.1791753888888934,0.5055555555555555
0.3,12,0.0,SEG3,ANY,NORMAL,180,5.982053838484546,0.45945906064650593,5.188888888888889,3.500115333333295,7.377078944444457,8.299248999999973,0.4222222222222222,0.14703022222221687,0.4888888888888889,0.26311577777777934,0.5111111111111111,0.576379222222234,0.5111111111111111,-1.1791753888888934,0.5055555555555555
0.3,12,0.0,SEG3,HIGH_FIRST,NORMAL,180,5.982053838484546,0.45945906064650593,5.188888888888889,3.500115333333295,7.377078944444457,8.299248999999973,0.4222222222222222,0.14703022222221687,0.4888888888888889,0.26311577777777934,0.5111111111111111,0.576379222222234,0.5111111111111111,-1.1791753888888934,0.5055555555555555
0.2,8,1.0,SEG3,ANY,NORMAL,227,7.544034562977734,0.3863430926536325,5.149779735682819,4.332510176211439,8.255349471365646,9.02450621145374,0.44493392070484583,0.45877378854626166,0.5022026431718062,0.15715731277533943,0.5198237885462555,0.25958022026433625,0.4801762114537445,-0.40942074889865615,0.5055066079295154
0.35,10,1.0,SEG2_SEG3,ANY,ALL,458,15.221003655699567,0.5453793253065607,5.170305676855895,4.844670829694327,9.106532991266368,8.81383777292577,0.4650655021834061,0.1364000655021866,0.5109170305676856,-0.10193013100435235,0.5065502183406113,-0.23901995633185513,0.4978165938864629,-1.0214581659388644,0.5054585152838428
0.35,10,1.0,SEG2_SEG3,HIGH_FIRST,ALL,458,15.221003655699567,0.5453793253065607,5.170305676855895,4.844670829694327,9.106532991266368,8.81383777292577,0.4650655021834061,0.1364000655021866,0.5109170305676856,-0.10193013100435235,0.5065502183406113,-0.23901995633185513,0.4978165938864629,-1.0214581659388644,0.5054585152838428
0.35,12,1.0,SEG2_SEG3,ANY,ALL,458,15.221003655699567,0.5453793253065607,5.170305676855895,4.844670829694327,9.106532991266368,8.81383777292577,0.4650655021834061,0.1364000655021866,0.5109170305676856,-0.10193013100435235,0.5065502183406113,-0.23901995633185513,0.4978165938864629,-1.0214581659388644,0.5054585152838428
0.35,12,1.0,SEG2_SEG3,HIGH_FIRST,ALL,458,15.221003655699567,0.5453793253065607,5.170305676855895,4.844670829694327,9.106532991266368,8.81383777292577,0.4650655021834061,0.1364000655021866,0.5109170305676856,-0.10193013100435235,0.5065502183406113,-0.23901995633185513,0.4978165938864629,-1.0214581659388644,0.5054585152838428
0.35,12,2.0,SEG3,ANY,ALL,420,13.958125623130607,0.5394192314187993,5.066666666666666,5.602580619047618,9.424790523809527,9.209435428571433,0.46904761904761905,0.19408609523809012,0.5023809523809524,0.15910266666668293,0.5095238095238095,-0.15364973809522608,0.5,-0.6007912619047591,0.5053571428571428
0.35,12,2.0,SEG3,HIGH_FIRST,ALL,420,13.958125623130607,0.5394192314187993,5.066666666666666,5.602580619047618,9.424790523809527,9.209435428571433,0.46904761904761905,0.19408609523809012,0.5023809523809524,0.15910266666668293,0.5095238095238095,-0.15364973809522608,0.5,-0.6007912619047591,0.5053571428571428
0.3,8,2.0,SEG2_SEG3,ANY,NORMAL,94,3.1239614489863743,0.4750262579652588,4.819148936170213,4.838971808510605,8.569997446808541,8.57652478723402,0.44680851063829785,-0.14977819148936683,0.5319148936170213,-0.284287553191476,0.5,0.3858221276596086,0.48936170212765956,-0.9347859574468106,0.5053191489361702
0.3,8,2.0,SEG2_SEG3,HIGH_FIRST,NORMAL,94,3.1239614489863743,0.4750262579652588,4.819148936170213,4.838971808510605,8.569997446808541,8.57652478723402,0.44680851063829785,-0.14977819148936683,0.5319148936170213,-0.284287553191476,0.5,0.3858221276596086,0.48936170212765956,-0.9347859574468106,0.5053191489361702
0.3,8,0.0,SEG3,HIGH_FIRST,QUIET,154,5.11797939514789,0.4289765071976187,5.642857142857143,2.744159999999974,7.285885714285698,6.657733051948062,0.525974025974026,-0.3278476623376347,0.5324675324675324,-0.6641396103895907,0.5,-0.02541396103895029,0.487012987012987,-0.09395474025973272,0.5048701298701298
0.3,10,0.0,SEG3,HIGH_FIRST,QUIET,158,5.25091392489199,0.4278532830588388,5.734177215189874,2.6984877848100886,7.238434493670875,6.63900443037975,0.5189873417721519,-0.26093354430377136,0.5316455696202531,-0.587647721518973,0.5,-0.043003544303796326,0.4873417721518987,-0.06464727848100654,0.504746835443038
0.3,12,0.0,SEG3,HIGH_FIRST,QUIET,158,5.25091392489199,0.4278532830588388,5.734177215189874,2.6984877848100886,7.238434493670875,6.63900443037975,0.5189873417721519,-0.26093354430377136,0.5316455696202531,-0.587647721518973,0.5,-0.043003544303796326,0.4873417721518987,-0.06464727848100654,0.504746835443038
0.1,12,1.0,SEG3,HIGH_FIRST,QUIET,369,12.26321036889332,0.276295024790337,5.956639566395664,3.412221842818427,7.385257967479667,7.2783691056910715,0.47696476964769646,0.27317766937668536,0.5013550135501355,-0.1220947425474242,0.5094850948509485,-0.0033964769647507657,0.4986449864498645,0.07604924119240863,0.5047425474254742
0.35,8,1.0,SEG2_SEG3,ANY,ALL,447,14.85543369890329,0.5465173770229078,5.0715883668903805,4.853548322147654,9.166346442953019,8.884867986577184,0.46756152125279643,0.12051042505593042,0.5123042505592841,-0.11136118568231396,0.5055928411633109,-0.22942346756150211,0.49440715883668906,-0.9357429082774076,0.5044742729306487
0.35,8,1.0,SEG2_SEG3,HIGH_FIRST,ALL,447,14.85543369890329,0.5465173770229078,5.0715883668903805,4.853548322147654,9.166346442953019,8.884867986577184,0.46756152125279643,0.12051042505593042,0.5123042505592841,-0.11136118568231396,0.5055928411633109,-0.22942346756150211,0.49440715883668906,-0.9357429082774076,0.5044742729306487
0.3,4,1.0,SEG3,ANY,NORMAL,56,1.8610834164174144,0.4909446547186879,3.25,4.474602321428636,7.636430714285756,10.04643821428564,0.42857142857142855,0.33472410714287143,0.48214285714285715,0.5763771428571138,0.5178571428571429,2.3178117857142655,0.5,0.2919980357142679,0.5044642857142858
0.3,4,1.0,SEG3,HIGH_FIRST,NORMAL,56,1.8610834164174144,0.4909446547186879,3.25,4.474602321428636,7.636430714285756,10.04643821428564,0.42857142857142855,0.33472410714287143,0.48214285714285715,0.5763771428571138,0.5178571428571429,2.3178117857142655,0.5,0.2919980357142679,0.5044642857142858
0.35,6,2.0,SEG3,ANY,ALL,345,11.465603190428714,0.5516532458949205,4.518840579710145,5.698074289855077,9.627670898550734,9.314189594202904,0.4753623188405797,0.19212736231883473,0.5101449275362319,0.053021768115957164,0.5072463768115942,-0.2510749275362247,0.4927536231884058,-0.3344540869565234,0.5043478260869565
0.35,6,2.0,SEG3,HIGH_FIRST,ALL,345,11.465603190428714,0.5516532458949205,4.518840579710145,5.698074289855077,9.627670898550734,9.314189594202904,0.4753623188405797,0.19212736231883473,0.5101449275362319,0.053021768115957164,0.5072463768115942,-0.2510749275362247,0.4927536231884058,-0.3344540869565234,0.5043478260869565
0.2,10,1.0,SEG3,HIGH_FIRST,NORMAL,230,7.643735460285809,0.38831451804842754,5.3130434782608695,4.318486260869557,8.041308565217383,8.924171391304354,0.4434782608695652,0.5298512608695842,0.5,0.2938217391304593,0.5173913043478261,0.33964939130437416,0.4826086956521739,-0.3085645217391056,0.5043478260869565
0.2,12,1.0,SEG3,HIGH_FIRST,NORMAL,230,7.643735460285809,0.38831451804842754,5.3130434782608695,4.318486260869557,8.041308565217383,8.924171391304354,0.4434782608695652,0.5298512608695842,0.5,0.2938217391304593,0.5173913043478261,0.33964939130437416,0.4826086956521739,-0.3085645217391056,0.5043478260869565
0.3,4,2.0,SEG3,ANY,ALL,175,5.81588567630442,0.552988494644391,3.337142857142857,6.052813257142872,9.75807434285717,9.820353428571414,0.5028571428571429,0.026697885714290482,0.4857142857142857,-0.027058628571415153,0.5085714285714286,0.171792742857168,0.5142857142857142,-0.19891222857143864,0.5042857142857142
0.3,4,2.0,SEG3,HIGH_FIRST,ALL,175,5.81588567630442,0.552988494644391,3.337142857142857,6.052813257142872,9.75807434285717,9.820353428571414,0.5028571428571429,0.026697885714290482,0.4857142857142857,-0.027058628571415153,0.5085714285714286,0.171792742857168,0.5142857142857142,-0.19891222857143864,0.5042857142857142
0.2,10,1.0,SEG3,ANY,NORMAL,236,7.8431372549019605,0.3842808574497922,5.305084745762712,4.293231271186434,8.175368093220337,9.02822016949153,0.4449152542372881,0.4581749152542493,0.5,0.17980872881357793,0.5169491525423728,0.37789279661019,0.4830508474576271,-0.4514099152542127,0.5042372881355932
0.2,12,1.0,SEG3,ANY,NORMAL,236,7.8431372549019605,0.3842808574497922,5.305084745762712,4.293231271186434,8.175368093220337,9.02822016949153,0.4449152542372881,0.4581749152542493,0.5,0.17980872881357793,0.5169491525423728,0.37789279661019,0.4830508474576271,-0.4514099152542127,0.5042372881355932
0.2,4,2.0,SEG3,ANY,HIGH,122,4.054503157195081,0.5609510516000411,3.3278688524590163,6.956163196721375,10.736368524590164,10.220586393442654,0.5327868852459017,-0.44128647540980903,0.47540983606557374,-0.41223131147535985,0.4918032786885246,-0.7066478688523931,0.5573770491803278,-1.2061450000000054,0.5040983606557377
0.2,4,2.0,SEG3,HIGH_FIRST,HIGH,122,4.054503157195081,0.5609510516000411,3.3278688524590163,6.956163196721375,10.736368524590164,10.220586393442654,0.5327868852459017,-0.44128647540980903,0.47540983606557374,-0.41223131147535985,0.4918032786885246,-0.7066478688523931,0.5573770491803278,-1.2061450000000054,0.5040983606557377
0.1,10,1.0,SEG3,HIGH_FIRST,QUIET,368,12.229976736457294,0.2766581121104785,5.942934782608695,3.4145889130434766,7.37594692934782,7.2942395652174055,0.47554347826086957,0.2777730434782521,0.5,-0.11023521739130368,0.5081521739130435,0.02366002717393139,0.5,0.04324336956521358,0.5040760869565217
0.3,6,0.0,SEG3,ANY,NORMAL,145,4.818876703223662,0.4678513371205025,4.5793103448275865,3.8001973793103327,7.759785103448303,8.525694482758576,0.4413793103448276,-0.14897455172413487,0.503448275862069,-0.0016416551724181899,0.5103448275862069,0.49020834482760245,0.4896551724137931,-0.4376487586206857,0.503448275862069
0.3,6,0.0,SEG3,HIGH_FIRST,NORMAL,145,4.818876703223662,0.4678513371205025,4.5793103448275865,3.8001973793103327,7.759785103448303,8.525694482758576,0.4413793103448276,-0.14897455172413487,0.503448275862069,-0.0016416551724181899,0.5103448275862069,0.49020834482760245,0.4896551724137931,-0.4376487586206857,0.503448275862069
0.1,6,1.0,SEG3,ANY,NORMAL,230,7.643735460285809,0.35054445226930186,4.726086956521739,4.670795565217389,8.457792130434791,9.172302521739109,0.4652173913043478,0.22909743478261707,0.49130434782608695,0.2040848695652229,0.5173913043478261,0.025120043478273145,0.48695652173913045,-0.8794225652173677,0.5032608695652174
0.35,4,3.0,SEG3,ANY,HIGH,81,2.691924227318046,0.6191626928184911,3.271604938271605,7.7772480246914295,11.471128765432105,10.59714098765434,0.5432098765432098,-0.20727037037034807,0.4567901234567901,-0.11034679012339067,0.5061728395061729,-0.832110370370286,0.5432098765432098,-0.7705609876543349,0.5030864197530864
0.35,4,3.0,SEG3,HIGH_FIRST,HIGH,81,2.691924227318046,0.6191626928184911,3.271604938271605,7.7772480246914295,11.471128765432105,10.59714098765434,0.5432098765432098,-0.20727037037034807,0.4567901234567901,-0.11034679012339067,0.5061728395061729,-0.832110370370286,0.5432098765432098,-0.7705609876543349,0.5030864197530864
0.2,4,4.0,SEG3,ANY,HIGH,86,2.858092389498172,0.5441963902167005,3.2325581395348837,8.65416023255819,11.552633255813948,10.525692441860498,0.5232558139534884,-0.15670023255811324,0.46511627906976744,-0.22672034883714523,0.4883720930232558,-1.139540813953402,0.5697674418604651,-2.3010100000000007,0.502906976744186
0.2,4,4.0,SEG3,HIGH_FIRST,HIGH,86,2.858092389498172,0.5441963902167005,3.2325581395348837,8.65416023255819,11.552633255813948,10.525692441860498,0.5232558139534884,-0.15670023255811324,0.46511627906976744,-0.22672034883714523,0.4883720930232558,-1.139540813953402,0.5697674418604651,-2.3010100000000007,0.502906976744186
0.35,6,2.0,SEG2_SEG3,ANY,HIGH,193,6.414091060152875,0.6003194338868453,4.4404145077720205,6.578245077720216,10.586694093264244,10.24004347150261,0.48186528497409326,0.2730880310880731,0.5077720207253886,0.1213024352331714,0.49740932642487046,-0.4251082901554243,0.5077720207253886,0.023336373056988307,0.5025906735751295
0.35,6,2.0,SEG2_SEG3,HIGH_FIRST,HIGH,193,6.414091060152875,0.6003194338868453,4.4404145077720205,6.578245077720216,10.586694093264244,10.24004347150261,0.48186528497409326,0.2730880310880731,0.5077720207253886,0.1213024352331714,0.49740932642487046,-0.4251082901554243,0.5077720207253886,0.023336373056988307,0.5025906735751295
0.1,12,0.0,SEG3,HIGH_FIRST,QUIET,454,15.088069125955467,0.2766224893993371,6.129955947136564,2.8692638546255207,7.350990528634362,7.049033348017631,0.4779735682819383,0.07614156387663543,0.4955947136563877,-0.2844703744493394,0.5,-0.1324298678414089,0.513215859030837,-0.04590555066080207,0.5022026431718062
0.35,8,0.0,SEG2_SEG3,ANY,ALL,509,16.915918909936856,0.5437179519444035,5.12573673870334,4.324094538310414,9.030272377210208,8.706404086444016,0.46954813359528486,0.06230933202358039,0.5147347740667977,-0.14311762278976664,0.49901768172888017,-0.13566220039291207,0.4950884086444008,-0.7937163457760323,0.5019646365422398
0.35,8,0.0,SEG2_SEG3,HIGH_FIRST,ALL,509,16.915918909936856,0.5437179519444035,5.12573673870334,4.324094538310414,9.030272377210208,8.706404086444016,0.46954813359528486,0.06230933202358039,0.5147347740667977,-0.14311762278976664,0.49901768172888017,-0.13566220039291207,0.4950884086444008,-0.7937163457760323,0.5019646365422398
0.2,8,2.0,SEG3,ANY,QUIET,170,5.649717514124294,0.33625403825351724,5.464705882352941,3.930140117647071,8.005129176470591,7.83243123529413,0.4647058823529412,0.44388499999999753,0.5117647058823529,-0.16752170588236046,0.5058823529411764,0.2032526470588276,0.4823529411764706,0.035203647058808525,0.5014705882352941
0.3,10,1.0,SEG2_SEG3,HIGH_FIRST,ALL,531,17.647058823529413,0.5150559284052723,5.235404896421845,4.840695687382295,8.979304444444441,8.780038305084744,0.4689265536723164,0.1331209416195913,0.5028248587570622,0.050221054613944285,0.5065913370998116,-0.16394225988698669,0.4896421845574388,-0.8047122598870079,0.5014124293785311
0.1,10,3.0,SEG3,ANY,QUIET,183,6.0817547357926225,0.24979192580413834,5.715846994535519,4.980599562841558,7.738442513661171,8.10832005464482,0.48633879781420764,0.19939989071037387,0.5081967213114754,0.1314024590163922,0.48633879781420764,0.34055180327871815,0.5245901639344263,-0.435952896174878,0.5013661202185793
0.1,12,3.0,SEG3,ANY,QUIET,183,6.0817547357926225,0.24979192580413834,5.715846994535519,4.980599562841558,7.738442513661171,8.10832005464482,0.48633879781420764,0.19939989071037387,0.5081967213114754,0.1314024590163922,0.48633879781420764,0.34055180327871815,0.5245901639344263,-0.435952896174878,0.5013661202185793
0.2,8,0.0,SEG2_SEG3,ANY,NORMAL,194,6.4473246925889,0.41559683269321773,5.293814432989691,3.792641958762851,8.049249690721659,8.284759896907198,0.4587628865979381,0.17174927835051057,0.5,-0.09759788659792405,0.5051546391752577,0.09016293814434649,0.4948453608247423,-1.0407594845360906,0.5012886597938144
0.2,6,0.0,SEG3,ANY,QUIET,213,7.07876370887338,0.3431668116284565,4.976525821596244,2.8806491549295536,7.72455967136152,7.122972441314553,0.5023474178403756,-0.14262314553992272,0.48826291079812206,-0.5653023474178532,0.5164319248826291,-0.32689305164319704,0.4835680751173709,0.19319586854459284,0.5011737089201878
0.35,10,0.0,SEG2_SEG3,ANY,ALL,524,17.414423396477236,0.542328810203385,5.240458015267175,4.2978816030534395,8.959341469465635,8.655425973282455,0.46564885496183206,0.06291910305344225,0.5114503816793893,-0.14665282442746144,0.49809160305343514,-0.13087137404578306,0.4961832061068702,-0.8117733587786233,0.5009541984732824
0.35,10,0.0,SEG2_SEG3,HIGH_FIRST,ALL,524,17.414423396477236,0.542328810203385,5.240458015267175,4.2978816030534395,8.959341469465635,8.655425973282455,0.46564885496183206,0.06291910305344225,0.5114503816793893,-0.14665282442746144,0.49809160305343514,-0.13087137404578306,0.4961832061068702,-0.8117733587786233,0.5009541984732824
0.35,12,0.0,SEG2_SEG3,ANY,ALL,524,17.414423396477236,0.542328810203385,5.240458015267175,4.2978816030534395,8.959341469465635,8.655425973282455,0.46564885496183206,0.06291910305344225,0.5114503816793893,-0.14665282442746144,0.49809160305343514,-0.13087137404578306,0.4961832061068702,-0.8117733587786233,0.5009541984732824
0.35,12,0.0,SEG2_SEG3,HIGH_FIRST,ALL,524,17.414423396477236,0.542328810203385,5.240458015267175,4.2978816030534395,8.959341469465635,8.655425973282455,0.46564885496183206,0.06291910305344225,0.5114503816793893,-0.14665282442746144,0.49809160305343514,-0.13087137404578306,0.4961832061068702,-0.8117733587786233,0.5009541984732824
0.3,10,1.0,SEG2_SEG3,ANY,ALL,532,17.680292455965436,0.5146766302014048,5.238721804511278,4.835183289473682,8.964222236842101,8.76881469924812,0.4680451127819549,0.13414862781955444,0.5018796992481203,0.054313101503767815,0.5056390977443609,-0.16066507518795142,0.4906015037593985,-0.8036425000000023,0.5009398496240601
0.3,12,1.0,SEG2_SEG3,HIGH_FIRST,ALL,532,17.680292455965436,0.5147425492726723,5.246240601503759,4.833637499999997,8.963000676691724,8.767096353383456,0.4680451127819549,0.1346954135338397,0.5018796992481203,0.052166184210533255,0.5056390977443609,-0.1615710526315605,0.4906015037593985,-0.8054324060150395,0.5009398496240601
0.1,6,0.0,SEG3,HIGH_FIRST,ALL,926,30.77434363575939,0.394585243247734,4.754859611231102,4.525227559395251,8.67166089632829,8.632152235421172,0.4838012958963283,0.13556922246220893,0.49676025917926564,0.09922928725702786,0.5053995680345572,-0.10428333693303701,0.4956803455723542,-0.45181915766738173,0.5008099352051836
0.1,6,0.0,SEG2_SEG3,HIGH_FIRST,HIGH,346,11.498836822864739,0.5018712719496656,4.566473988439307,5.6976342196531995,9.819532630057795,9.535391387283266,0.4797687861271676,0.2787137572254376,0.5057803468208093,0.29505878612717606,0.4913294797687861,-0.36698089595374295,0.5144508670520231,-1.0063777456647274,0.5007225433526011
0.1,10,0.0,SEG3,HIGH_FIRST,QUIET,450,14.955134596211366,0.27789260845293984,6.084444444444444,2.887774555555525,7.35566628888889,7.096146866666678,0.4777777777777778,0.08488717777776199,0.4955555555555556,-0.26088031111111076,0.49777777777777776,-0.09345686666666451,0.5111111111111111,-0.05637117777778864,0.5005555555555555
0.3,6,0.0,SEG2_SEG3,ANY,ALL,463,15.387171817879695,0.5336666790587649,4.613390928725702,4.617681814254864,9.185108639308858,8.877034233261334,0.4816414686825054,-0.0013994600431926957,0.509719222462203,-0.11126038876888937,0.49892008639308855,-0.22092159827212274,0.4946004319654428,-0.7670895680345616,0.5005399568034558
0.3,6,0.0,SEG2_SEG3,HIGH_FIRST,ALL,463,15.387171817879695,0.5336666790587649,4.613390928725702,4.617681814254864,9.185108639308858,8.877034233261334,0.4816414686825054,-0.0013994600431926957,0.509719222462203,-0.11126038876888937,0.49892008639308855,-0.22092159827212274,0.4946004319654428,-0.7670895680345616,0.5005399568034558
0.3,12,1.0,SEG2_SEG3,ANY,ALL,533,17.713526088401462,0.5143645506510495,5.24953095684803,4.828148686679172,8.947977354596617,8.755918086303938,0.46716697936210133,0.13571821763602762,0.50093808630394,0.056246904315204044,0.5046904315196998,-0.15830446529078876,0.4915572232645403,-0.8043633020637918,0.50046904315197
0.35,8,0.0,SEG3,ANY,ALL,599,19.90694582917913,0.5300403778751178,5.135225375626043,4.1823258263772916,8.819284273789647,8.732182771285482,0.4691151919866444,0.07687212020033418,0.5091819699499165,0.028874791318872828,0.4974958263772955,0.04980808013356645,0.4974958263772955,-0.5162608514190344,0.5004173622704507
0.35,8,0.0,SEG3,HIGH_FIRST,ALL,599,19.90694582917913,0.5300403778751178,5.135225375626043,4.1823258263772916,8.819284273789647,8.732182771285482,0.4691151919866444,0.07687212020033418,0.5091819699499165,0.028874791318872828,0.4974958263772955,0.04980808013356645,0.4974958263772955,-0.5162608514190344,0.5004173622704507
0.1,12,0.0,SEG3,ANY,QUIET,503,16.716517115320705,0.26585515526958087,6.139165009940358,2.7604235586480863,7.472212842942344,7.176021769383709,0.4671968190854871,0.09789763419481391,0.48906560636182905,-0.2517974751491043,0.4990059642147117,-0.3320202385685855,0.5129224652087475,-0.17154457256463043,0.5
0.2,6,0.0,SEG2_SEG3,ANY,HIGH,315,10.468594217347956,0.5357454117708368,4.542857142857143,5.567932952380975,9.99171041269841,9.565253396825423,0.4888888888888889,0.22071647619047455,0.5111111111111111,0.1669027301587405,0.4857142857142857,-0.28084542857141637,0.5174603174603175,-0.9104322539682514,0.5
0.2,6,0.0,SEG2_SEG3,HIGH_FIRST,HIGH,315,10.468594217347956,0.5357454117708368,4.542857142857143,5.567932952380975,9.99171041269841,9.565253396825423,0.4888888888888889,0.22071647619047455,0.5111111111111111,0.1669027301587405,0.4857142857142857,-0.28084542857141637,0.5174603174603175,-0.9104322539682514,0.5
0.1,6,1.0,SEG3,HIGH_FIRST,NORMAL,221,7.344632768361582,0.3570657367370416,4.719457013574661,4.724730995475108,8.319774705882358,9.14195470588233,0.46153846153846156,0.3473685520362116,0.48868778280542985,0.338464343891415,0.5113122171945701,0.0391507239819146,0.48868778280542985,-0.7061332126696631,0.5
0.2,6,0.0,SEG3,HIGH_FIRST,QUIET,207,6.879361914257228,0.3458767660060547,4.990338164251208,2.9276229951690587,7.494319033816443,7.162182753623192,0.5072463768115942,-0.10552183574880447,0.48792270531400966,-0.36170463768117456,0.5169082125603864,-0.008800144927540209,0.4782608695652174,0.5792423671497609,0.5
0.2,4,4.0,SEG2_SEG3,ANY,ALL,123,4.087736789631107,0.5061690339830057,3.2764227642276422,7.76752813008135,10.021339268292712,9.819103252032512,0.4959349593495935,-0.002655121951229967,0.4715447154471545,0.3396799186992256,0.4878048780487805,-0.1571207317072778,0.5528455284552846,-1.5227910569105767,0.5
0.2,4,4.0,SEG2_SEG3,HIGH_FIRST,ALL,123,4.087736789631107,0.5061690339830057,3.2764227642276422,7.76752813008135,10.021339268292712,9.819103252032512,0.4959349593495935,-0.002655121951229967,0.4715447154471545,0.3396799186992256,0.4878048780487805,-0.1571207317072778,0.5528455284552846,-1.5227910569105767,0.5
0.35,4,3.0,SEG2_SEG3,ANY,ALL,107,3.5559986706547027,0.5997903130729461,3.289719626168224,7.181004112149554,10.21177607476639,10.014133644859795,0.514018691588785,-0.1098033644860016,0.4766355140186916,-0.08276532710276378,0.4953271028037383,0.07223934579442103,0.5327102803738317,-0.3992761682243284,0.5
0.35,4,3.0,SEG2_SEG3,HIGH_FIRST,ALL,107,3.5559986706547027,0.5997903130729461,3.289719626168224,7.181004112149554,10.21177607476639,10.014133644859795,0.514018691588785,-0.1098033644860016,0.4766355140186916,-0.08276532710276378,0.4953271028037383,0.07223934579442103,0.5327102803738317,-0.3992761682243284,0.5
0.3,10,3.0,SEG2_SEG3,ANY,NORMAL,76,2.5257560651379194,0.4636858462297975,4.907894736842105,5.448425789473635,8.558750789473732,9.21145605263156,0.42105263157894735,0.12877460526315668,0.5131578947368421,-0.07392631578945959,0.4868421052631579,0.5475361842105713,0.5131578947368421,-0.3825393421052647,0.5
0.3,10,3.0,SEG2_SEG3,HIGH_FIRST,NORMAL,76,2.5257560651379194,0.4636858462297975,4.907894736842105,5.448425789473635,8.558750789473732,9.21145605263156,0.42105263157894735,0.12877460526315668,0.5131578947368421,-0.07392631578945959,0.4868421052631579,0.5475361842105713,0.5131578947368421,-0.3825393421052647,0.5
0.3,12,3.0,SEG2_SEG3,ANY,NORMAL,76,2.5257560651379194,0.4636858462297975,4.907894736842105,5.448425789473635,8.558750789473732,9.21145605263156,0.42105263157894735,0.12877460526315668,0.5131578947368421,-0.07392631578945959,0.4868421052631579,0.5475361842105713,0.5131578947368421,-0.3825393421052647,0.5
0.3,12,3.0,SEG2_SEG3,HIGH_FIRST,NORMAL,76,2.5257560651379194,0.4636858462297975,4.907894736842105,5.448425789473635,8.558750789473732,9.21145605263156,0.42105263157894735,0.12877460526315668,0.5131578947368421,-0.07392631578945959,0.4868421052631579,0.5475361842105713,0.5131578947368421,-0.3825393421052647,0.5
0.3,4,4.0,SEG3,ANY,HIGH,72,2.3928215353938187,0.5978369418264876,3.2222222222222223,8.72146611111115,12.269380138888891,10.870278472222234,0.5138888888888888,0.021643055555557567,0.4444444444444444,-0.1241663888888272,0.5,-1.1931861111110353,0.5555555555555556,-2.2811629166666814,0.5
0.3,4,4.0,SEG3,HIGH_FIRST,HIGH,72,2.3928215353938187,0.5978369418264876,3.2222222222222223,8.72146611111115,12.269380138888891,10.870278472222234,0.5138888888888888,0.021643055555557567,0.4444444444444444,-0.1241663888888272,0.5,-1.1931861111110353,0.5555555555555556,-2.2811629166666814,0.5
0.35,8,2.0,SEG3,ANY,QUIET,65,2.160186108341642,0.46592049855111006,5.4,4.012299076923094,7.643928615384609,7.4671769230769245,0.5076923076923077,0.26742600000000566,0.5230769230769231,0.10944138461543564,0.49230769230769234,0.38980599999998816,0.49230769230769234,-1.2775255384615285,0.5
0.35,8,2.0,SEG3,HIGH_FIRST,QUIET,65,2.160186108341642,0.46592049855111006,5.4,4.012299076923094,7.643928615384609,7.4671769230769245,0.5076923076923077,0.26742600000000566,0.5230769230769231,0.10944138461543564,0.49230769230769234,0.38980599999998816,0.49230769230769234,-1.2775255384615285,0.5
0.35,10,2.0,SEG3,ANY,QUIET,65,2.160186108341642,0.46592049855111006,5.4,4.012299076923094,7.643928615384609,7.4671769230769245,0.5076923076923077,0.26742600000000566,0.5230769230769231,0.10944138461543564,0.49230769230769234,0.38980599999998816,0.49230769230769234,-1.2775255384615285,0.5
0.35,10,2.0,SEG3,HIGH_FIRST,QUIET,65,2.160186108341642,0.46592049855111006,5.4,4.012299076923094,7.643928615384609,7.4671769230769245,0.5076923076923077,0.26742600000000566,0.5230769230769231,0.10944138461543564,0.49230769230769234,0.38980599999998816,0.49230769230769234,-1.2775255384615285,0.5
0.35,12,2.0,SEG3,ANY,QUIET,65,2.160186108341642,0.46592049855111006,5.4,4.012299076923094,7.643928615384609,7.4671769230769245,0.5076923076923077,0.26742600000000566,0.5230769230769231,0.10944138461543564,0.49230769230769234,0.38980599999998816,0.49230769230769234,-1.2775255384615285,0.5
0.35,12,2.0,SEG3,HIGH_FIRST,QUIET,65,2.160186108341642,0.46592049855111006,5.4,4.012299076923094,7.643928615384609,7.4671769230769245,0.5076923076923077,0.26742600000000566,0.5230769230769231,0.10944138461543564,0.49230769230769234,0.38980599999998816,0.49230769230769234,-1.2775255384615285,0.5
0.3,8,4.0,SEG2_SEG3,ANY,NORMAL,56,1.8610834164174144,0.4617953099101854,4.571428571428571,6.13485839285713,8.801488928571489,9.653129642857104,0.4642857142857143,-0.16594160714285927,0.5178571428571429,0.041095892857153364,0.48214285714285715,0.8788092857143397,0.5178571428571429,-0.3604135714285722,0.5
0.3,8,4.0,SEG2_SEG3,HIGH_FIRST,NORMAL,56,1.8610834164174144,0.4617953099101854,4.571428571428571,6.13485839285713,8.801488928571489,9.653129642857104,0.4642857142857143,-0.16594160714285927,0.5178571428571429,0.041095892857153364,0.48214285714285715,0.8788092857143397,0.5178571428571429,-0.3604135714285722,0.5
0.35,6,1.0,SEG3,ANY,ALL,424,14.091060152874709,0.5489462962338154,4.568396226415095,4.9210014150943415,9.097161485849071,9.025067169811328,0.4740566037735849,0.16291870283018337,0.5023584905660378,0.0998856367924581,0.5,-0.10832466981130738,0.49528301886792453,-0.6676730896226426,0.49941037735849053
0.35,6,1.0,SEG3,HIGH_FIRST,ALL,424,14.091060152874709,0.5489462962338154,4.568396226415095,4.9210014150943415,9.097161485849071,9.025067169811328,0.4740566037735849,0.16291870283018337,0.5023584905660378,0.0998856367924581,0.5,-0.10832466981130738,0.49528301886792453,-0.6676730896226426,0.49941037735849053
0.2,8,0.0,SEG2_SEG3,ANY,HIGH,398,13.226985709538052,0.5111047197490349,5.100502512562814,5.418698944723626,10.111969271356788,9.4830776633166,0.48743718592964824,0.011346432160796975,0.5125628140703518,0.14017547738692873,0.4899497487437186,-0.23254949748743067,0.5050251256281407,-0.7266399246231181,0.4993718592964824
0.2,8,0.0,SEG2_SEG3,HIGH_FIRST,HIGH,398,13.226985709538052,0.5111047197490349,5.100502512562814,5.418698944723626,10.111969271356788,9.4830776633166,0.48743718592964824,0.011346432160796975,0.5125628140703518,0.14017547738692873,0.4899497487437186,-0.23254949748743067,0.5050251256281407,-0.7266399246231181,0.4993718592964824
0.1,6,0.0,SEG3,ANY,ALL,970,32.2366234629445,0.384022733235208,4.761855670103093,4.447151907216501,8.692937525773194,8.653942051546396,0.4814432989690722,0.10649750515464203,0.49381443298969074,0.0947143195876346,0.5041237113402062,-0.12953573195875495,0.4948453608247423,-0.535764546391752,0.49922680412371134
0.1,4,1.0,SEG3,ANY,ALL,313,10.402126952475905,0.4354893949684366,3.389776357827476,5.323892939297132,9.185813706070322,9.134403226837051,0.5079872204472844,-0.09718712460063905,0.48562300319488816,0.016001661341856953,0.5047923322683706,-0.011969584664531718,0.5015974440894568,-0.5467484025559313,0.4992012779552715
0.3,8,1.0,SEG2_SEG3,HIGH_FIRST,ALL,516,17.148554336989033,0.51680865094539,5.122093023255814,4.858851085271313,9.01237449612403,8.878468759689916,0.4689922480620155,0.12926323643411208,0.501937984496124,0.07472218992248589,0.5038759689922481,-0.13643916666664924,0.48643410852713176,-0.7417659496124073,0.499031007751938
0.1,6,0.0,SEG3,ANY,NORMAL,256,8.507809903622466,0.35525290651132285,4.7421875,4.243159843749996,8.396619804687523,8.961091679687465,0.46875,0.1840255468750005,0.5,0.11404374999999334,0.50390625,0.07024691406250483,0.48828125,-0.920864296874992,0.4990234375
0.2,10,0.0,SEG2_SEG3,ANY,HIGH,413,13.72549019607843,0.5086754188480083,5.24455205811138,5.386518256658605,10.050685665859564,9.380643680387433,0.4891041162227603,-0.010488208232449144,0.513317191283293,0.10512193704600366,0.4891041162227603,-0.21002736077480663,0.5036319612590799,-0.6413594188861966,0.49878934624697335
0.2,10,0.0,SEG2_SEG3,HIGH_FIRST,HIGH,413,13.72549019607843,0.5086754188480083,5.24455205811138,5.386518256658605,10.050685665859564,9.380643680387433,0.4891041162227603,-0.010488208232449144,0.513317191283293,0.10512193704600366,0.4891041162227603,-0.21002736077480663,0.5036319612590799,-0.6413594188861966,0.49878934624697335
0.2,8,0.0,SEG2_SEG3,HIGH_FIRST,NORMAL,193,6.414091060152875,0.4166742435194222,5.290155440414508,3.793473730569915,7.966164870466332,8.296966683937805,0.45595854922279794,0.21414305699481512,0.49740932642487046,-0.004403108808278163,0.5025906735751295,0.12817445595856797,0.49222797927461137,-0.8974950777202172,0.49870466321243523
0.35,10,1.0,SEG3,ANY,ALL,533,17.713526088401462,0.5326463362551606,5.185741088180112,4.72474572232645,8.867674315197002,8.880054709193255,0.46153846153846156,0.2229736960600364,0.49906191369606,0.16793270168856247,0.50093808630394,0.005317879924969941,0.49343339587242024,-0.5504905253283303,0.49859287054409007
0.35,10,1.0,SEG3,HIGH_FIRST,ALL,533,17.713526088401462,0.5326463362551606,5.185741088180112,4.72474572232645,8.867674315197002,8.880054709193255,0.46153846153846156,0.2229736960600364,0.49906191369606,0.16793270168856247,0.50093808630394,0.005317879924969941,0.49343339587242024,-0.5504905253283303,0.49859287054409007
0.1,10,3.0,SEG3,HIGH_FIRST,QUIET,174,5.782652043868395,0.25605632149742147,5.747126436781609,5.033577183908065,7.731206781609164,8.06254304597702,0.4942528735632184,0.13237201149424185,0.5057471264367817,0.07023879310344947,0.4827586206896552,0.47798965517243747,0.5229885057471264,-0.27285045977013156,0.4985632183908046
0.1,12,3.0,SEG3,HIGH_FIRST,QUIET,174,5.782652043868395,0.25605632149742147,5.747126436781609,5.033577183908065,7.731206781609164,8.06254304597702,0.4942528735632184,0.13237201149424185,0.5057471264367817,0.07023879310344947,0.4827586206896552,0.47798965517243747,0.5229885057471264,-0.27285045977013156,0.4985632183908046
0.35,8,1.0,SEG3,ANY,ALL,519,17.24825523429711,0.5338603847093153,5.07514450867052,4.747937610789976,8.959349845857425,8.959400539499041,0.464354527938343,0.20645387283236874,0.5009633911368016,0.15556136801541975,0.5009633911368016,-0.0031266859344762526,0.4913294797687861,-0.540663583815031,0.4985549132947977
0.35,8,1.0,SEG3,HIGH_FIRST,ALL,519,17.24825523429711,0.5338603847093153,5.07514450867052,4.747937610789976,8.959349845857425,8.959400539499041,0.464354527938343,0.20645387283236874,0.5009633911368016,0.15556136801541975,0.5009633911368016,-0.0031266859344762526,0.4913294797687861,-0.540663583815031,0.4985549132947977
0.3,8,1.0,SEG2_SEG3,ANY,ALL,517,17.18178796942506,0.5164149577790503,5.1257253384912955,4.853143636363632,8.99679073500967,8.866729129593805,0.46808510638297873,0.1303282011605451,0.5009671179883946,0.07888557059961854,0.5029013539651838,-0.13312009671178188,0.4874274661508704,-0.7407869052224412,0.4985493230174081
0.2,10,2.0,SEG3,ANY,QUIET,171,5.682951146560319,0.33571457767734936,5.485380116959064,3.928211637426908,7.963155321637433,7.858166549707612,0.4619883040935672,0.4760138596491168,0.5087719298245614,-0.14364175438597468,0.5029239766081871,0.25261789473684365,0.47953216374269003,0.16354748538010186,0.4985380116959064
0.2,12,2.0,SEG3,ANY,QUIET,171,5.682951146560319,0.33571457767734936,5.485380116959064,3.928211637426908,7.963155321637433,7.858166549707612,0.4619883040935672,0.4760138596491168,0.5087719298245614,-0.14364175438597468,0.5029239766081871,0.25261789473684365,0.47953216374269003,0.16354748538010186,0.4985380116959064
0.1,10,0.0,SEG3,ANY,QUIET,499,16.583582585576604,0.26691424191808233,6.098196392785571,2.776244108216407,7.477401182364727,7.219526853707427,0.46693386773547096,0.10595885771541445,0.48897795591182364,-0.23026196392785409,0.4969939879759519,-0.2984741683366691,0.5110220440881763,-0.18198963927857686,0.4984969939879759
0.3,10,0.0,SEG3,ANY,QUIET,161,5.3506148222000665,0.4256145295117995,5.739130434782608,2.6666917391303966,7.119321118012412,6.6418698136646,0.5093167701863354,-0.2191773291925184,0.5217391304347826,-0.5444244099378734,0.4906832298136646,0.02850763975155087,0.4906832298136646,-0.010090434782607122,0.49844720496894407
0.3,12,0.0,SEG3,ANY,QUIET,161,5.3506148222000665,0.4256145295117995,5.739130434782608,2.6666917391303966,7.119321118012412,6.6418698136646,0.5093167701863354,-0.2191773291925184,0.5217391304347826,-0.5444244099378734,0.4906832298136646,0.02850763975155087,0.4906832298136646,-0.010090434782607122,0.49844720496894407
0.3,8,0.0,SEG3,ANY,QUIET,157,5.217680292455966,0.4266592524620159,5.649681528662421,2.7106811464967886,7.16283089171973,6.660313566878992,0.5159235668789809,-0.28374898089169,0.5222929936305732,-0.6183534394904258,0.49044585987261147,0.04758305732484819,0.49044585987261147,-0.037447898089169124,0.49840764331210197
0.2,4,0.0,SEG3,ANY,HIGH,154,5.11797939514789,0.5679054199621678,3.383116883116883,5.722741038961076,10.502991948051957,9.733678181818203,0.5324675324675324,-0.3448607142856931,0.487012987012987,-0.4012436363636053,0.4805194805194805,-0.6768879220778642,0.5454545454545454,-1.3021737662337751,0.49837662337662336
0.2,4,0.0,SEG3,HIGH_FIRST,HIGH,154,5.11797939514789,0.5679054199621678,3.383116883116883,5.722741038961076,10.502991948051957,9.733678181818203,0.5324675324675324,-0.3448607142856931,0.487012987012987,-0.4012436363636053,0.4805194805194805,-0.6768879220778642,0.5454545454545454,-1.3021737662337751,0.49837662337662336
0.1,4,1.0,SEG3,HIGH_FIRST,ALL,298,9.903622465935527,0.4490678220470362,3.379194630872483,5.439335704697994,9.053948489932921,9.170916073825495,0.5067114093959731,-0.0026341610738236584,0.4865771812080537,0.12308392617450219,0.5,0.18585362416107676,0.5067114093959731,-0.3733227852349122,0.4983221476510067
0.2,6,1.0,SEG2_SEG3,ANY,HIGH,288,9.571286141575275,0.5337387825063744,4.545138888888889,6.042742881944453,10.069832916666678,9.735305937500016,0.4826388888888889,0.3072445486110998,0.5104166666666666,0.2127292013888867,0.4826388888888889,-0.27941909722221836,0.5173611111111112,-0.9819730208333399,0.4982638888888889
0.2,6,1.0,SEG2_SEG3,HIGH_FIRST,HIGH,288,9.571286141575275,0.5337387825063744,4.545138888888889,6.042742881944453,10.069832916666678,9.735305937500016,0.4826388888888889,0.3072445486110998,0.5104166666666666,0.2127292013888867,0.4826388888888889,-0.27941909722221836,0.5173611111111112,-0.9819730208333399,0.4982638888888889
0.3,6,1.0,SEG2_SEG3,ANY,ALL,415,13.791957460950481,0.5337561849925228,4.602409638554217,5.090566746987953,9.24303400000001,9.101752433734934,0.4819277108433735,0.09622633734940013,0.5060240963855421,-0.04224469879517561,0.4987951807228916,-0.18381655421685264,0.4891566265060241,-0.7782630120481996,0.49819277108433735
0.3,6,1.0,SEG2_SEG3,HIGH_FIRST,ALL,415,13.791957460950481,0.5337561849925228,4.602409638554217,5.090566746987953,9.24303400000001,9.101752433734934,0.4819277108433735,0.09622633734940013,0.5060240963855421,-0.04224469879517561,0.4987951807228916,-0.18381655421685264,0.4891566265060241,-0.7782630120481996,0.49819277108433735
0.2,12,0.0,SEG2_SEG3,ANY,HIGH,414,13.758723828514457,0.508288130951907,5.258454106280193,5.376129903381651,10.027147053140094,9.362562222222245,0.48792270531400966,-0.00811809178744383,0.5120772946859904,0.10748886473429659,0.48792270531400966,-0.20686898550723523,0.5048309178743962,-0.6426793961352634,0.49818840579710144
0.2,12,0.0,SEG2_SEG3,HIGH_FIRST,HIGH,414,13.758723828514457,0.508288130951907,5.258454106280193,5.376129903381651,10.027147053140094,9.362562222222245,0.48792270531400966,-0.00811809178744383,0.5120772946859904,0.10748886473429659,0.48792270531400966,-0.20686898550723523,0.5048309178743962,-0.6426793961352634,0.49818840579710144
0.3,6,0.0,SEG2_SEG3,ANY,HIGH,273,9.072781655034895,0.5778480872313273,4.534798534798535,5.332494505494526,10.0529486080586,9.637040805860826,0.4908424908424908,0.15427626373626055,0.5128205128205128,0.09613578754579732,0.4908424908424908,-0.3424167399267246,0.4981684981684982,-0.5008294871794909,0.4981684981684982
0.3,6,0.0,SEG2_SEG3,HIGH_FIRST,HIGH,273,9.072781655034895,0.5778480872313273,4.534798534798535,5.332494505494526,10.0529486080586,9.637040805860826,0.4908424908424908,0.15427626373626055,0.5128205128205128,0.09613578754579732,0.4908424908424908,-0.3424167399267246,0.4981684981684982,-0.5008294871794909,0.4981684981684982
0.1,4,2.0,SEG3,ANY,ALL,268,8.906613492854769,0.4307027238618686,3.3656716417910446,5.965612126865679,9.195984962686593,9.247326343283573,0.5074626865671642,-0.02821313432835933,0.47761194029850745,0.02753037313434459,0.503731343283582,0.0311814925373252,0.5074626865671642,-0.39050003731345223,0.4981343283582089
0.2,10,1.0,SEG3,ANY,QUIET,255,8.474576271186441,0.3386540137675402,5.694117647058824,3.1193079215686232,7.72656462745098,7.228394901960793,0.4823529411764706,0.2401134901960765,0.5058823529411764,-0.39308039215686363,0.5098039215686274,-0.27242101960782567,0.4666666666666667,0.3971143137254883,0.4980392156862745
0.2,12,1.0,SEG3,ANY,QUIET,255,8.474576271186441,0.3386540137675402,5.694117647058824,3.1193079215686232,7.72656462745098,7.228394901960793,0.4823529411764706,0.2401134901960765,0.5058823529411764,-0.39308039215686363,0.5098039215686274,-0.27242101960782567,0.4666666666666667,0.3971143137254883,0.4980392156862745
0.3,10,1.0,SEG3,HIGH_FIRST,ALL,633,21.036889332003987,0.49964094782564134,5.246445497630332,4.746121895734588,8.723562353870454,8.862372069510272,0.46919431279620855,0.18414936808847338,0.4976303317535545,0.24357772511849027,0.5055292259083728,0.11090246445499254,0.4834123222748815,-0.2755274565560792,0.49802527646129535
0.3,10,2.0,SEG3,ANY,ALL,498,16.550348953140578,0.5044323047224532,5.108433734939759,5.623274698795179,9.229297489959837,9.31227632530121,0.4738955823293173,0.17273967871486196,0.4979919678714859,0.2978352811245125,0.5020080321285141,0.14353767068274212,0.4899598393574297,-0.11737042168674104,0.4979919678714859
0.3,10,2.0,SEG3,HIGH_FIRST,ALL,498,16.550348953140578,0.5044323047224532,5.108433734939759,5.623274698795179,9.229297489959837,9.31227632530121,0.4738955823293173,0.17273967871486196,0.4979919678714859,0.2978352811245125,0.5020080321285141,0.14353767068274212,0.4899598393574297,-0.11737042168674104,0.4979919678714859
0.35,10,0.0,SEG3,ANY,ALL,618,20.53838484546361,0.5285643137660574,5.260517799352751,4.145572847896438,8.713842038834946,8.680527184466031,0.46440129449838186,0.0934401456310699,0.5048543689320388,0.04973247572816536,0.49514563106796117,0.07903236245956033,0.4967637540453074,-0.4557190938511326,0.49797734627831713
0.35,10,0.0,SEG3,HIGH_FIRST,ALL,618,20.53838484546361,0.5285643137660574,5.260517799352751,4.145572847896438,8.713842038834946,8.680527184466031,0.46440129449838186,0.0934401456310699,0.5048543689320388,0.04973247572816536,0.49514563106796117,0.07903236245956033,0.4967637540453074,-0.4557190938511326,0.49797734627831713
0.3,10,0.0,SEG2_SEG3,HIGH_FIRST,ALL,605,20.10634762379528,0.513268559766677,5.299173553719008,4.309939652892556,8.920627173553708,8.639416710743808,0.47107438016528924,0.012685123966949798,0.5074380165289256,-0.047083818181806035,0.4975206611570248,-0.058838561983456134,0.48925619834710743,-0.5629139834710747,0.4979338842975206
0.3,10,0.0,SEG2_SEG3,ANY,HIGH,350,11.63177135260884,0.5535759474163918,5.188571428571429,5.080938485714299,10.014212742857131,9.452042771428593,0.4828571428571429,-0.016161114285714574,0.5114285714285715,0.04119668571428779,0.49714285714285716,-0.21355279999998597,0.4857142857142857,-0.1547025142857105,0.4978571428571429
0.3,10,0.0,SEG2_SEG3,HIGH_FIRST,HIGH,350,11.63177135260884,0.5535759474163918,5.188571428571429,5.080938485714299,10.014212742857131,9.452042771428593,0.4828571428571429,-0.016161114285714574,0.5114285714285715,0.04119668571428779,0.49714285714285716,-0.21355279999998597,0.4857142857142857,-0.1547025142857105,0.4978571428571429
0.3,8,0.0,SEG2_SEG3,ANY,HIGH,338,11.232967763376537,0.5555096082880682,5.050295857988166,5.1126587278106586,10.077639260355022,9.548589378698239,0.4822485207100592,-0.000991627218938458,0.5088757396449705,0.10730541420118038,0.4970414201183432,-0.23379254437868952,0.4881656804733728,-0.2974913609467454,0.4977810650887574
0.3,8,0.0,SEG2_SEG3,HIGH_FIRST,HIGH,338,11.232967763376537,0.5555096082880682,5.050295857988166,5.1126587278106586,10.077639260355022,9.548589378698239,0.4822485207100592,-0.000991627218938458,0.5088757396449705,0.10730541420118038,0.4970414201183432,-0.23379254437868952,0.4881656804733728,-0.2974913609467454,0.4977810650887574
0.3,6,0.0,SEG3,HIGH_FIRST,ALL,562,18.677301429046196,0.5141344329822624,4.6263345195729535,4.399810249110319,8.820320462633456,8.884248042704622,0.4786476868327402,0.013635053380784195,0.5071174377224199,0.03145124555160795,0.498220640569395,0.1116653202847102,0.4875444839857651,-0.23699158362989378,0.49777580071174377
0.35,12,1.0,SEG3,ANY,ALL,534,17.74675972083749,0.5332747377974414,5.196629213483146,4.726358614232207,8.840678539325847,8.874284026217234,0.4606741573033708,0.2331855805243436,0.49812734082397003,0.17808986891386563,0.5,0.015957134831477107,0.49250936329588013,-0.5388348876404486,0.49765917602996257
0.35,12,1.0,SEG3,HIGH_FIRST,ALL,534,17.74675972083749,0.5332747377974414,5.196629213483146,4.726358614232207,8.840678539325847,8.874284026217234,0.4606741573033708,0.2331855805243436,0.49812734082397003,0.17808986891386563,0.5,0.015957134831477107,0.49250936329588013,-0.5388348876404486,0.49765917602996257
0.3,10,1.0,SEG3,ANY,ALL,634,21.070122964440014,0.49934698621069196,5.249211356466877,4.741645520504723,8.711309999999996,8.852824290220825,0.46845425867507884,0.1849312302839174,0.4968454258675079,0.24670645110410788,0.5047318611987381,0.11321889589906949,0.4842271293375394,-0.27546447949526515,0.49763406940063093
0.1,6,1.0,SEG2_SEG3,HIGH_FIRST,HIGH,317,10.535061482220007,0.49946733914530017,4.564668769716088,6.1718513880126284,9.919121356466881,9.687698107255539,0.47318611987381703,0.3480859305993624,0.5047318611987381,0.32527678233437923,0.48580441640378547,-0.3696024921135604,0.5141955835962145,-1.1190805362775977,0.49763406940063093
0.3,4,1.0,SEG2_SEG3,ANY,HIGH,105,3.489531405782652,0.6293985593896472,3.361904761904762,6.483054857142902,11.165577428571448,10.10592476190477,0.5047619047619047,-0.2786085714285686,0.49523809523809526,-0.3740821904761539,0.47619047619047616,-0.6949275238094699,0.5428571428571428,-1.0667817142857356,0.4976190476190476
0.3,4,1.0,SEG2_SEG3,HIGH_FIRST,HIGH,105,3.489531405782652,0.6293985593896472,3.361904761904762,6.483054857142902,11.165577428571448,10.10592476190477,0.5047619047619047,-0.2786085714285686,0.49523809523809526,-0.3740821904761539,0.47619047619047616,-0.6949275238094699,0.5428571428571428,-1.0667817142857356,0.4976190476190476
0.3,6,2.0,SEG2_SEG3,ANY,HIGH,207,6.879361914257228,0.5820256143710278,4.449275362318841,6.65752990338166,10.528582270531398,10.157711352657024,0.48792270531400966,0.17066777777776937,0.5024154589371981,0.16247217391305574,0.4927536231884058,-0.4472417874396083,0.5024154589371981,-0.09372415458938121,0.4975845410628019
0.3,6,2.0,SEG2_SEG3,HIGH_FIRST,HIGH,207,6.879361914257228,0.5820256143710278,4.449275362318841,6.65752990338166,10.528582270531398,10.157711352657024,0.48792270531400966,0.17066777777776937,0.5024154589371981,0.16247217391305574,0.4927536231884058,-0.4472417874396083,0.5024154589371981,-0.09372415458938121,0.4975845410628019
0.3,10,0.0,SEG2_SEG3,ANY,ALL,606,20.139581256231306,0.5129385279583949,5.301980198019802,4.305976221122107,8.907483514851473,8.629795693069312,0.47029702970297027,0.013786056105618177,0.5066006600660066,-0.04333089108909668,0.4966996699669967,-0.056134999999985453,0.4900990099009901,-0.5623738613861389,0.4975247524752475
0.3,12,0.0,SEG2_SEG3,HIGH_FIRST,ALL,606,20.139581256231306,0.5129963975061083,5.308580858085809,4.304619191419135,8.9064111221122,8.628287178217827,0.47029702970297027,0.01426607260726795,0.5066006600660066,-0.0452156435643455,0.4966996699669967,-0.05693034653463896,0.4900990099009901,-0.563945198019802,0.4975247524752475
0.3,4,4.0,SEG2_SEG3,ANY,ALL,101,3.356596876038551,0.5614183454053925,3.277227722772277,7.81965247524754,10.44533168316835,10.401896138613827,0.4752475247524752,0.3991066336633513,0.46534653465346537,0.3590413861386491,0.49504950495049505,0.1267231683168755,0.5346534653465347,-0.7915124752475463,0.4975247524752475
0.3,4,4.0,SEG2_SEG3,HIGH_FIRST,ALL,101,3.356596876038551,0.5614183454053925,3.277227722772277,7.81965247524754,10.44533168316835,10.401896138613827,0.4752475247524752,0.3991066336633513,0.46534653465346537,0.3590413861386491,0.49504950495049505,0.1267231683168755,0.5346534653465347,-0.7915124752475463,0.4975247524752475
0.3,8,0.0,SEG2_SEG3,HIGH_FIRST,ALL,586,19.4749086075108,0.5149635648767132,5.175767918088737,4.338683515358352,8.966728634812279,8.715451928327644,0.4726962457337884,0.018832798634816957,0.5085324232081911,-0.01621634812285802,0.49658703071672355,-0.044950358361761374,0.4880546075085324,-0.5532339931740643,0.4974402730375427
0.3,6,0.0,SEG3,ANY,ALL,563,18.71053506148222,0.5137629714569815,4.625222024866785,4.393492859680283,8.806143410301958,8.879998685612785,0.477797513321492,0.01396131438721303,0.5062166962699822,0.03187246891652576,0.49733570159857904,0.11969149200711748,0.48845470692717585,-0.24272099467140443,0.49733570159857904
0.2,6,1.0,SEG3,ANY,QUIET,181,6.015287470920572,0.34252242224122714,4.917127071823204,3.2870222651933685,7.82615618784532,7.364771657458571,0.5082872928176796,0.1692329834254024,0.4861878453038674,-0.19797375690608815,0.5193370165745856,-0.2700619889502699,0.46408839779005523,0.43468165745855647,0.4972375690607735
0.4,4,0.0,SEG3,ANY,ALL,177,5.882352941176471,0.6182405165355658,3.401129943502825,4.895826327683628,9.62602305084749,9.159925141242926,0.5141242937853108,-0.27523384180790217,0.4971751412429379,-0.2477224858757014,0.4858757062146893,0.08289700564973622,0.519774011299435,-1.75979790960452,0.4971751412429378
0.4,4,0.0,SEG3,HIGH_FIRST,ALL,177,5.882352941176471,0.6182405165355658,3.401129943502825,4.895826327683628,9.62602305084749,9.159925141242926,0.5141242937853108,-0.27523384180790217,0.4971751412429379,-0.2477224858757014,0.4858757062146893,0.08289700564973622,0.519774011299435,-1.75979790960452,0.4971751412429378
0.35,12,0.0,SEG3,ANY,ALL,619,20.571618477899634,0.5291130188485565,5.269789983844911,4.147899919224554,8.690801793214858,8.67587126009694,0.46365105008077545,0.10245901453958205,0.5040387722132472,0.058685831987086656,0.49434571890145396,0.08809156704363179,0.49596122778675283,-0.44581709208400555,0.497172859450727
0.35,12,0.0,SEG3,HIGH_FIRST,ALL,619,20.571618477899634,0.5291130188485565,5.269789983844911,4.147899919224554,8.690801793214858,8.67587126009694,0.46365105008077545,0.10245901453958205,0.5040387722132472,0.058685831987086656,0.49434571890145396,0.08809156704363179,0.49596122778675283,-0.44581709208400555,0.497172859450727
0.3,12,0.0,SEG2_SEG3,ANY,HIGH,351,11.665004985044865,0.5529912245743568,5.205128205128205,5.0695561538461655,9.98655316239315,9.430512507122527,0.48148148148148145,-0.013349430199431198,0.50997150997151,0.04417056980056982,0.49572649572649574,-0.20981749287747958,0.48717948717948717,-0.15764589743589322,0.4971509971509972
0.3,12,0.0,SEG2_SEG3,HIGH_FIRST,HIGH,351,11.665004985044865,0.5529912245743568,5.205128205128205,5.0695561538461655,9.98655316239315,9.430512507122527,0.48148148148148145,-0.013349430199431198,0.50997150997151,0.04417056980056982,0.49572649572649574,-0.20981749287747958,0.48717948717948717,-0.15764589743589322,0.4971509971509972
0.1,6,0.0,SEG2_SEG3,ANY,HIGH,351,11.665004985044865,0.4967051783293097,4.56980056980057,5.710859772079794,9.754251851851842,9.56156544159547,0.47863247863247865,0.30913085470085744,0.5014245014245015,0.37169313390314007,0.48717948717948717,-0.25677207977206795,0.5128205128205128,-0.9773586039885935,0.49715099715099714
0.3,12,0.0,SEG2_SEG3,ANY,ALL,607,20.172814888667332,0.5126673577803119,5.311367380560132,4.300671054365727,8.893312537067533,8.618700345963761,0.4695222405271829,0.015362586490946236,0.5057660626029654,-0.041471976935738564,0.4958813838550247,-0.05423438220756414,0.49093904448105435,-0.5634042668863263,0.4971169686985173
0.4,6,2.0,SEG2_SEG3,ANY,HIGH,173,5.749418411432369,0.6268982830933679,4.427745664739884,6.5611059537572345,10.305709710982656,10.357016184971117,0.4797687861271676,0.3973435260115387,0.4913294797687861,0.6276256069364257,0.4913294797687861,-0.018763063583811485,0.5144508670520231,0.5788654913294864,0.49710982658959535
0.4,6,2.0,SEG2_SEG3,HIGH_FIRST,HIGH,173,5.749418411432369,0.6268982830933679,4.427745664739884,6.5611059537572345,10.305709710982656,10.357016184971117,0.4797687861271676,0.3973435260115387,0.4913294797687861,0.6276256069364257,0.4913294797687861,-0.018763063583811485,0.5144508670520231,0.5788654913294864,0.49710982658959535
0.1,6,1.0,SEG3,ANY,ALL,858,28.51445663010967,0.3849706650361798,4.733100233100233,4.960433799533813,8.78753854312354,8.874394277389287,0.4755244755244755,0.28683607226107843,0.48951048951048953,0.28987188811189535,0.5046620046620046,-0.12767122377621307,0.48951048951048953,-0.5733220979020913,0.4970862470862471
0.3,8,0.0,SEG2_SEG3,ANY,ALL,587,19.508142239946825,0.5146199630352669,5.178875638841567,4.3345428279386615,8.953081005110725,8.705389965928449,0.47189097103918226,0.019958892674621337,0.5076660988074957,-0.012394531516175018,0.4957410562180579,-0.042182947189084136,0.4889267461669506,-0.5526928790459994,0.4970187393526405
0.3,12,2.0,SEG3,ANY,ALL,499,16.583582585576604,0.5051613236705708,5.1202404809619235,5.62320006012024,9.199683527054106,9.305234709418842,0.4729458917835671,0.18376849699399064,0.4969939879759519,0.3084445490982118,0.501002004008016,0.15464617234470016,0.48897795591182364,-0.10576523046091495,0.4969939879759519
0.3,12,2.0,SEG3,HIGH_FIRST,ALL,499,16.583582585576604,0.5051613236705708,5.1202404809619235,5.62320006012024,9.199683527054106,9.305234709418842,0.4729458917835671,0.18376849699399064,0.4969939879759519,0.3084445490982118,0.501002004008016,0.15464617234470016,0.48897795591182364,-0.10576523046091495,0.4969939879759519
0.1,6,1.0,SEG3,HIGH_FIRST,ALL,824,27.384513127284812,0.3942025563761283,4.731796116504855,5.019887245145638,8.730963640776693,8.880823155339815,0.47694174757281554,0.3154045752427276,0.49029126213592233,0.3057110679611746,0.5036407766990292,-0.05833572815532872,0.49029126213592233,-0.40477526699028227,0.49696601941747576
0.1,6,0.0,SEG3,HIGH_FIRST,NORMAL,246,8.175473579262214,0.36189899903640815,4.739837398373984,4.292552357723569,8.290292886178882,8.932713495934923,0.4634146341463415,0.29278215447154654,0.5,0.22123731707317043,0.5,0.06824073170732142,0.4878048780487805,-0.7310029268292628,0.4969512195121951
0.3,12,1.0,SEG3,HIGH_FIRST,ALL,635,21.10335659687604,0.49998310387925377,5.264566929133858,4.7416802047244,8.687830866141729,8.846574724409452,0.46771653543307085,0.19403686614173776,0.49606299212598426,0.2533253385826836,0.5039370078740157,0.12123697637796824,0.48346456692913387,-0.2675954173228307,0.49685039370078743
0.3,8,0.0,SEG3,HIGH_FIRST,ALL,709,23.562645397141907,0.4980376230927934,5.186177715091678,4.208928392101536,8.732456417489415,8.775623582510581,0.47531734837799716,-0.008229562764453397,0.5063469675599436,0.07620469675599935,0.49647390691114246,0.20911376586742805,0.48801128349788436,-0.18964019746121322,0.49682651622002827
0.3,10,1.0,SEG2_SEG3,ANY,HIGH,315,10.468594217347956,0.5540772113340937,5.174603174603175,5.5905563809523775,9.843808571428573,9.51700482539683,0.473015873015873,0.1882567619047511,0.5047619047619047,0.20878726984125776,0.49523809523809526,-0.2400193650793563,0.49206349206349204,-0.5316038412698502,0.49682539682539684
0.3,10,1.0,SEG2_SEG3,HIGH_FIRST,HIGH,315,10.468594217347956,0.5540772113340937,5.174603174603175,5.5905563809523775,9.843808571428573,9.51700482539683,0.473015873015873,0.1882567619047511,0.5047619047619047,0.20878726984125776,0.49523809523809526,-0.2400193650793563,0.49206349206349204,-0.5316038412698502,0.49682539682539684
0.35,8,2.0,SEG2_SEG3,ANY,HIGH,231,7.676969092721834,0.5824346855110784,4.896103896103896,6.3409335064935055,10.367947445887445,10.197519307359315,0.4675324675324675,0.30901597402596576,0.4935064935064935,0.30819406926407106,0.49783549783549785,-0.2243283982683828,0.49783549783549785,-0.2983354112554177,0.4967532467532467
0.35,8,2.0,SEG2_SEG3,HIGH_FIRST,HIGH,231,7.676969092721834,0.5824346855110784,4.896103896103896,6.3409335064935055,10.367947445887445,10.197519307359315,0.4675324675324675,0.30901597402596576,0.4935064935064935,0.30819406926407106,0.49783549783549785,-0.2243283982683828,0.49783549783549785,-0.2983354112554177,0.4967532467532467
0.3,8,1.0,SEG3,HIGH_FIRST,ALL,615,20.438683948155532,0.5009996614301654,5.130081300813008,4.7744165853658425,8.782531642276421,8.961028439024389,0.46991869918699186,0.1780273333333383,0.4975609756097561,0.2608075447154515,0.5040650406504065,0.12272513821139651,0.4813008130081301,-0.27089692682926636,0.49674796747967476
0.35,8,0.0,SEG2_SEG3,ANY,HIGH,305,10.136257892987704,0.5801603507725162,4.99016393442623,5.079095770491813,10.06333983606557,9.691205377049195,0.46885245901639344,0.18145088524589914,0.5081967213114754,0.10469826229508591,0.49508196721311476,-0.16407799999998565,0.4885245901639344,-0.06721891803278938,0.4967213114754098
0.35,8,0.0,SEG2_SEG3,HIGH_FIRST,HIGH,305,10.136257892987704,0.5801603507725162,4.99016393442623,5.079095770491813,10.06333983606557,9.691205377049195,0.46885245901639344,0.18145088524589914,0.5081967213114754,0.10469826229508591,0.49508196721311476,-0.16407799999998565,0.4885245901639344,-0.06721891803278938,0.4967213114754098
0.1,8,1.0,SEG3,ANY,ALL,1137,37.786640079760716,0.36367993897852896,5.372031662269129,4.761394766930525,8.76763245382585,8.863052752858412,0.4573438874230431,0.307757713280565,0.4916446789797713,0.2141974582233967,0.5021987686895338,-0.03294062445029092,0.49076517150395776,-0.38015776605100704,0.4967018469656992
0.3,6,0.0,SEG2_SEG3,ANY,QUIET,75,2.4925224327018944,0.43972333350656895,4.88,3.142010533333317,7.270287333333369,7.178188799999947,0.48,0.11866266666669617,0.49333333333333335,-0.3071193333333152,0.5066666666666667,0.11729426666666162,0.48,-0.893147866666665,0.4966666666666667
0.3,6,0.0,SEG2_SEG3,HIGH_FIRST,QUIET,75,2.4925224327018944,0.43972333350656895,4.88,3.142010533333317,7.270287333333369,7.178188799999947,0.48,0.11866266666669617,0.49333333333333335,-0.3071193333333152,0.5066666666666667,0.11729426666666162,0.48,-0.893147866666665,0.4966666666666667
0.3,10,0.0,SEG3,HIGH_FIRST,ALL,733,24.360252575606513,0.4964761657957909,5.316507503410641,4.167727271487026,8.65766777626193,8.693430927694413,0.4733969986357435,-0.00017979536152288125,0.504774897680764,0.06659870395635145,0.4965893587994543,0.2062058390177449,0.48840381991814463,-0.14433789904501934,0.4965893587994543
0.2,8,1.0,SEG2_SEG3,ANY,HIGH,362,12.030574941841143,0.509893354430277,5.093922651933702,5.9072894198895005,10.02972792817681,9.576136298342545,0.47790055248618785,0.16199008287291303,0.505524861878453,0.2593211602209808,0.4861878453038674,-0.2792570718232025,0.5082872928176796,-1.0190982872928287,0.4965469613259669
0.2,8,1.0,SEG2_SEG3,HIGH_FIRST,HIGH,362,12.030574941841143,0.509893354430277,5.093922651933702,5.9072894198895005,10.02972792817681,9.576136298342545,0.47790055248618785,0.16199008287291303,0.505524861878453,0.2593211602209808,0.4861878453038674,-0.2792570718232025,0.5082872928176796,-1.0190982872928287,0.4965469613259669
0.35,6,1.0,SEG3,ANY,QUIET,72,2.3928215353938187,0.47043135598466246,4.777777777777778,3.2067174999999803,6.884364305555582,7.108823055555547,0.5,0.36371569444444024,0.5,0.19768847222225203,0.5,0.2566169444444376,0.4861111111111111,-1.4705293055555633,0.4965277777777778
0.35,6,1.0,SEG3,HIGH_FIRST,QUIET,72,2.3928215353938187,0.47043135598466246,4.777777777777778,3.2067174999999803,6.884364305555582,7.108823055555547,0.5,0.36371569444444024,0.5,0.19768847222225203,0.5,0.2566169444444376,0.4861111111111111,-1.4705293055555633,0.4965277777777778
0.3,12,1.0,SEG3,ANY,ALL,636,21.136590229312063,0.4996895286906822,5.267295597484277,4.737224889937098,8.675673223270437,8.837081808176103,0.4669811320754717,0.1948007232704457,0.49528301886792453,0.25642889937107566,0.5031446540880503,0.12352987421385157,0.48427672955974843,-0.2675451100628891,0.4964622641509434
0.1,8,1.0,SEG3,ANY,NORMAL,282,9.371884346959122,0.3400965858350359,5.184397163120567,4.5412742907801285,8.483457375886529,9.499102836879427,0.4397163120567376,0.39479099290780456,0.48936170212765956,0.21248783687943737,0.5070921985815603,0.45852319148938225,0.48226950354609927,-0.057346985815579274,0.49645390070921985
0.3,4,1.0,SEG3,ANY,ALL,207,6.879361914257228,0.5542055560946988,3.367149758454106,5.34264492753624,9.347034299516944,9.512364057971002,0.4927536231884058,0.014946328502426932,0.48792270531400966,-0.012659516908210084,0.4975845410628019,0.3035736231884316,0.5024154589371981,-0.3274577777777944,0.4963768115942029
0.3,4,1.0,SEG3,HIGH_FIRST,ALL,207,6.879361914257228,0.5542055560946988,3.367149758454106,5.34264492753624,9.347034299516944,9.512364057971002,0.4927536231884058,0.014946328502426932,0.48792270531400966,-0.012659516908210084,0.4975845410628019,0.3035736231884316,0.5024154589371981,-0.3274577777777944,0.4963768115942029
0.3,8,1.0,SEG3,ANY,ALL,616,20.47191758059156,0.5006949043238628,5.133116883116883,4.769763474025964,8.769825535714284,8.95104150974026,0.46915584415584416,0.17884198051948547,0.4967532467532468,0.26399972402597843,0.5032467532467533,0.12509006493507893,0.48214285714285715,-0.27083962662337463,0.4963474025974026
0.3,4,0.0,SEG3,ANY,HIGH,136,4.519774011299435,0.6074758920019027,3.4044117647058822,5.5480056617647415,10.922488823529417,9.900786029411783,0.5294117647058824,-0.33142058823527604,0.4852941176470588,-0.4566685294117325,0.4852941176470588,-0.7589455882352354,0.5294117647058824,-1.1739283088235397,0.4963235294117647
0.3,4,0.0,SEG3,HIGH_FIRST,HIGH,136,4.519774011299435,0.6074758920019027,3.4044117647058822,5.5480056617647415,10.922488823529417,9.900786029411783,0.5294117647058824,-0.33142058823527604,0.4852941176470588,-0.4566685294117325,0.4852941176470588,-0.7589455882352354,0.5294117647058824,-1.1739283088235397,0.4963235294117647
0.4,4,1.0,SEG2_SEG3,ANY,ALL,136,4.519774011299435,0.6364605022114228,3.323529411764706,5.810233382352976,9.996640000000044,9.753684264705855,0.5,-0.2635460294117673,0.49264705882352944,-0.28772536764704254,0.47794117647058826,0.15378529411766723,0.5367647058823529,-1.5378147794117836,0.4963235294117647
0.4,4,1.0,SEG2_SEG3,HIGH_FIRST,ALL,136,4.519774011299435,0.6364605022114228,3.323529411764706,5.810233382352976,9.996640000000044,9.753684264705855,0.5,-0.2635460294117673,0.49264705882352944,-0.28772536764704254,0.47794117647058826,0.15378529411766723,0.5367647058823529,-1.5378147794117836,0.4963235294117647
0.3,4,0.0,SEG3,ANY,NORMAL,66,2.193419740777667,0.48938781145934357,3.3484848484848486,3.8673724242424656,7.333631969697018,9.882783787878694,0.3939393939393939,0.467448181818182,0.48484848484848486,0.8975086363635717,0.5,2.52145318181815,0.5,0.13381651515148654,0.4962121212121212
0.3,4,0.0,SEG3,HIGH_FIRST,NORMAL,66,2.193419740777667,0.48938781145934357,3.3484848484848486,3.8673724242424656,7.333631969697018,9.882783787878694,0.3939393939393939,0.467448181818182,0.48484848484848486,0.8975086363635717,0.5,2.52145318181815,0.5,0.13381651515148654,0.4962121212121212
0.3,12,1.0,SEG2_SEG3,ANY,HIGH,316,10.50182784978398,0.5534261386079162,5.193037974683544,5.576300632911388,9.813624683544305,9.492884303797473,0.47151898734177217,0.19073297468353273,0.5031645569620253,0.2115601898734034,0.4936708860759494,-0.23578658227847307,0.4936708860759494,-0.5336805063291223,0.49604430379746833
0.3,12,1.0,SEG2_SEG3,HIGH_FIRST,HIGH,316,10.50182784978398,0.5534261386079162,5.193037974683544,5.576300632911388,9.813624683544305,9.492884303797473,0.47151898734177217,0.19073297468353273,0.5031645569620253,0.2115601898734034,0.4936708860759494,-0.23578658227847307,0.4936708860759494,-0.5336805063291223,0.49604430379746833
0.3,6,1.0,SEG2_SEG3,ANY,HIGH,248,8.241940844134264,0.5775166054128142,4.544354838709677,5.818745443548391,10.09826262096775,9.821487741935492,0.4838709677419355,0.2534727419354699,0.5120967741935484,0.14324653225805611,0.4879032258064516,-0.30530427419354245,0.4959677419354839,-0.5258136290322734,0.4959677419354839
0.3,6,1.0,SEG2_SEG3,HIGH_FIRST,HIGH,248,8.241940844134264,0.5775166054128142,4.544354838709677,5.818745443548391,10.09826262096775,9.821487741935492,0.4838709677419355,0.2534727419354699,0.5120967741935484,0.14324653225805611,0.4879032258064516,-0.30530427419354245,0.4959677419354839,-0.5258136290322734,0.4959677419354839
0.2,10,1.0,SEG3,ANY,ALL,921,30.608175473579262,0.42180119583579084,5.397394136807818,4.708201302931592,8.832709218241042,8.85582427795875,0.46688382193268185,0.2852773724212827,0.498371335504886,0.1313864060803518,0.500542888165038,-0.0020422692725158248,0.48425624321389793,-0.24277104234527588,0.495928338762215
0.3,8,1.0,SEG2_SEG3,ANY,HIGH,305,10.136257892987704,0.5564510755614622,5.045901639344263,5.611663737704912,9.923271704918038,9.626651377049178,0.4721311475409836,0.16772642622949444,0.5016393442622951,0.23922242622949078,0.49508196721311476,-0.26571491803278313,0.4918032786885246,-0.5896962950819797,0.49590163934426235
0.3,8,1.0,SEG2_SEG3,HIGH_FIRST,HIGH,305,10.136257892987704,0.5564510755614622,5.045901639344263,5.611663737704912,9.923271704918038,9.626651377049178,0.4721311475409836,0.16772642622949444,0.5016393442622951,0.23922242622949078,0.49508196721311476,-0.26571491803278313,0.4918032786885246,-0.5896962950819797,0.49590163934426235
0.2,6,2.0,SEG2_SEG3,ANY,HIGH,244,8.109006314390163,0.5336233926900051,4.467213114754099,6.846847950819691,10.358084549180333,10.09109102459019,0.47950819672131145,0.2673314754098291,0.4959016393442623,0.2707384836065729,0.48360655737704916,-0.3334468852458988,0.5204918032786885,-0.6155739754098395,0.4959016393442623
0.2,6,2.0,SEG2_SEG3,HIGH_FIRST,HIGH,244,8.109006314390163,0.5336233926900051,4.467213114754099,6.846847950819691,10.358084549180333,10.09109102459019,0.47950819672131145,0.2673314754098291,0.4959016393442623,0.2707384836065729,0.48360655737704916,-0.3334468852458988,0.5204918032786885,-0.6155739754098395,0.4959016393442623
0.3,8,2.0,SEG3,ANY,ALL,486,16.151545363908276,0.5051027781448462,5.008230452674897,5.641399218106994,9.276352530864198,9.420868703703704,0.4732510288065844,0.16727835390946644,0.49794238683127573,0.3244185596707936,0.5,0.17869271604939155,0.48559670781893005,-0.015604135802464735,0.49588477366255146
0.3,8,2.0,SEG3,HIGH_FIRST,ALL,486,16.151545363908276,0.5051027781448462,5.008230452674897,5.641399218106994,9.276352530864198,9.420868703703704,0.4732510288065844,0.16727835390946644,0.49794238683127573,0.3244185596707936,0.5,0.17869271604939155,0.48559670781893005,-0.015604135802464735,0.49588477366255146
0.1,8,0.0,SEG3,ANY,ALL,1310,43.53605849119309,0.36181530288474245,5.438931297709924,4.198732038167936,8.64980446564885,8.657018427480926,0.4648854961832061,0.14541012977099207,0.4946564885496183,0.07905274809160405,0.49694656488549616,0.0008167404580257675,0.4946564885496183,-0.31160146564885816,0.49580152671755723
0.2,8,1.0,SEG3,ANY,ALL,890,29.57793286806248,0.42370112020246464,5.265168539325843,4.735614775280893,8.927291157303374,8.89497653932585,0.46741573033707867,0.2744144719101125,0.49775280898876406,0.12658157303370787,0.501123595505618,-0.07265451685392119,0.48314606741573035,-0.27339110112359705,0.4957865168539326
0.35,10,2.0,SEG2_SEG3,ANY,HIGH,237,7.876370887337986,0.5821470901601093,5.0042194092827,6.3330580168776365,10.275414261603366,10.101398396624488,0.46835443037974683,0.33154016877636266,0.48945147679324896,0.35455400843882684,0.4978902953586498,-0.23834333333330765,0.4978902953586498,-0.2900501687763723,0.49578059071729963
0.35,10,2.0,SEG2_SEG3,HIGH_FIRST,HIGH,237,7.876370887337986,0.5821470901601093,5.0042194092827,6.3330580168776365,10.275414261603366,10.101398396624488,0.46835443037974683,0.33154016877636266,0.48945147679324896,0.35455400843882684,0.4978902953586498,-0.23834333333330765,0.4978902953586498,-0.2900501687763723,0.49578059071729963
0.35,12,2.0,SEG2_SEG3,ANY,HIGH,237,7.876370887337986,0.5821470901601093,5.0042194092827,6.3330580168776365,10.275414261603366,10.101398396624488,0.46835443037974683,0.33154016877636266,0.48945147679324896,0.35455400843882684,0.4978902953586498,-0.23834333333330765,0.4978902953586498,-0.2900501687763723,0.49578059071729963
0.35,12,2.0,SEG2_SEG3,HIGH_FIRST,HIGH,237,7.876370887337986,0.5821470901601093,5.0042194092827,6.3330580168776365,10.275414261603366,10.101398396624488,0.46835443037974683,0.33154016877636266,0.48945147679324896,0.35455400843882684,0.4978902953586498,-0.23834333333330765,0.4978902953586498,-0.2900501687763723,0.49578059071729963
0.4,4,2.0,SEG2_SEG3,ANY,ALL,118,3.9215686274509802,0.6339787052522334,3.2966101694915255,6.465319152542418,10.281782288135627,9.999974661016926,0.5254237288135594,-0.29717313559322683,0.4745762711864407,-0.18522949152539864,0.4830508474576271,0.03712872881357911,0.5423728813559322,-1.253544152542383,0.4957627118644068
0.4,4,2.0,SEG2_SEG3,HIGH_FIRST,ALL,118,3.9215686274509802,0.6339787052522334,3.2966101694915255,6.465319152542418,10.281782288135627,9.999974661016926,0.5254237288135594,-0.29717313559322683,0.4745762711864407,-0.18522949152539864,0.4830508474576271,0.03712872881357911,0.5423728813559322,-1.253544152542383,0.4957627118644068
0.3,10,4.0,SEG2_SEG3,ANY,NORMAL,57,1.8943170488534398,0.4632962444709225,4.649122807017544,6.101413859649112,8.660254736842163,9.562669649122773,0.45614035087719296,-0.11429315789473549,0.5087719298245614,0.09846350877194454,0.47368421052631576,0.8644792982456653,0.5263157894736842,-0.3660980701754357,0.4956140350877193
0.3,10,4.0,SEG2_SEG3,HIGH_FIRST,NORMAL,57,1.8943170488534398,0.4632962444709225,4.649122807017544,6.101413859649112,8.660254736842163,9.562669649122773,0.45614035087719296,-0.11429315789473549,0.5087719298245614,0.09846350877194454,0.47368421052631576,0.8644792982456653,0.5263157894736842,-0.3660980701754357,0.4956140350877193
0.3,12,4.0,SEG2_SEG3,ANY,NORMAL,57,1.8943170488534398,0.4632962444709225,4.649122807017544,6.101413859649112,8.660254736842163,9.562669649122773,0.45614035087719296,-0.11429315789473549,0.5087719298245614,0.09846350877194454,0.47368421052631576,0.8644792982456653,0.5263157894736842,-0.3660980701754357,0.4956140350877193
0.3,12,4.0,SEG2_SEG3,HIGH_FIRST,NORMAL,57,1.8943170488534398,0.4632962444709225,4.649122807017544,6.101413859649112,8.660254736842163,9.562669649122773,0.45614035087719296,-0.11429315789473549,0.5087719298245614,0.09846350877194454,0.47368421052631576,0.8644792982456653,0.5263157894736842,-0.3660980701754357,0.4956140350877193
0.3,12,0.0,SEG3,HIGH_FIRST,ALL,735,24.426719840478565,0.4967803816571564,5.331972789115646,4.165463755102027,8.626977020408155,8.68024258503402,0.47210884353741495,0.008864040816331376,0.5034013605442177,0.0755016870748372,0.49523809523809526,0.2148749659864035,0.4884353741496599,-0.13784202721088237,0.49557823129251705
0.2,8,2.0,SEG3,HIGH_FIRST,QUIET,167,5.550016616816218,0.33751239471253325,5.449101796407185,3.9538690419161906,7.719974730538928,7.892290718562887,0.46706586826347307,0.500031856287421,0.5089820359281437,0.03847101796406719,0.49700598802395207,0.5654525149700652,0.47904191616766467,0.3802354491017849,0.49550898203592814
0.3,8,0.0,SEG3,ANY,ALL,712,23.662346294449982,0.497235667557435,5.189606741573034,4.195374339887625,8.699227036516849,8.767268904494383,0.47331460674157305,0.00014773876404908581,0.5042134831460674,0.0831813764044995,0.4943820224719101,0.22422183988764888,0.4887640449438202,-0.17677695224719225,0.49543539325842695
0.1,6,2.0,SEG2_SEG3,HIGH_FIRST,HIGH,271,9.006314390162844,0.49605520978871537,4.487084870848708,6.952978634686368,10.184602029520294,9.989891881918847,0.46863468634686345,0.31773863468634433,0.4944649446494465,0.3650374169741792,0.4870848708487085,-0.41840970479704226,0.5129151291512916,-0.7725905166051577,0.49538745387453875
0.2,10,1.0,SEG2_SEG3,ANY,HIGH,374,12.429378531073446,0.5076116663737306,5.221925133689839,5.896127245989303,9.941872887700544,9.483216390374341,0.4786096256684492,0.17025521390373163,0.5053475935828877,0.2572595454545363,0.4839572192513369,-0.22412323529411066,0.5080213903743316,-0.9491039037433229,0.49532085561497324
0.2,10,1.0,SEG2_SEG3,HIGH_FIRST,HIGH,374,12.429378531073446,0.5076116663737306,5.221925133689839,5.896127245989303,9.941872887700544,9.483216390374341,0.4786096256684492,0.17025521390373163,0.5053475935828877,0.2572595454545363,0.4839572192513369,-0.22412323529411066,0.5080213903743316,-0.9491039037433229,0.49532085561497324
0.3,10,0.0,SEG3,ANY,ALL,736,24.459953472914588,0.49570672562013307,5.319293478260869,4.154783138586943,8.62582680706521,8.685683709239136,0.47146739130434784,0.007891521739136055,0.5027173913043478,0.07338703804348605,0.4945652173913043,0.22083311141305234,0.4891304347826087,-0.13207876358695636,0.4952445652173913
0.1,8,0.0,SEG3,HIGH_FIRST,ALL,1244,41.34263875041542,0.3723413780455957,5.422829581993569,4.289254445337613,8.545792331189705,8.642298995176859,0.4678456591639871,0.16744598874598082,0.4967845659163987,0.1552053376205821,0.49517684887459806,0.15846966237943091,0.49356913183279744,-0.1390555948553049,0.49517684887459806
0.1,4,2.0,SEG3,HIGH_FIRST,ALL,258,8.574277168494516,0.4421405037475837,3.356589147286822,6.051409379844976,9.17165403100778,9.307947906976736,0.5038759689922481,0.03698852713178126,0.47674418604651164,0.06814414728683886,0.49612403100775193,0.18912333333334164,0.5116279069767442,-0.2882529844961369,0.4951550387596899
0.2,12,1.0,SEG3,ANY,ALL,923,30.67464273845131,0.4222052571554264,5.409534127843987,4.705227703141923,8.807890379198266,8.844970303358622,0.4658721560130011,0.29186058504875534,0.49729144095341277,0.13833561213434858,0.49945828819068255,0.005312340195029768,0.48429035752979416,-0.23738498374864406,0.495124593716143
0.2,10,0.0,SEG2_SEG3,ANY,NORMAL,205,6.812894649385178,0.41140546594637933,5.5024390243902435,3.732481658536558,7.868063951219505,8.372500536585362,0.44878048780487806,0.2515461951219572,0.4878048780487805,0.04828902439027244,0.4975609756097561,0.29003951219513885,0.4975609756097561,-1.1323130243902464,0.4951219512195122
0.2,12,0.0,SEG2_SEG3,ANY,NORMAL,205,6.812894649385178,0.41140546594637933,5.5024390243902435,3.732481658536558,7.868063951219505,8.372500536585362,0.44878048780487806,0.2515461951219572,0.4878048780487805,0.04828902439027244,0.4975609756097561,0.29003951219513885,0.4975609756097561,-1.1323130243902464,0.4951219512195122
0.2,8,0.0,SEG3,ANY,HIGH,457,15.187770023263543,0.49571298523962903,5.12253829321663,5.399918271334798,10.048237899343537,9.66363463894969,0.48577680525164113,-0.014849102844635871,0.5032822757111597,0.228629037199127,0.49015317286652077,-0.08590612691465334,0.49671772428884026,-0.39401096280088194,0.49507658643326036
0.2,8,0.0,SEG3,HIGH_FIRST,HIGH,457,15.187770023263543,0.49571298523962903,5.12253829321663,5.399918271334798,10.048237899343537,9.66363463894969,0.48577680525164113,-0.014849102844635871,0.5032822757111597,0.228629037199127,0.49015317286652077,-0.08590612691465334,0.49671772428884026,-0.39401096280088194,0.49507658643326036
0.2,8,0.0,SEG3,ANY,QUIET,304,10.103024260551678,0.3387471668932005,5.723684210526316,2.675548486842072,7.5897855263157865,6.954715888157907,0.48026315789473684,0.061012368421049394,0.5032894736842105,-0.5764729276315818,0.4934210526315789,-0.3289575657894764,0.4901315789473684,0.17024944078946042,0.4950657894736842
0.35,6,0.0,SEG2_SEG3,ANY,HIGH,252,8.374875373878364,0.5985694258456761,4.511904761904762,5.306478452380973,10.085335992063484,9.695447420634945,0.4801587301587302,0.2907773015872949,0.5119047619047619,0.042568174603184884,0.48412698412698413,-0.30121686507934303,0.5,-0.24627484126984286,0.49503968253968256
0.35,6,0.0,SEG2_SEG3,HIGH_FIRST,HIGH,252,8.374875373878364,0.5985694258456761,4.511904761904762,5.306478452380973,10.085335992063484,9.695447420634945,0.4801587301587302,0.2907773015872949,0.5119047619047619,0.042568174603184884,0.48412698412698413,-0.30121686507934303,0.5,-0.24627484126984286,0.49503968253968256
0.1,6,0.0,SEG2_SEG3,HIGH_FIRST,ALL,703,23.363243602525756,0.4239867331046435,4.716927453769559,4.694774238975816,8.803992489331444,8.666713271692748,0.4850640113798009,0.07951432432432473,0.48933143669985774,0.1112361735419698,0.492176386913229,-0.2324483499288721,0.5064011379800853,-0.8060337411095235,0.49502133712660024
0.2,8,1.0,SEG3,ANY,QUIET,249,8.275174476570289,0.33969866483902933,5.606425702811245,3.153927951807228,7.755711686746987,7.252056425702824,0.4819277108433735,0.25502236947791224,0.5020080321285141,-0.36013200803212986,0.5060240963855421,-0.2357760642570114,0.46586345381526106,0.3920627309236905,0.49497991967871485
0.1,10,1.0,SEG3,ANY,NORMAL,297,9.8703888334995,0.3365120690396734,5.3872053872053876,4.498568350168346,8.336272289562286,9.544825925925927,0.44107744107744107,0.46269380471381055,0.4882154882154882,0.26146020202021236,0.5050505050505051,0.6329568686868856,0.48148148148148145,0.12914225589228062,0.4949494949494949
0.2,10,0.0,SEG3,ANY,HIGH,476,15.819209039548022,0.49277611964621026,5.281512605042017,5.3587767016806795,9.928628004201673,9.57178510504204,0.4852941176470588,-0.008136575630247849,0.5042016806722689,0.21411752100840956,0.4894957983193277,-0.015613340336122333,0.4957983193277311,-0.2941403991596671,0.4947478991596639
0.2,10,0.0,SEG3,HIGH_FIRST,HIGH,476,15.819209039548022,0.49277611964621026,5.281512605042017,5.3587767016806795,9.928628004201673,9.57178510504204,0.4852941176470588,-0.008136575630247849,0.5042016806722689,0.21411752100840956,0.4894957983193277,-0.015613340336122333,0.4957983193277311,-0.2941403991596671,0.4947478991596639
0.3,10,2.0,SEG2_SEG3,ANY,ALL,423,14.057826520438685,0.5206051129952313,5.09692671394799,5.684193971631205,9.454655839243497,9.229858156028369,0.47754137115839246,0.10091867612293348,0.4988179669030733,0.11728801418440798,0.4940898345153664,-0.041501394799036785,0.491725768321513,-0.5033402600472823,0.4946808510638298
0.3,10,2.0,SEG2_SEG3,HIGH_FIRST,ALL,423,14.057826520438685,0.5206051129952313,5.09692671394799,5.684193971631205,9.454655839243497,9.229858156028369,0.47754137115839246,0.10091867612293348,0.4988179669030733,0.11728801418440798,0.4940898345153664,-0.041501394799036785,0.491725768321513,-0.5033402600472823,0.4946808510638298
0.3,12,2.0,SEG2_SEG3,ANY,ALL,423,14.057826520438685,0.5206051129952313,5.09692671394799,5.684193971631205,9.454655839243497,9.229858156028369,0.47754137115839246,0.10091867612293348,0.4988179669030733,0.11728801418440798,0.4940898345153664,-0.041501394799036785,0.491725768321513,-0.5033402600472823,0.4946808510638298
0.3,12,2.0,SEG2_SEG3,HIGH_FIRST,ALL,423,14.057826520438685,0.5206051129952313,5.09692671394799,5.684193971631205,9.454655839243497,9.229858156028369,0.47754137115839246,0.10091867612293348,0.4988179669030733,0.11728801418440798,0.4940898345153664,-0.041501394799036785,0.491725768321513,-0.5033402600472823,0.4946808510638298
0.2,12,1.0,SEG2_SEG3,ANY,HIGH,375,12.46261216350947,0.5071869372096994,5.237333333333333,5.883299546666663,9.916176426666675,9.462980933333343,0.47733333333333333,0.1723898399999877,0.504,0.2594669333333222,0.4826666666666667,-0.22059879999999368,0.5093333333333333,-0.9497405066666736,0.4946666666666667
0.2,12,1.0,SEG2_SEG3,HIGH_FIRST,HIGH,375,12.46261216350947,0.5071869372096994,5.237333333333333,5.883299546666663,9.916176426666675,9.462980933333343,0.47733333333333333,0.1723898399999877,0.504,0.2594669333333222,0.4826666666666667,-0.22059879999999368,0.5093333333333333,-0.9497405066666736,0.4946666666666667
0.1,12,2.0,SEG2_SEG3,ANY,QUIET,184,6.114988368228647,0.2765666010016211,5.711956521739131,4.0503610326086745,7.816268641304377,8.000676576086933,0.4782608695652174,0.32415456521736674,0.483695652173913,0.0037900000000031073,0.483695652173913,0.22506663043478542,0.5271739130434783,-0.8304289673913385,0.4945652173913043
0.1,6,0.0,SEG2_SEG3,ANY,NORMAL,181,6.015287470920572,0.38751816639255154,4.779005524861878,4.201766685082845,8.36126209944753,8.62617469613256,0.47513812154696133,-0.12656922651933591,0.49171270718232046,-0.05743375690607139,0.49171270718232046,-0.07161055248618331,0.5027624309392266,-1.0921679558011057,0.494475138121547
0.35,10,0.0,SEG2_SEG3,ANY,HIGH,314,10.435360584911932,0.5794503750860633,5.10828025477707,5.055184904458614,9.994486305732472,9.638389872611487,0.4681528662420382,0.16389872611464934,0.5063694267515924,0.08803442675160195,0.49363057324840764,-0.1387097770700403,0.4840764331210191,0.08623611464968467,0.4944267515923567
0.35,10,0.0,SEG2_SEG3,HIGH_FIRST,HIGH,314,10.435360584911932,0.5794503750860633,5.10828025477707,5.055184904458614,9.994486305732472,9.638389872611487,0.4681528662420382,0.16389872611464934,0.5063694267515924,0.08803442675160195,0.49363057324840764,-0.1387097770700403,0.4840764331210191,0.08623611464968467,0.4944267515923567
0.35,12,0.0,SEG2_SEG3,ANY,HIGH,314,10.435360584911932,0.5794503750860633,5.10828025477707,5.055184904458614,9.994486305732472,9.638389872611487,0.4681528662420382,0.16389872611464934,0.5063694267515924,0.08803442675160195,0.49363057324840764,-0.1387097770700403,0.4840764331210191,0.08623611464968467,0.4944267515923567
0.35,12,0.0,SEG2_SEG3,HIGH_FIRST,HIGH,314,10.435360584911932,0.5794503750860633,5.10828025477707,5.055184904458614,9.994486305732472,9.638389872611487,0.4681528662420382,0.16389872611464934,0.5063694267515924,0.08803442675160195,0.49363057324840764,-0.1387097770700403,0.4840764331210191,0.08623611464968467,0.4944267515923567
0.1,10,1.0,SEG3,ANY,ALL,1190,39.548022598870055,0.35992516285479376,5.542857142857143,4.718871756302525,8.6535676722689,8.872244327731105,0.45630252100840335,0.3463388823529404,0.49159663865546216,0.22485091596638904,0.49831932773109244,0.0941377647058992,0.4890756302521008,-0.21612791596638342,0.494327731092437
0.1,8,2.0,SEG2_SEG3,ANY,QUIET,176,5.849119308740446,0.2822873778491811,5.551136363636363,4.064076931818172,7.816721647727292,7.9503420454545255,0.4772727272727273,0.299608977272713,0.48295454545454547,-0.02104499999999441,0.48295454545454547,0.2509402272727279,0.5284090909090909,-0.9491884090909314,0.4943181818181819
0.3,12,0.0,SEG3,ANY,ALL,738,24.52642073778664,0.4960117900353837,5.3346883468834685,4.15256390243901,8.595347100270995,8.672569972899733,0.470189701897019,0.016876720867214052,0.5013550135501355,0.08223543360434345,0.4932249322493225,0.22942735772358547,0.489159891598916,-0.12564252032520223,0.4942411924119241
0.2,10,1.0,SEG2_SEG3,ANY,ALL,724,24.061149883682287,0.4450947077875835,5.352209944751381,4.846245013812144,8.893937500000007,8.715445276243099,0.4696132596685083,0.20289888121546548,0.494475138121547,0.08019748618785431,0.494475138121547,-0.158229419889493,0.4930939226519337,-0.7688136187845328,0.49412983425414364
0.2,8,0.0,SEG3,ANY,ALL,1022,33.96477234961781,0.42221487745659736,5.323874755381604,4.187615831702532,8.79279626223092,8.66299980430529,0.4735812133072407,0.12487413894324793,0.50293542074364,-0.027139960861058066,0.49217221135029354,0.0036093639921759707,0.4892367906066536,-0.2143024559686953,0.4941291585127201
0.1,10,0.0,SEG2_SEG3,HIGH_FIRST,HIGH,458,15.221003655699567,0.4741756474617082,5.292576419213974,5.454515873362452,9.882895655021828,9.485864759825352,0.4759825327510917,0.12359270742358028,0.5021834061135371,0.29913124454148154,0.4890829694323144,-0.11056495633186499,0.49563318777292575,-0.5437053711790296,0.49399563318777295
0.1,8,1.0,SEG2_SEG3,ANY,NORMAL,205,6.812894649385178,0.3669614729364259,5.229268292682927,4.4448632195121585,8.050204682926841,8.948062048780479,0.44878048780487806,0.11260770731708074,0.48292682926829267,0.3590389756097665,0.4975609756097561,0.5777725853658722,0.4975609756097561,-0.30525702439023317,0.49390243902439024
0.1,8,1.0,SEG3,HIGH_FIRST,ALL,1090,36.224659355267534,0.37223165706263983,5.367889908256881,4.823528247706422,8.5992465412844,8.869869110091754,0.45871559633027525,0.3329055045871586,0.4908256880733945,0.3178309633027561,0.4981651376146789,0.18752688073396095,0.48807339449541287,-0.1072795871559582,0.49380733944954125
0.2,12,1.0,SEG2_SEG3,ANY,ALL,725,24.094383516118313,0.44496125057665176,5.36,4.841058110344816,8.882091655172422,8.70603765517242,0.4689655172413793,0.20395797241378863,0.49379310344827587,0.08158346206897352,0.49379310344827587,-0.1564973241379216,0.49379310344827587,-0.7693915724137953,0.49379310344827587
0.1,6,1.0,SEG2_SEG3,ANY,HIGH,322,10.701229644400133,0.4938733043728682,4.568322981366459,6.178904440993801,9.846414844720503,9.713864440993808,0.4720496894409938,0.380165248447197,0.5,0.40834375776396725,0.4813664596273292,-0.24942732919254487,0.5124223602484472,-1.085697826086954,0.49378881987577644
0.2,8,0.0,SEG3,HIGH_FIRST,ALL,1004,33.36656696576936,0.42533547572387537,5.322709163346613,4.226064272908355,8.721858027888446,8.669135547808771,0.4750996015936255,0.14167859561753013,0.5039840637450199,0.05432879482071781,0.49203187250996017,0.08362108565737603,0.48705179282868527,-0.08148504980080039,0.4937749003984064
0.1,8,0.0,SEG2_SEG3,HIGH_FIRST,HIGH,440,14.622798271851114,0.47729168970926683,5.136363636363637,5.50362727272728,9.868392454545452,9.574700954545476,0.475,0.15980138636363211,0.5022727272727273,0.3679715909090863,0.48863636363636365,-0.08184859090908338,0.4954545454545455,-0.5414962499999939,0.49375
0.2,8,1.0,SEG3,HIGH_FIRST,ALL,876,29.112662013958126,0.42653433623658726,5.261415525114155,4.770791735159813,8.814444714611874,8.908025970319642,0.4680365296803653,0.304586609589043,0.4965753424657534,0.23254479452055019,0.4988584474885845,0.036651837899557074,0.4805936073059361,-0.11816808219177999,0.4937214611872146
0.35,8,1.0,SEG2_SEG3,ANY,HIGH,275,9.139248919906946,0.5813852188729919,4.992727272727273,5.575947490909085,9.964906581818191,9.86806341818182,0.4581818181818182,0.37864163636362225,0.5018181818181818,0.2702575272727154,0.4909090909090909,-0.09510596363635077,0.4909090909090909,-0.22281556363637553,0.49363636363636365
0.35,8,1.0,SEG2_SEG3,HIGH_FIRST,HIGH,275,9.139248919906946,0.5813852188729919,4.992727272727273,5.575947490909085,9.964906581818191,9.86806341818182,0.4581818181818182,0.37864163636362225,0.5018181818181818,0.2702575272727154,0.4909090909090909,-0.09510596363635077,0.4909090909090909,-0.22281556363637553,0.49363636363636365
0.2,8,1.0,SEG2_SEG3,ANY,ALL,702,23.33000997008973,0.44686922977064014,5.233618233618234,4.860223247863236,8.958283646723661,8.75662527065527,0.4700854700854701,0.19504391737890964,0.4943019943019943,0.06923377492877855,0.4943019943019943,-0.2183278774928702,0.49145299145299143,-0.7623280911680959,0.4935897435897436
0.1,12,1.0,SEG3,ANY,ALL,1194,39.68095712861416,0.36002408438847283,5.561139028475712,4.713768324958128,8.636465979899492,8.881854338358472,0.4556113902847571,0.3510142797319925,0.490787269681742,0.22910241206030377,0.49748743718592964,0.11660468174206023,0.4882747068676717,-0.180176557788941,0.4935092127303182
0.2,10,1.0,SEG3,HIGH_FIRST,ALL,906,30.109670987038882,0.4247334462846751,5.3907284768211925,4.745693311258274,8.7164593598234,8.865837737306853,0.46688741721854304,0.3201066887417251,0.4966887417218543,0.24326864238411197,0.4977924944812362,0.1112287748344528,0.48123620309050774,-0.08054804635761278,0.49337748344370863
0.2,6,0.0,SEG3,ANY,ALL,787,26.15486872715188,0.4388661732096051,4.721728081321474,4.376891245235073,8.851977573062268,8.837397026683613,0.48538754764930114,0.13288551461245285,0.49682337992376113,0.007869809402801473,0.49428208386277,-0.012429174078771319,0.48792884371029227,-0.2516249936467611,0.49332909783989837
0.2,6,1.0,SEG3,ANY,NORMAL,187,6.214689265536723,0.397268359873056,4.705882352941177,4.455805080213903,8.490365454545469,9.300659839572177,0.45989304812834225,0.312792352941191,0.4919786096256685,0.08327598930482832,0.5080213903743316,0.168014278074881,0.46524064171123,-0.5160090374331321,0.4933155080213904
0.35,4,1.0,SEG3,ANY,HIGH,112,3.7221668328348287,0.6287242214780197,3.3392857142857144,6.198710535714342,10.880577053571447,10.006169553571453,0.5178571428571429,-0.06575723214283309,0.48214285714285715,-0.20536249999996212,0.48214285714285715,-0.6204135714285103,0.5267857142857143,-0.9241673214285859,0.4933035714285714
0.35,4,1.0,SEG3,HIGH_FIRST,HIGH,112,3.7221668328348287,0.6287242214780197,3.3392857142857144,6.198710535714342,10.880577053571447,10.006169553571453,0.5178571428571429,-0.06575723214283309,0.48214285714285715,-0.20536249999996212,0.48214285714285715,-0.6204135714285103,0.5267857142857143,-0.9241673214285859,0.4933035714285714
0.1,12,1.0,SEG3,ANY,NORMAL,298,9.903622465935527,0.3360492200897367,5.406040268456376,4.495449261744963,8.337242852348991,9.639748859060404,0.4395973154362416,0.4669761744966501,0.4865771812080537,0.2732848322147748,0.5033557046979866,0.7327725167785407,0.4798657718120805,0.21403442953022558,0.49328859060402686
0.2,6,0.0,SEG3,HIGH_FIRST,ALL,774,25.722831505483548,0.44225814043210554,4.722222222222222,4.41464954780362,8.771463359173131,8.830717390180885,0.48578811369509045,0.16497538759690236,0.4974160206718346,0.09592028423773359,0.49483204134366926,0.055414470284247876,0.48578811369509045,-0.09562109819121266,0.4932170542635659
0.2,12,0.0,SEG3,ANY,HIGH,478,15.885676304420073,0.4932593806303164,5.305439330543933,5.350312719665279,9.876118326359824,9.547830836820106,0.48326359832635984,0.0058030334728072334,0.502092050209205,0.22719002092050772,0.4874476987447699,-0.0013550836819972403,0.49581589958158995,-0.2835251882845207,0.4932008368200837
0.2,12,0.0,SEG3,HIGH_FIRST,HIGH,478,15.885676304420073,0.4932593806303164,5.305439330543933,5.350312719665279,9.876118326359824,9.547830836820106,0.48326359832635984,0.0058030334728072334,0.502092050209205,0.22719002092050772,0.4874476987447699,-0.0013550836819972403,0.49581589958158995,-0.2835251882845207,0.4932008368200837
0.2,8,0.0,SEG3,HIGH_FIRST,QUIET,293,9.7374543037554,0.3416183921828086,5.723549488054608,2.719133924914649,7.376071740614334,6.996228054607524,0.4880546075085324,0.06347221843003019,0.5051194539249146,-0.3941189078498303,0.49146757679180886,-0.01570740614334424,0.48464163822525597,0.4904309215017024,0.4931740614334471
0.1,10,2.0,SEG2_SEG3,ANY,QUIET,183,6.0817547357926225,0.27729822783234986,5.683060109289618,4.05860814207648,7.799900054644839,8.036537978142052,0.47540983606557374,0.33367409836063033,0.4808743169398907,0.02832655737705108,0.4808743169398907,0.2807237704918049,0.5300546448087432,-0.9013526775956638,0.49316939890710376
0.1,10,1.0,SEG2_SEG3,ANY,NORMAL,219,7.278165503489531,0.36057657016334116,5.4840182648401825,4.403433196347011,7.886692511415528,9.069150136986302,0.4474885844748858,0.2393551598173639,0.4794520547945205,0.44137762557079546,0.4977168949771689,0.8068740182648527,0.4977168949771689,-0.11458287671231539,0.4931506849315068
0.3,8,3.0,SEG2_SEG3,ANY,NORMAL,73,2.4260551678298437,0.4647953144921738,4.726027397260274,5.529241917808165,8.66632739726033,9.447379178082167,0.4246575342465753,0.14807150684931014,0.5205479452054794,-0.0136535616438217,0.4794520547945205,0.6862687671233376,0.4931506849315068,0.2848458904109564,0.4931506849315068
0.3,8,3.0,SEG2_SEG3,HIGH_FIRST,NORMAL,73,2.4260551678298437,0.4647953144921738,4.726027397260274,5.529241917808165,8.66632739726033,9.447379178082167,0.4246575342465753,0.14807150684931014,0.5205479452054794,-0.0136535616438217,0.4794520547945205,0.6862687671233376,0.4931506849315068,0.2848458904109564,0.4931506849315068
0.2,6,1.0,SEG3,HIGH_FIRST,NORMAL,181,6.015287470920572,0.402824530879828,4.696132596685083,4.49328624309392,8.330455469613268,9.17747430939225,0.4585635359116022,0.39905348066300694,0.49171270718232046,0.22495441988952564,0.5082872928176796,0.11246038674035337,0.46408839779005523,-0.3366341988950044,0.4930939226519337
0.1,6,0.0,SEG2_SEG3,ANY,ALL,715,23.76204719175806,0.419589171293117,4.72027972027972,4.6887232587412555,8.80577555244756,8.690042153846155,0.4825174825174825,0.09740930069929926,0.48671328671328673,0.12062370629371329,0.48951048951048953,-0.22765283916083667,0.5062937062937063,-0.8779031328671262,0.493006993006993
0.35,10,3.0,SEG2_SEG3,ANY,ALL,284,9.438351611831173,0.5480981313088308,4.992957746478873,6.593612042253514,9.829884753521126,9.699877852112685,0.4647887323943662,0.2930441197182969,0.5,0.0694590845070697,0.4859154929577465,-0.06459704225350263,0.5,-0.31717112676057574,0.49295774647887325
0.35,10,3.0,SEG2_SEG3,HIGH_FIRST,ALL,284,9.438351611831173,0.5480981313088308,4.992957746478873,6.593612042253514,9.829884753521126,9.699877852112685,0.4647887323943662,0.2930441197182969,0.5,0.0694590845070697,0.4859154929577465,-0.06459704225350263,0.5,-0.31717112676057574,0.49295774647887325
0.35,12,3.0,SEG2_SEG3,ANY,ALL,284,9.438351611831173,0.5480981313088308,4.992957746478873,6.593612042253514,9.829884753521126,9.699877852112685,0.4647887323943662,0.2930441197182969,0.5,0.0694590845070697,0.4859154929577465,-0.06459704225350263,0.5,-0.31717112676057574,0.49295774647887325
0.35,12,3.0,SEG2_SEG3,HIGH_FIRST,ALL,284,9.438351611831173,0.5480981313088308,4.992957746478873,6.593612042253514,9.829884753521126,9.699877852112685,0.4647887323943662,0.2930441197182969,0.5,0.0694590845070697,0.4859154929577465,-0.06459704225350263,0.5,-0.31717112676057574,0.49295774647887325
0.1,12,0.0,SEG2_SEG3,HIGH_FIRST,HIGH,460,15.287470920571618,0.4732287422148685,5.317391304347826,5.433743326086962,9.84413069565217,9.45364584782611,0.47391304347826085,0.12561415217391106,0.5,0.3008306304347768,0.48695652173913045,-0.10710678260868463,0.49782608695652175,-0.6016004782608612,0.4929347826086957
0.2,6,1.0,SEG2_SEG3,ANY,NORMAL,138,4.586241276171486,0.42644784435541505,4.739130434782608,4.353184999999969,8.54419217391305,8.591622826086944,0.47101449275362317,-0.13419724637678948,0.4782608695652174,-0.26462398550720667,0.5072463768115942,-0.4306395652173659,0.4782608695652174,-1.4095072463767997,0.49275362318840576
0.1,6,2.0,SEG3,ANY,ALL,715,23.76204719175806,0.3811234276166726,4.689510489510489,5.651008937062953,9.011128867132863,9.178243818181828,0.46293706293706294,0.39599193006993594,0.4881118881118881,0.308080713286729,0.4979020979020979,-0.000571902097890161,0.48671328671328673,-0.36165731468531037,0.4926573426573426
0.2,10,0.0,SEG2_SEG3,HIGH_FIRST,NORMAL,204,6.779661016949152,0.4124042351753531,5.5,3.732973676470563,7.788571029411759,8.38447921568627,0.44607843137254904,0.29204519607843865,0.4852941176470588,0.1371737254902227,0.4950980392156863,0.3269811764706072,0.4950980392156863,-0.9972224509803963,0.49264705882352944
0.2,12,0.0,SEG2_SEG3,HIGH_FIRST,NORMAL,204,6.779661016949152,0.4124042351753531,5.5,3.732973676470563,7.788571029411759,8.38447921568627,0.44607843137254904,0.29204519607843865,0.4852941176470588,0.1371737254902227,0.4950980392156863,0.3269811764706072,0.4950980392156863,-0.9972224509803963,0.49264705882352944
0.1,4,2.0,SEG3,ANY,HIGH,136,4.519774011299435,0.5176664953151159,3.338235294117647,7.033947279411825,10.22100757352941,10.21873794117649,0.5073529411764706,-0.18393801470585913,0.47058823529411764,-0.1760998529411428,0.47794117647058826,-0.2192722794116916,0.5441176470588235,-0.9595129411764861,0.49264705882352944
0.2,12,1.0,SEG3,HIGH_FIRST,ALL,908,30.176138251910935,0.42513772392468147,5.403083700440528,4.742588006607925,8.691486574889868,8.854782400881067,0.4658590308370044,0.3267219383259943,0.4955947136563877,0.2500862114537502,0.4966960352422907,0.11845538546257024,0.4812775330396476,-0.07543033039647197,0.49256607929515417
0.2,10,2.0,SEG3,HIGH_FIRST,QUIET,168,5.583250249252243,0.33695581069477293,5.470238095238095,3.951764880952399,7.678948690476199,7.918129285714296,0.4642857142857143,0.5324002380952303,0.5059523809523809,0.06155124999999305,0.49404761904761907,0.6135433333333362,0.47619047619047616,0.5088173809523694,0.49255952380952384
0.2,12,2.0,SEG3,HIGH_FIRST,QUIET,168,5.583250249252243,0.33695581069477293,5.470238095238095,3.951764880952399,7.678948690476199,7.918129285714296,0.4642857142857143,0.5324002380952303,0.5059523809523809,0.06155124999999305,0.49404761904761907,0.6135433333333362,0.47619047619047616,0.5088173809523694,0.49255952380952384
0.1,4,2.0,SEG3,HIGH_FIRST,HIGH,134,4.453306746427384,0.5235680997748489,3.3358208955223883,7.051078880597077,10.240537537313434,10.236510447761217,0.5,-0.14620305970146913,0.4701492537313433,-0.18739022388055687,0.47761194029850745,-0.2602925373133605,0.5447761194029851,-1.009616791044786,0.4925373134328358
0.3,10,2.0,SEG2_SEG3,ANY,HIGH,264,8.773678963110669,0.5561043400752278,5.1022727272727275,6.368492803030308,10.174790037878783,9.851931287878802,0.4772727272727273,0.15311871212120284,0.48863636363636365,0.31738109848485047,0.49242424242424243,-0.2825074242424138,0.4962121212121212,-0.33473060606060945,0.49242424242424243
0.3,10,2.0,SEG2_SEG3,HIGH_FIRST,HIGH,264,8.773678963110669,0.5561043400752278,5.1022727272727275,6.368492803030308,10.174790037878783,9.851931287878802,0.4772727272727273,0.15311871212120284,0.48863636363636365,0.31738109848485047,0.49242424242424243,-0.2825074242424138,0.4962121212121212,-0.33473060606060945,0.49242424242424243
0.3,12,2.0,SEG2_SEG3,ANY,HIGH,264,8.773678963110669,0.5561043400752278,5.1022727272727275,6.368492803030308,10.174790037878783,9.851931287878802,0.4772727272727273,0.15311871212120284,0.48863636363636365,0.31738109848485047,0.49242424242424243,-0.2825074242424138,0.4962121212121212,-0.33473060606060945,0.49242424242424243
0.3,12,2.0,SEG2_SEG3,HIGH_FIRST,HIGH,264,8.773678963110669,0.5561043400752278,5.1022727272727275,6.368492803030308,10.174790037878783,9.851931287878802,0.4772727272727273,0.15311871212120284,0.48863636363636365,0.31738109848485047,0.49242424242424243,-0.2825074242424138,0.4962121212121212,-0.33473060606060945,0.49242424242424243
0.1,6,1.0,SEG2_SEG3,ANY,NORMAL,165,5.483549351944167,0.38050221940141854,4.757575757575758,4.566348606060571,8.34008606060607,8.851550606060584,0.4666666666666667,-0.0997047272727121,0.47878787878787876,0.011964727272744781,0.49696969696969695,-0.03218260606059685,0.49696969696969695,-1.0190633333333194,0.49242424242424243
0.3,8,4.0,SEG3,ANY,NORMAL,66,2.193419740777667,0.4489893119608327,4.484848484848484,6.201892878787882,8.40921863636369,9.527869242424202,0.4393939393939394,-0.11064151515151108,0.5151515151515151,0.1937184848485217,0.4696969696969697,0.9932251515152033,0.5151515151515151,-0.4122665151514797,0.49242424242424243
0.3,8,4.0,SEG3,HIGH_FIRST,NORMAL,66,2.193419740777667,0.4489893119608327,4.484848484848484,6.201892878787882,8.40921863636369,9.527869242424202,0.4393939393939394,-0.11064151515151108,0.5151515151515151,0.1937184848485217,0.4696969696969697,0.9932251515152033,0.5151515151515151,-0.4122665151514797,0.49242424242424243
0.3,6,1.0,SEG3,ANY,ALL,494,16.417414423396476,0.5170427674810922,4.601214574898785,4.932408157894734,8.860006417004056,9.148218441295546,0.4757085020242915,0.22019165991903109,0.4979757085020243,0.2541772469635693,0.4979757085020243,0.14833593117410318,0.4757085020242915,-0.13658560728744829,0.4924089068825911
0.3,6,1.0,SEG3,HIGH_FIRST,ALL,494,16.417414423396476,0.5170427674810922,4.601214574898785,4.932408157894734,8.860006417004056,9.148218441295546,0.4757085020242915,0.22019165991903109,0.4979757085020243,0.2541772469635693,0.4979757085020243,0.14833593117410318,0.4757085020242915,-0.13658560728744829,0.4924089068825911
0.1,6,2.0,SEG3,HIGH_FIRST,ALL,689,22.897972748421402,0.38987847401126463,4.683599419448476,5.707257343976792,9.014196560232216,9.186251625544275,0.4644412191582003,0.4011114513788169,0.48911465892597966,0.2983945718432675,0.49637155297532654,0.021247445573305886,0.4876632801161103,-0.22688867924527864,0.49238026124818574
0.2,10,1.0,SEG2_SEG3,HIGH_FIRST,ALL,720,23.928215353938185,0.446168782908283,5.348611111111111,4.859963999999993,8.806994861111122,8.745101972222228,0.46805555555555556,0.23590669444444073,0.4930555555555556,0.17562215277778628,0.4930555555555556,-0.06758818055554469,0.49027777777777776,-0.6382242916666687,0.49236111111111114
0.35,4,4.0,SEG3,ANY,ALL,98,3.2568959787304754,0.5838692440890898,3.2448979591836733,7.8279294897959435,10.43026336734697,9.976690204081622,0.5,0.15770520408164532,0.4489795918367347,0.30901020408168733,0.4897959183673469,-0.23792918367342616,0.5408163265306123,-1.6770739795918566,0.4923469387755102
0.35,4,4.0,SEG3,HIGH_FIRST,ALL,98,3.2568959787304754,0.5838692440890898,3.2448979591836733,7.8279294897959435,10.43026336734697,9.976690204081622,0.5,0.15770520408164532,0.4489795918367347,0.30901020408168733,0.4897959183673469,-0.23792918367342616,0.5408163265306123,-1.6770739795918566,0.4923469387755102
0.2,10,0.0,SEG3,ANY,QUIET,318,10.568295114656031,0.3366324143989722,5.877358490566038,2.601906352201217,7.51158088050315,6.994435408805039,0.4811320754716981,0.07452213836477341,0.5,-0.5080972327044054,0.49056603773584906,-0.22752229559748813,0.48742138364779874,0.38253830188678223,0.4921383647798742
0.2,12,0.0,SEG3,ANY,QUIET,318,10.568295114656031,0.3366324143989722,5.877358490566038,2.601906352201217,7.51158088050315,6.994435408805039,0.4811320754716981,0.07452213836477341,0.5,-0.5080972327044054,0.49056603773584906,-0.22752229559748813,0.48742138364779874,0.38253830188678223,0.4921383647798742
0.2,8,0.0,SEG3,HIGH_FIRST,NORMAL,254,8.441342638750415,0.3952826553649505,5.2204724409448815,3.8523607874015497,7.887841417322854,8.809591496062971,0.4409448818897638,0.5135196456692913,0.5039370078740157,0.2580294488188973,0.49606299212598426,0.5032162992126062,0.47244094488188976,-0.17891433070865886,0.4921259842519685
0.3,8,2.0,SEG2_SEG3,ANY,ALL,411,13.659022931206382,0.5218701343639814,4.978102189781022,5.707404549878344,9.516877372262776,9.355860291970798,0.4768856447688564,0.09236379562043867,0.49878345498783455,0.14345080291971538,0.49148418491484186,-0.0053337956204229766,0.48661800486618007,-0.3942726763990298,0.4920924574209246
0.3,8,2.0,SEG2_SEG3,HIGH_FIRST,ALL,411,13.659022931206382,0.5218701343639814,4.978102189781022,5.707404549878344,9.516877372262776,9.355860291970798,0.4768856447688564,0.09236379562043867,0.49878345498783455,0.14345080291971538,0.49148418491484186,-0.0053337956204229766,0.48661800486618007,-0.3942726763990298,0.4920924574209246
0.2,12,1.0,SEG2_SEG3,HIGH_FIRST,ALL,721,23.96144898637421,0.4460330955947653,5.356449375866852,4.854729292649091,8.795203883495153,8.735601026352292,0.46740638002773927,0.23692588072121648,0.492371705963939,0.17688346740638752,0.492371705963939,-0.06597219140082167,0.4909847434119279,-0.6389865742024984,0.4920249653259362
0.35,10,1.0,SEG2_SEG3,ANY,HIGH,282,9.371884346959122,0.580520764223768,5.095744680851064,5.570239042553188,9.875066666666667,9.805994007092206,0.4574468085106383,0.4032399645389945,0.5,0.30030567375885914,0.48936170212765956,-0.0656264893616803,0.48936170212765956,-0.16914329787234675,0.4920212765957446
0.35,10,1.0,SEG2_SEG3,HIGH_FIRST,HIGH,282,9.371884346959122,0.580520764223768,5.095744680851064,5.570239042553188,9.875066666666667,9.805994007092206,0.4574468085106383,0.4032399645389945,0.5,0.30030567375885914,0.48936170212765956,-0.0656264893616803,0.48936170212765956,-0.16914329787234675,0.4920212765957446
0.35,12,1.0,SEG2_SEG3,ANY,HIGH,282,9.371884346959122,0.580520764223768,5.095744680851064,5.570239042553188,9.875066666666667,9.805994007092206,0.4574468085106383,0.4032399645389945,0.5,0.30030567375885914,0.48936170212765956,-0.0656264893616803,0.48936170212765956,-0.16914329787234675,0.4920212765957446
0.35,12,1.0,SEG2_SEG3,HIGH_FIRST,HIGH,282,9.371884346959122,0.580520764223768,5.095744680851064,5.570239042553188,9.875066666666667,9.805994007092206,0.4574468085106383,0.4032399645389945,0.5,0.30030567375885914,0.48936170212765956,-0.0656264893616803,0.48936170212765956,-0.16914329787234675,0.4920212765957446
0.3,6,2.0,SEG2_SEG3,ANY,ALL,341,11.332668660684613,0.5365991343467273,4.519061583577713,5.8546631671554294,9.697926451612913,9.489690850439876,0.4809384164222874,0.1487130791788865,0.5043988269794721,0.028337038123180374,0.4897360703812317,-0.13076260997066455,0.4838709677419355,-0.210600527859246,0.49193548387096775
0.3,6,2.0,SEG2_SEG3,HIGH_FIRST,ALL,341,11.332668660684613,0.5365991343467273,4.519061583577713,5.8546631671554294,9.697926451612913,9.489690850439876,0.4809384164222874,0.1487130791788865,0.5043988269794721,0.028337038123180374,0.4897360703812317,-0.13076260997066455,0.4838709677419355,-0.210600527859246,0.49193548387096775
0.2,6,0.0,SEG2_SEG3,ANY,NORMAL,153,5.084745762711864,0.43150135011857926,4.758169934640523,3.969839999999975,8.43999686274511,8.378609934640494,0.477124183006536,-0.14958633986927655,0.49019607843137253,-0.2648016339869018,0.49673202614379086,-0.296767647058807,0.48366013071895425,-1.2070039215686341,0.49183006535947715
0.35,8,3.0,SEG2_SEG3,ANY,ALL,275,9.139248919906946,0.5488121997137643,4.8545454545454545,6.63985821818181,9.940315600000009,9.839814072727275,0.46545454545454545,0.2801983636363498,0.5054545454545455,0.04186036363638612,0.48363636363636364,-0.0188842909090801,0.49454545454545457,-0.1468489090909266,0.4918181818181818
0.35,8,3.0,SEG2_SEG3,HIGH_FIRST,ALL,275,9.139248919906946,0.5488121997137643,4.8545454545454545,6.63985821818181,9.940315600000009,9.839814072727275,0.46545454545454545,0.2801983636363498,0.5054545454545455,0.04186036363638612,0.48363636363636364,-0.0188842909090801,0.49454545454545457,-0.1468489090909266,0.4918181818181818
0.35,4,3.0,SEG3,ANY,ALL,122,4.054503157195081,0.5814276380864629,3.30327868852459,6.965024672131181,9.873764754098401,9.891824918032789,0.5,-0.01019040983606217,0.4672131147540984,0.20986532786889525,0.4918032786885246,0.13538926229511325,0.5163934426229508,-0.13857131147543428,0.4918032786885246
0.35,4,3.0,SEG3,HIGH_FIRST,ALL,122,4.054503157195081,0.5814276380864629,3.30327868852459,6.965024672131181,9.873764754098401,9.891824918032789,0.5,-0.01019040983606217,0.4672131147540984,0.20986532786889525,0.4918032786885246,0.13538926229511325,0.5163934426229508,-0.13857131147543428,0.4918032786885246
0.2,10,0.0,SEG3,ANY,ALL,1067,35.46028580923895,0.41949783304881944,5.485473289597001,4.131644479850034,8.678210656044985,8.638112127460179,0.4723523898781631,0.1412250140581076,0.5004686035613871,0.006446972820996524,0.48922211808809746,0.09892787253983722,0.48828491096532334,-0.1145710871602655,0.4917994376757263
0.2,8,1.0,SEG2_SEG3,HIGH_FIRST,ALL,698,23.19707544034563,0.4479873274423247,5.229226361031519,4.874454742120335,8.868969441260758,8.787452693409742,0.4684813753581662,0.22904707736388955,0.49283667621776506,0.16760326647564777,0.49283667621776506,-0.1251741547277853,0.4885386819484241,-0.627585601719202,0.49176217765042984
0.1,8,1.0,SEG3,HIGH_FIRST,NORMAL,272,9.03954802259887,0.34570222776988885,5.1875,4.58678099264704,8.046058161764709,9.342244117647052,0.4375,0.47599301470588573,0.4852941176470588,0.5601182352941274,0.5,0.7543632720588458,0.48161764705882354,0.2401107352941364,0.4917279411764706
0.1,6,0.0,SEG2_SEG3,HIGH_FIRST,NORMAL,180,5.982053838484546,0.3885173976323116,4.772222222222222,4.204931444444418,8.27391011111113,8.641159833333296,0.4722222222222222,-0.0827709999999974,0.4888888888888889,0.04271488888889255,0.4888888888888889,-0.03175249999999323,0.5,-0.9388422777777805,0.49166666666666664
0.4,4,4.0,SEG3,ANY,HIGH,60,1.9940179461615155,0.647153973467772,3.2,8.810316500000045,12.30779399999999,10.633782000000013,0.5333333333333333,0.2189091666666703,0.43333333333333335,0.004111666666737316,0.48333333333333334,-0.9743061666666032,0.5666666666666667,-2.8221071666666453,0.49166666666666664
0.4,4,4.0,SEG3,HIGH_FIRST,HIGH,60,1.9940179461615155,0.647153973467772,3.2,8.810316500000045,12.30779399999999,10.633782000000013,0.5333333333333333,0.2189091666666703,0.43333333333333335,0.004111666666737316,0.48333333333333334,-0.9743061666666032,0.5666666666666667,-2.8221071666666453,0.49166666666666664
0.2,6,1.0,SEG3,HIGH_FIRST,QUIET,177,5.882352941176471,0.3446702997637707,4.926553672316384,3.3236909039548026,7.479883502824873,7.438790677966115,0.5084745762711864,0.24241231638417424,0.480225988700565,0.07423525423727714,0.5141242937853108,0.14792677966102405,0.4576271186440678,0.889499322033902,0.4915254237288136
0.1,4,4.0,SEG2_SEG3,ANY,ALL,147,4.885343968095713,0.4470000386169459,3.2857142857142856,7.627788503401397,9.231442040816361,9.731684217687045,0.47619047619047616,0.2776454421768563,0.46938775510204084,0.6457546938775701,0.47619047619047616,0.3982118367347149,0.54421768707483,-1.0053359863945688,0.49149659863945583
0.1,10,1.0,SEG3,HIGH_FIRST,ALL,1141,37.91957460950482,0.3682876707624402,5.539000876424189,4.782763496932513,8.491383935144606,8.86314226117442,0.4574934268185802,0.36281974583698484,0.49079754601226994,0.3174964855390047,0.49430324276950044,0.2968081858019437,0.4864154250657318,0.04107853637160739,0.49145486415425066
0.1,8,1.0,SEG2_SEG3,HIGH_FIRST,NORMAL,204,6.779661016949152,0.3677423794545665,5.2254901960784315,4.448847303921534,7.97160460784315,8.962862107843126,0.44607843137254904,0.15242563725491087,0.4803921568627451,0.44944696078432217,0.4950980392156863,0.6161247058823736,0.4950980392156863,-0.16611225490195172,0.491421568627451
0.2,6,1.0,SEG3,ANY,ALL,697,23.163841807909606,0.4395609214381645,4.6987087517934,4.874864074605457,8.973055365853664,9.102959899569592,0.47919655667144906,0.3192549784791978,0.49067431850789095,0.20039839311334912,0.49784791965566716,-0.03382625538018915,0.47919655667144906,-0.21031413199425958,0.4913916786226686
0.2,8,0.0,SEG3,ANY,NORMAL,261,8.673978065802592,0.3907418841785404,5.210727969348659,3.826107241379289,7.995778773946384,8.900655708812238,0.4444444444444444,0.44390670498083895,0.5019157088122606,0.16485540229884474,0.4942528735632184,0.5477048659003879,0.47509578544061304,-0.347547624521071,0.4913793103448276
0.1,10,0.0,SEG2_SEG3,ANY,HIGH,463,15.387171817879695,0.4705583240528417,5.287257019438445,5.467167624190073,9.83272207343412,9.506242138228966,0.47516198704103674,0.14832706263498774,0.49892008639308855,0.357183714902803,0.48596112311015116,-0.029784794816403806,0.4946004319654428,-0.5267024406047436,0.4913606911447084
0.3,6,2.0,SEG3,ANY,ALL,403,13.393153871718178,0.5187153556308006,4.54590570719603,5.700635607940453,9.315901588089337,9.52445094292804,0.47146401985111663,0.2856646401985128,0.4987593052109181,0.300853399503741,0.49627791563275436,0.14406990074442638,0.4739454094292804,0.40313620347394763,0.4913151364764268
0.3,6,2.0,SEG3,HIGH_FIRST,ALL,403,13.393153871718178,0.5187153556308006,4.54590570719603,5.700635607940453,9.315901588089337,9.52445094292804,0.47146401985111663,0.2856646401985128,0.4987593052109181,0.300853399503741,0.49627791563275436,0.14406990074442638,0.4739454094292804,0.40313620347394763,0.4913151364764268
0.2,8,0.0,SEG2_SEG3,ANY,ALL,794,26.387504154204056,0.44615147537767014,5.2947103274559195,4.351836964735502,8.857454785894213,8.572680138539045,0.4722921914357683,0.1096913602015044,0.49748110831234255,0.001560642317384785,0.48740554156171284,-0.13222350125944282,0.4924433249370277,-0.5430716624685182,0.491183879093199
0.2,10,0.0,SEG3,HIGH_FIRST,ALL,1047,34.79561316051844,0.42278172454090984,5.4794651384909265,4.174043113658058,8.611810076408787,8.644156389684824,0.47373447946513847,0.15918462273161574,0.501432664756447,0.09028757402101671,0.4890162368672397,0.18176821394461037,0.48519579751671443,0.02993237822349473,0.49116523400191026
0.1,4,0.0,SEG3,ANY,HIGH,169,5.616483881688269,0.530201926424192,3.3905325443786984,5.856391005917193,10.102805325443798,9.728598461538475,0.514792899408284,-0.1716333727810502,0.48520710059171596,-0.24894289940826617,0.47337278106508873,-0.29976644970407806,0.5325443786982249,-1.0439889940828608,0.4911242603550296
0.2,12,0.0,SEG3,ANY,ALL,1069,35.526753074111,0.41985101857136153,5.49579045837231,4.130155687558453,8.657070533208607,8.629147867165583,0.4714686623012161,0.14717862488306888,0.49953227315247895,0.012680832553791413,0.4883068288119738,0.10508911131899519,0.4883068288119738,-0.1101604864359239,0.49111318989710007
0.3,6,2.0,SEG2_SEG3,ANY,NORMAL,84,2.7916251246261217,0.4828274893757976,4.523809523809524,4.887982976190448,8.787433095238125,8.840934642857102,0.4523809523809524,-0.22914333333332187,0.5238095238095238,-0.3197530952380811,0.4880952380952381,0.2874266666666959,0.4642857142857143,-0.5469367857142894,0.4910714285714286
0.3,6,2.0,SEG2_SEG3,HIGH_FIRST,NORMAL,84,2.7916251246261217,0.4828274893757976,4.523809523809524,4.887982976190448,8.787433095238125,8.840934642857102,0.4523809523809524,-0.22914333333332187,0.5238095238095238,-0.3197530952380811,0.4880952380952381,0.2874266666666959,0.4642857142857143,-0.5469367857142894,0.4910714285714286
0.1,8,2.0,SEG3,ANY,ALL,922,30.64140910601529,0.36071692204806194,5.27765726681128,5.5216931778741944,9.053354251626896,9.29522850325381,0.4490238611713666,0.40109895878525187,0.48590021691973967,0.2996104880694213,0.4924078091106291,0.133837613882879,0.49349240780911063,-0.3287709002169176,0.49105206073752716
0.2,6,0.0,SEG3,ANY,HIGH,363,12.063808574277168,0.5179742660102177,4.575757575757576,5.473423057851262,9.794362947658385,9.719493112947688,0.48760330578512395,0.23467898071626236,0.4986225895316804,0.3502997245179268,0.4820936639118457,0.008197162534454223,0.5013774104683195,-0.39813024793388413,0.49104683195592286
0.2,6,0.0,SEG3,HIGH_FIRST,HIGH,363,12.063808574277168,0.5179742660102177,4.575757575757576,5.473423057851262,9.794362947658385,9.719493112947688,0.48760330578512395,0.23467898071626236,0.4986225895316804,0.3502997245179268,0.4820936639118457,0.008197162534454223,0.5013774104683195,-0.39813024793388413,0.49104683195592286
0.1,4,0.0,SEG3,HIGH_FIRST,HIGH,167,5.550016616816218,0.5350874704949847,3.3892215568862274,5.856034850299437,10.117060479041928,9.736989101796421,0.5089820359281437,-0.14120766467064375,0.48502994011976047,-0.2588746107784202,0.47305389221556887,-0.3336449101795775,0.5329341317365269,-1.085203772455106,0.49101796407185627
0.1,8,0.0,SEG2_SEG3,ANY,HIGH,445,14.78896643403124,0.47349303589006925,5.132584269662921,5.516238966292144,9.81635233707865,9.594904426966313,0.47415730337078654,0.18512939325842176,0.49887640449438203,0.4275987640449376,0.4853932584269663,0.0018764269662977803,0.4943820224719101,-0.5238303820224676,0.49101123595505614
0.2,8,1.0,SEG3,ANY,HIGH,414,13.758723828514457,0.4947080855142527,5.1231884057971016,5.907945120772943,10.00036857487923,9.812087342995177,0.47101449275362317,0.1849919323671463,0.4927536231884058,0.4025501449275321,0.48792270531400966,-0.15671253623188006,0.49516908212560384,-0.5990415217391434,0.49094202898550726
0.2,8,1.0,SEG3,HIGH_FIRST,HIGH,414,13.758723828514457,0.4947080855142527,5.1231884057971016,5.907945120772943,10.00036857487923,9.812087342995177,0.47101449275362317,0.1849919323671463,0.4927536231884058,0.4025501449275321,0.48792270531400966,-0.15671253623188006,0.49516908212560384,-0.5990415217391434,0.49094202898550726
0.1,6,2.0,SEG2_SEG3,ANY,HIGH,276,9.172482552342972,0.4895906498251638,4.492753623188406,6.947056340579733,10.094968333333332,10.01494474637684,0.4673913043478261,0.35571427536231476,0.4891304347826087,0.46122858695652824,0.48188405797101447,-0.2773211594202872,0.5108695652173914,-0.7399210144927479,0.49094202898550726
0.1,12,1.0,SEG2_SEG3,ANY,NORMAL,220,7.311399135925557,0.3598402361260466,5.509090909090909,4.399640681818162,7.8900507272727305,9.199889727272728,0.44545454545454544,0.24617100000001219,0.4772727272727273,0.4565768181818364,0.4954545454545455,0.9412883181818312,0.4954545454545455,0.0015152727272855124,0.49090909090909096
0.1,10,1.0,SEG2_SEG3,HIGH_FIRST,NORMAL,218,7.244931871053506,0.36127803817677057,5.481651376146789,4.40697137614677,7.812390091743124,9.083555183486238,0.44495412844036697,0.27719738532111454,0.47706422018348627,0.526357293577999,0.4954128440366973,0.8438140825688218,0.4954128440366973,0.01650064220184671,0.49082568807339455
0.1,6,0.0,SEG3,HIGH_FIRST,HIGH,407,13.52608840146228,0.4789710771368128,4.611793611793612,5.586855036855059,9.641072457002435,9.63026525798529,0.47665847665847666,0.2769345700245839,0.4987714987714988,0.3881620638820842,0.4864864864864865,-0.021967321867297548,0.4914004914004914,-0.30364361179360394,0.49078624078624083
0.2,6,2.0,SEG3,ANY,QUIET,135,4.48654037886341,0.3370000599439979,4.940740740740741,3.908335259259271,8.007399407407425,7.930086518518527,0.4888888888888889,0.31467118518515874,0.4888888888888889,-0.09594740740742257,0.5111111111111111,0.33763970370369795,0.45185185185185184,0.5750802962962789,0.4907407407407407
0.1,8,1.0,SEG2_SEG3,HIGH_FIRST,HIGH,401,13.326686606846128,0.47575825554678747,5.124688279301745,5.9890806733167095,9.824262019950133,9.620994488778065,0.46384039900249374,0.3022741645885154,0.49625935162094764,0.4106404738154469,0.4837905236907731,-0.14585678304239283,0.49875311720698257,-0.8935321446384056,0.4906483790523691
0.1,10,0.0,SEG3,ANY,ALL,1387,46.09504818876703,0.3568873092662205,5.648161499639509,4.119763871665457,8.523929956741165,8.67749448449893,0.46142754145638065,0.19603454217735766,0.49026676279740444,0.12386070656092425,0.49026676279740444,0.13856520547946205,0.49170872386445563,-0.11276139149243344,0.4906272530641672
0.1,12,1.0,SEG3,HIGH_FIRST,ALL,1145,38.05250913924892,0.36836161161797054,5.558078602620087,4.777218462882094,8.474116960698687,8.87319532751093,0.45676855895196505,0.3676376506550215,0.48995633187772925,0.3216062707423617,0.49344978165938863,0.31952855021835597,0.485589519650655,0.07766988646288624,0.4906113537117904
0.35,10,3.0,SEG3,ANY,ALL,319,10.601528747092058,0.5373083367717704,5.0,6.5737031661442,9.676835141065833,9.807297304075245,0.45454545454545453,0.36757084639497245,0.4890282131661442,0.3153038557993982,0.4890282131661442,0.034978965517262296,0.4952978056426332,-0.051262884012550476,0.49059561128526646
0.35,10,3.0,SEG3,HIGH_FIRST,ALL,319,10.601528747092058,0.5373083367717704,5.0,6.5737031661442,9.676835141065833,9.807297304075245,0.45454545454545453,0.36757084639497245,0.4890282131661442,0.3153038557993982,0.4890282131661442,0.034978965517262296,0.4952978056426332,-0.051262884012550476,0.49059561128526646
0.3,6,2.0,SEG3,ANY,NORMAL,106,3.5227650382186773,0.4627692452487787,4.509433962264151,4.801519999999987,8.202182264150975,9.104307264150899,0.44339622641509435,0.03283735849058672,0.5094339622641509,0.16310537735850786,0.49056603773584906,0.8202970754717231,0.4716981132075472,0.3869965094339812,0.49056603773584906
0.3,6,2.0,SEG3,HIGH_FIRST,NORMAL,106,3.5227650382186773,0.4627692452487787,4.509433962264151,4.801519999999987,8.202182264150975,9.104307264150899,0.44339622641509435,0.03283735849058672,0.5094339622641509,0.16310537735850786,0.49056603773584906,0.8202970754717231,0.4716981132075472,0.3869965094339812,0.49056603773584906
0.2,12,0.0,SEG3,HIGH_FIRST,ALL,1049,34.862080425390495,0.42313538282557467,5.489990467111535,4.172445100095316,8.590393498570068,8.635009694947579,0.47283126787416585,0.16521750238322355,0.5004766444232602,0.09648043851287343,0.4880838894184938,0.18788897998094053,0.4852240228789323,0.03415156339370793,0.49046711153479505
0.1,10,1.0,SEG3,HIGH_FIRST,NORMAL,287,9.538052509139249,0.3416998371174657,5.397212543554007,4.540208641114974,7.9166052613240385,9.397758536585366,0.43902439024390244,0.5420177700348493,0.4843205574912892,0.5926281184669142,0.49825783972125437,0.9194127526132588,0.4808362369337979,0.4175512891986265,0.490418118466899
0.2,6,3.0,SEG3,ANY,QUIET,78,2.59222333000997,0.3462165117824989,4.858974358974359,4.940695769230825,7.996886794871764,7.557278205128236,0.5384615384615384,-0.26443346153846736,0.5,-0.4068985897435934,0.5,0.15732641025641522,0.46153846153846156,0.10415487179487826,0.4903846153846154
0.2,6,3.0,SEG3,HIGH_FIRST,QUIET,78,2.59222333000997,0.3462165117824989,4.858974358974359,4.940695769230825,7.996886794871764,7.557278205128236,0.5384615384615384,-0.26443346153846736,0.5,-0.4068985897435934,0.5,0.15732641025641522,0.46153846153846156,0.10415487179487826,0.4903846153846154
0.35,6,2.0,SEG3,ANY,QUIET,52,1.7281488866733135,0.4672063810772722,4.884615384615385,3.8911119230769007,7.355521730769256,7.468811923076907,0.4807692307692308,0.5895317307692074,0.5,0.26542442307694414,0.5,0.47115692307687157,0.46153846153846156,-0.9862900000000187,0.4903846153846154
0.35,6,2.0,SEG3,HIGH_FIRST,QUIET,52,1.7281488866733135,0.4672063810772722,4.884615384615385,3.8911119230769007,7.355521730769256,7.468811923076907,0.4807692307692308,0.5895317307692074,0.5,0.26542442307694414,0.5,0.47115692307687157,0.46153846153846156,-0.9862900000000187,0.4903846153846154
0.1,12,0.0,SEG2_SEG3,ANY,HIGH,465,15.453639082751744,0.46963715896310304,5.311827956989247,5.446564021505382,9.79458974193548,9.474282021505399,0.4731182795698925,0.1502203870967713,0.4967741935483871,0.35861513978493886,0.4838709677419355,-0.026711247311818773,0.4967741935483871,-0.5840481505376276,0.4903225806451613
0.1,10,0.0,SEG3,HIGH_FIRST,ALL,1316,43.73546028580924,0.3672859662079365,5.62917933130699,4.214026223404243,8.431759863221883,8.647046215805481,0.4642857142857143,0.2119942553191463,0.49240121580547114,0.1941903571428602,0.48936170212765956,0.2682286550152062,0.49012158054711247,0.04709300911854039,0.4903115501519757
0.1,12,2.0,SEG2_SEG3,HIGH_FIRST,QUIET,179,5.948820206048521,0.2795094969052442,5.731843575418995,4.068946648044666,7.648313072625732,8.03007402234634,0.48044692737430167,0.31255195530723556,0.48044692737430167,0.09710497206703861,0.48044692737430167,0.47810960893854454,0.5195530726256983,-0.4446753072626108,0.4902234636871508
0.2,6,0.0,SEG3,HIGH_FIRST,NORMAL,204,6.779661016949152,0.40532672337983977,4.71078431372549,4.039550098039207,8.247229656862773,8.94229132352938,0.46078431372549017,0.31541911764706726,0.5049019607843137,0.10762921568628184,0.4950980392156863,0.20459245098040096,0.46568627450980393,-0.24212068627450573,0.4901960784313726
0.3,8,2.0,SEG2_SEG3,ANY,HIGH,255,8.474576271186441,0.5584089198510184,4.96078431372549,6.404145176470593,10.259156509803923,10.009217333333341,0.4745098039215686,0.13597611764704803,0.48627450980392156,0.34710733333332944,0.49019607843137253,-0.26550560784313243,0.49411764705882355,-0.3426225882353006,0.49019607843137253
0.3,8,2.0,SEG2_SEG3,HIGH_FIRST,HIGH,255,8.474576271186441,0.5584089198510184,4.96078431372549,6.404145176470593,10.259156509803923,10.009217333333341,0.4745098039215686,0.13597611764704803,0.48627450980392156,0.34710733333332944,0.49019607843137253,-0.26550560784313243,0.49411764705882355,-0.3426225882353006,0.49019607843137253
0.2,8,0.0,SEG2_SEG3,HIGH_FIRST,ALL,789,26.221335992023928,0.4474449979134845,5.2915082382762995,4.367289974651445,8.788429670468954,8.594964955640053,0.4714828897338403,0.13498883396704064,0.4968314321926489,0.08422860583016864,0.4866920152091255,-0.052874676806079615,0.49049429657794674,-0.4278498479087494,0.4901774397972116
0.3,10,1.0,SEG3,HIGH_FIRST,QUIET,127,4.2206713193752075,0.43263345326331126,5.582677165354331,3.220539685039365,7.115627165354321,6.987823464566932,0.5118110236220472,0.1335158267716856,0.5118110236220472,-0.06867307086612506,0.5039370078740157,0.2387886614173449,0.4409448818897638,0.184244251968517,0.49015748031496065
0.3,12,1.0,SEG3,HIGH_FIRST,QUIET,127,4.2206713193752075,0.43263345326331126,5.582677165354331,3.220539685039365,7.115627165354321,6.987823464566932,0.5118110236220472,0.1335158267716856,0.5118110236220472,-0.06867307086612506,0.5039370078740157,0.2387886614173449,0.4409448818897638,0.184244251968517,0.49015748031496065
0.1,12,0.0,SEG3,ANY,ALL,1395,46.360917248255234,0.35635641939705576,5.679569892473118,4.105927240143361,8.498209362007165,8.66699734767026,0.46021505376344085,0.1984666379928273,0.4888888888888889,0.12243615053763493,0.48960573476702507,0.15165354838710565,0.4924731182795699,-0.1064463584229424,0.49014336917562723
0.35,6,1.0,SEG2_SEG3,ANY,HIGH,228,7.577268195413759,0.5992179213180423,4.521929824561403,5.809960438596493,10.100987061403517,10.016330394736855,0.4692982456140351,0.4232460964912099,0.5087719298245614,0.19290478070174605,0.4780701754385965,-0.11481346491226511,0.4956140350877193,-0.027926096491240202,0.49013157894736836
0.35,6,1.0,SEG2_SEG3,HIGH_FIRST,HIGH,228,7.577268195413759,0.5992179213180423,4.521929824561403,5.809960438596493,10.100987061403517,10.016330394736855,0.4692982456140351,0.4232460964912099,0.5087719298245614,0.19290478070174605,0.4780701754385965,-0.11481346491226511,0.4956140350877193,-0.027926096491240202,0.49013157894736836
0.2,10,1.0,SEG3,ANY,HIGH,430,14.290461947490861,0.4917019662695109,5.272093023255814,5.87820302325581,9.849451953488376,9.726310465116292,0.4697674418604651,0.21716799999999767,0.4930232558139535,0.4158314418604647,0.48604651162790696,-0.050223883720921784,0.49534883720930234,-0.5077291627907079,0.4901162790697674
0.2,10,1.0,SEG3,HIGH_FIRST,HIGH,430,14.290461947490861,0.4917019662695109,5.272093023255814,5.87820302325581,9.849451953488376,9.726310465116292,0.4697674418604651,0.21716799999999767,0.4930232558139535,0.4158314418604647,0.48604651162790696,-0.050223883720921784,0.49534883720930234,-0.5077291627907079,0.4901162790697674
0.2,10,0.0,SEG2_SEG3,ANY,ALL,825,27.41774675972084,0.44367058863609216,5.4387878787878785,4.311239696969684,8.787890206060608,8.535616036363644,0.4715151515151515,0.10347183030302678,0.49575757575757573,0.011112012121222065,0.4860606060606061,-0.0745200363636308,0.4921212121212121,-0.5215003393939409,0.49
0.3,8,1.0,SEG3,HIGH_FIRST,QUIET,125,4.1542040545031576,0.4329523437225195,5.52,3.2498424799999994,7.129505839999987,7.012949360000006,0.52,0.10934088000003249,0.512,-0.0804585599999773,0.504,0.27179664000002596,0.44,0.21938888000001316,0.49
0.4,4,1.0,SEG3,ANY,HIGH,100,3.3233632436025258,0.6597125614750554,3.32,6.280657800000045,11.099445800000018,10.113131000000008,0.52,0.004466200000010758,0.48,-0.2779390999999623,0.47,-0.4319616999999607,0.54,-1.1015484999999945,0.49
0.4,4,1.0,SEG3,HIGH_FIRST,HIGH,100,3.3233632436025258,0.6597125614750554,3.32,6.280657800000045,11.099445800000018,10.113131000000008,0.52,0.004466200000010758,0.48,-0.2779390999999623,0.47,-0.4319616999999607,0.54,-1.1015484999999945,0.49
0.1,12,1.0,SEG2_SEG3,ANY,QUIET,248,8.241940844134264,0.28625883918385475,5.887096774193548,3.390460080645149,7.4011614919355,7.427843548387082,0.4717741935483871,0.3235790322580486,0.47580645161290325,-0.11993612903224785,0.4959677419354839,-0.050190282258056634,0.49193548387096775,-0.2012744354838857,0.4899193548387097
0.1,8,0.0,SEG2_SEG3,HIGH_FIRST,ALL,941,31.272848122299767,0.3997465356950019,5.376195536663125,4.408337385759821,8.604618289054201,8.673352975557918,0.4675876726886291,0.1621997980871378,0.48990435706695007,0.2394302231668472,0.4867162592986185,0.11708517534538353,0.4962805526036132,-0.3568890648246531,0.48990435706695007
0.1,4,4.0,SEG3,ANY,HIGH,99,3.2901296111665004,0.4911642144635173,3.2525252525252526,8.576311010101058,10.807141010101004,10.568644848484865,0.48484848484848486,0.18773989898991572,0.45454545454545453,0.07635585858589834,0.47474747474747475,-0.4356593939393052,0.5555555555555556,-1.8361348484848607,0.4898989898989899
0.2,6,1.0,SEG3,HIGH_FIRST,ALL,687,22.831505483549353,0.44251252353408055,4.697234352256186,4.907091382823877,8.8526037845706,9.097969126637565,0.47889374090247455,0.36176570596798174,0.4890829694323144,0.3112004512372716,0.4963609898107715,0.058841368267844946,0.4774381368267831,-0.04696077147015588,0.4898107714701601
0.1,12,0.0,SEG3,HIGH_FIRST,ALL,1324,44.00132934529744,0.3666637754050525,5.662386706948641,4.198878036253764,8.405216910876131,8.636170143504541,0.46299093655589124,0.2144603398791507,0.4909365558912387,0.1922644561933556,0.48867069486404835,0.2812354003021223,0.4909365558912387,0.052780800604229385,0.4898036253776435
0.1,10,0.0,SEG3,HIGH_FIRST,HIGH,539,17.912927883017613,0.4536196343343385,5.3395176252319105,5.425458497217076,9.757243079777355,9.588077495361805,0.46938775510204084,0.11353259740260502,0.4972170686456401,0.33368875695733347,0.4897959183673469,0.0972224489796071,0.48237476808905383,-0.026377254174393933,0.4897959183673469
0.1,8,2.0,SEG2_SEG3,HIGH_FIRST,QUIET,171,5.682951146560319,0.2855352272701539,5.567251461988304,4.08393309941519,7.640921754385989,7.979643040935648,0.47953216374269003,0.28674584795319985,0.47953216374269003,0.07590941520468025,0.47953216374269003,0.516578011695901,0.52046783625731,-0.5488602923976899,0.48976608187134507
0.1,10,1.0,SEG2_SEG3,HIGH_FIRST,HIGH,415,13.791957460950481,0.4732869228226325,5.257831325301205,5.96808648192771,9.771590000000005,9.562127397590377,0.4650602409638554,0.2921010843373398,0.4963855421686747,0.37174469879516864,0.4819277108433735,-0.08808359036143906,0.4987951807228916,-0.8249610120481915,0.48975903614457833
0.2,8,2.0,SEG3,ANY,ALL,707,23.496178132269858,0.4258079804042966,5.1683168316831685,5.56936458274399,9.214101357850076,9.381956718529008,0.4582743988684583,0.3591259688826037,0.49363507779349364,0.2342545261669099,0.4908062234794908,0.15846561527582237,0.4837340876944837,-0.1344462800565815,0.48974540311173975
0.2,6,0.0,SEG2_SEG3,ANY,ALL,609,20.23928215353938,0.46642357420354713,4.6880131362889985,4.59669871921182,9.013231527093607,8.772215550082107,0.4860426929392447,0.06996929392446116,0.4909688013136289,-0.008663809523798477,0.4860426929392447,-0.22249026272577216,0.49589490968801314,-0.6992529228243005,0.4897372742200329
0.2,12,0.0,SEG2_SEG3,ANY,ALL,826,27.45098039215686,0.4435551741581575,5.445520581113802,4.307334733656161,8.777621210653754,8.527576452784512,0.47094430992736075,0.10452179176755066,0.49515738498789347,0.012412154963689446,0.4854721549636804,-0.07310107748183495,0.4927360774818402,-0.5223070338983065,0.4897094430992736
0.1,4,4.0,SEG3,HIGH_FIRST,HIGH,97,3.22366234629445,0.49877050761713615,3.247422680412371,8.631778659793866,10.846205773195871,10.600411134020638,0.4742268041237113,0.24753206185568694,0.4536082474226804,0.06596412371138904,0.4742268041237113,-0.4967881443298089,0.5567010309278351,-1.9234251546391796,0.4896907216494845
0.1,8,1.0,SEG2_SEG3,ANY,ALL,847,28.148886673313392,0.39621620893363657,5.312868949232586,4.9008214521841715,8.684093931523032,8.854382125147579,0.46162927981109797,0.27349681227862466,0.48406139315230223,0.29460344746162836,0.4887839433293979,0.09767501770956957,0.4970484061393152,-0.6012184769775675,0.48966942148760334
0.1,4,4.0,SEG2_SEG3,HIGH_FIRST,ALL,144,4.785643070787637,0.4538577143433321,3.2777777777777777,7.6742560416667045,9.280198263888925,9.780667083333302,0.4722222222222222,0.3076793749999827,0.4652777777777778,0.6580602083333562,0.4722222222222222,0.3868935416666848,0.5486111111111112,-1.088656111111119,0.48958333333333337
0.4,4,3.0,SEG3,ANY,HIGH,72,2.3928215353938187,0.6503065211800009,3.263888888888889,7.923151250000065,11.63600055555556,10.922833055555563,0.5416666666666666,-0.21308222222221376,0.4444444444444444,-0.0421193055554833,0.4861111111111111,-0.4277081944443921,0.5416666666666666,-0.5763826388888762,0.48958333333333326
0.4,4,3.0,SEG3,HIGH_FIRST,HIGH,72,2.3928215353938187,0.6503065211800009,3.263888888888889,7.923151250000065,11.63600055555556,10.922833055555563,0.5416666666666666,-0.21308222222221376,0.4444444444444444,-0.0421193055554833,0.4861111111111111,-0.4277081944443921,0.5416666666666666,-0.5763826388888762,0.48958333333333326
0.1,10,0.0,SEG3,ANY,HIGH,550,18.27849783981389,0.4471576201137314,5.352727272727273,5.406782400000011,9.740304963636353,9.581594600000026,0.4690909090909091,0.10620394545455135,0.49636363636363634,0.3334577818181846,0.4890909090909091,0.12781732727274422,0.48363636363636364,-0.1381113272727254,0.48954545454545456
0.35,8,3.0,SEG3,ANY,ALL,310,10.30242605516783,0.5376285324508774,4.877419354838709,6.614149999999999,9.770354612903237,9.93455290322581,0.45483870967741935,0.35833909677418097,0.4935483870967742,0.29795854838711744,0.4870967741935484,0.07842151612904642,0.49032258064516127,0.10754932258062934,0.48951612903225805
0.35,8,3.0,SEG3,HIGH_FIRST,ALL,310,10.30242605516783,0.5376285324508774,4.877419354838709,6.614149999999999,9.770354612903237,9.93455290322581,0.45483870967741935,0.35833909677418097,0.4935483870967742,0.29795854838711744,0.4870967741935484,0.07842151612904642,0.49032258064516127,0.10754932258062934,0.48951612903225805
0.2,8,2.0,SEG2_SEG3,ANY,HIGH,308,10.23595879029578,0.5072626837640452,5.032467532467533,6.667067142857148,10.269229123376633,9.961788149350664,0.474025974025974,0.18020454545453415,0.487012987012987,0.3848739610389601,0.4805194805194805,-0.2425337987012955,0.5097402597402597,-0.8465933766233836,0.48944805194805197
0.2,8,2.0,SEG2_SEG3,HIGH_FIRST,HIGH,308,10.23595879029578,0.5072626837640452,5.032467532467533,6.667067142857148,10.269229123376633,9.961788149350664,0.474025974025974,0.18020454545453415,0.487012987012987,0.3848739610389601,0.4805194805194805,-0.2425337987012955,0.5097402597402597,-0.8465933766233836,0.48944805194805197
0.1,8,1.0,SEG2_SEG3,ANY,QUIET,236,7.8431372549019605,0.29191910610829547,5.716101694915254,3.4112166101694905,7.3704339830508525,7.417059745762703,0.4703389830508475,0.31900555084745463,0.4703389830508475,-0.07251970338981502,0.4957627118644068,-0.05962906779660189,0.4957627118644068,-0.3961940677966121,0.489406779661017
0.1,6,1.0,SEG2_SEG3,HIGH_FIRST,ALL,637,21.16982386174809,0.42201915606238766,4.7017268445839875,5.126636750392461,8.835431475667205,8.882922747252747,0.4803767660910518,0.18418417582417426,0.4835164835164835,0.22602954474097722,0.48665620094191525,-0.15213036106750258,0.5007849293563579,-0.7685726216640457,0.48940345368916793
0.35,6,2.0,SEG3,ANY,HIGH,212,7.0455300764373545,0.589532487590478,4.443396226415095,6.488613679245292,10.356022122641507,10.35092731132078,0.4669811320754717,0.47053183962263345,0.49056603773584906,0.4433812735849209,0.49056603773584906,-0.21195641509431648,0.4858490566037736,0.4351176415094299,0.48938679245283023
0.35,6,2.0,SEG3,HIGH_FIRST,HIGH,212,7.0455300764373545,0.589532487590478,4.443396226415095,6.488613679245292,10.356022122641507,10.35092731132078,0.4669811320754717,0.47053183962263345,0.49056603773584906,0.4433812735849209,0.49056603773584906,-0.21195641509431648,0.4858490566037736,0.4351176415094299,0.48938679245283023
0.2,10,0.0,SEG3,HIGH_FIRST,QUIET,305,10.136257892987704,0.3399318780918594,5.859016393442623,2.6533739344261926,7.308143081967222,7.026988393442632,0.4885245901639344,0.08230462295081244,0.5016393442622951,-0.3161802295082005,0.4885245901639344,0.09028596721311082,0.4786885245901639,0.753993573770488,0.48934426229508193
0.2,12,0.0,SEG3,HIGH_FIRST,QUIET,305,10.136257892987704,0.3399318780918594,5.859016393442623,2.6533739344261926,7.308143081967222,7.026988393442632,0.4885245901639344,0.08230462295081244,0.5016393442622951,-0.3161802295082005,0.4885245901639344,0.09028596721311082,0.4786885245901639,0.753993573770488,0.48934426229508193
0.2,6,0.0,SEG3,ANY,NORMAL,211,7.012296444001329,0.3993767245373883,4.7156398104265405,4.0008652606635025,8.368821753554535,9.050532369668213,0.46445497630331756,0.23588227488151986,0.5023696682464455,-0.0026344075829380985,0.4928909952606635,0.26953028436019455,0.46919431279620855,-0.44861758293838555,0.4893364928909953
0.1,6,1.0,SEG2_SEG3,HIGH_FIRST,NORMAL,164,5.450315719508143,0.3815561564512092,4.75,4.5720451829267965,8.244082804878062,8.869371951219488,0.4634146341463415,-0.051469695121934306,0.47560975609756095,0.12230713414635652,0.49390243902439024,0.011804451219523887,0.49390243902439024,-0.850333292682915,0.4893292682926829
0.3,10,0.0,SEG3,ANY,HIGH,395,13.127284812229977,0.5407938731358155,5.207594936708861,5.0596512911392475,9.80892055696201,9.694828734177237,0.47848101265822784,0.03703865822784953,0.5012658227848101,0.2387451898734255,0.48860759493670886,0.13720298734178407,0.47848101265822784,0.2953573670886093,0.48924050632911387
0.3,10,0.0,SEG3,HIGH_FIRST,HIGH,395,13.127284812229977,0.5407938731358155,5.207594936708861,5.0596512911392475,9.80892055696201,9.694828734177237,0.47848101265822784,0.03703865822784953,0.5012658227848101,0.2387451898734255,0.48860759493670886,0.13720298734178407,0.47848101265822784,0.2953573670886093,0.48924050632911387
0.1,8,1.0,SEG2_SEG3,HIGH_FIRST,ALL,834,27.716849451645064,0.3996330270355043,5.31294964028777,4.908689484412462,8.644015863309363,8.867827086330934,0.4616306954436451,0.2705422422062292,0.4844124700239808,0.3262467745803346,0.4892086330935252,0.13557258992806465,0.4940047961630695,-0.472791402877698,0.4892086330935252
0.1,12,1.0,SEG2_SEG3,HIGH_FIRST,HIGH,416,13.825191093386508,0.4729865653876312,5.271634615384615,5.956350072115383,9.748835456730776,9.543696610576937,0.4639423076923077,0.2937324278846052,0.4951923076923077,0.37345932692306316,0.4807692307692308,-0.08523353365384004,0.5,-0.8258332932692292,0.4891826923076923
0.1,8,0.0,SEG2_SEG3,ANY,NORMAL,229,7.610501827849784,0.3746047253545777,5.296943231441048,4.023952096069834,7.935287074235823,8.755126026200848,0.45414847161572053,0.1430068558951914,0.4890829694323144,0.29103650655021807,0.4847161572052402,0.6598584279476096,0.4978165938864629,-0.4576228384279519,0.48908296943231444
0.35,12,3.0,SEG3,ANY,ALL,320,10.634762379528082,0.5383424130938371,5.01875,6.570616687500001,9.629257312500004,9.794769843750009,0.453125,0.38416006249998846,0.4875,0.33179309375002647,0.4875,0.05264053125002022,0.49375,-0.033372625000009745,0.48906249999999996
0.35,12,3.0,SEG3,HIGH_FIRST,ALL,320,10.634762379528082,0.5383424130938371,5.01875,6.570616687500001,9.629257312500004,9.794769843750009,0.453125,0.38416006249998846,0.4875,0.33179309375002647,0.4875,0.05264053125002022,0.49375,-0.033372625000009745,0.48906249999999996
0.2,6,1.0,SEG2_SEG3,HIGH_FIRST,NORMAL,137,4.5530076437354605,0.4280448611519091,4.7299270072992705,4.358448321167855,8.430758394160593,8.611059124087577,0.46715328467153283,-0.07670781021895387,0.4744525547445255,-0.13455416058390468,0.5036496350364964,-0.3808919708028912,0.4744525547445255,-1.2103737956204286,0.48905109489051096
0.1,8,0.0,SEG2_SEG3,ANY,ALL,957,31.804586241276173,0.3959312716515849,5.3782654127481715,4.396198913270628,8.618762246603975,8.674405590386627,0.4660397074190178,0.17762785788923258,0.48798328108672934,0.23259329153605368,0.48484848484848486,0.0876363531870478,0.49843260188087773,-0.4505201567398105,0.4890282131661442
0.2,10,2.0,SEG2_SEG3,ANY,HIGH,319,10.601528747092058,0.5050244614833789,5.172413793103448,6.642403636363639,10.17642429467085,9.828288181818202,0.47648902821316613,0.18226692789967758,0.48589341692789967,0.3866867711598785,0.47962382445141066,-0.21864081504701322,0.5109717868338558,-0.8156875235109755,0.4890282131661442
0.2,10,2.0,SEG2_SEG3,HIGH_FIRST,HIGH,319,10.601528747092058,0.5050244614833789,5.172413793103448,6.642403636363639,10.17642429467085,9.828288181818202,0.47648902821316613,0.18226692789967758,0.48589341692789967,0.3866867711598785,0.47962382445141066,-0.21864081504701322,0.5109717868338558,-0.8156875235109755,0.4890282131661442
0.2,12,2.0,SEG2_SEG3,ANY,HIGH,319,10.601528747092058,0.5050244614833789,5.172413793103448,6.642403636363639,10.17642429467085,9.828288181818202,0.47648902821316613,0.18226692789967758,0.48589341692789967,0.3866867711598785,0.47962382445141066,-0.21864081504701322,0.5109717868338558,-0.8156875235109755,0.4890282131661442
0.2,12,2.0,SEG2_SEG3,HIGH_FIRST,HIGH,319,10.601528747092058,0.5050244614833789,5.172413793103448,6.642403636363639,10.17642429467085,9.828288181818202,0.47648902821316613,0.18226692789967758,0.48589341692789967,0.3866867711598785,0.47962382445141066,-0.21864081504701322,0.5109717868338558,-0.8156875235109755,0.4890282131661442
0.2,10,0.0,SEG2_SEG3,HIGH_FIRST,ALL,820,27.25157859754071,0.44490008235200634,5.4365853658536585,4.325860963414624,8.721050402439026,8.556832378048789,0.47073170731707314,0.1277750121951191,0.4951219512195122,0.09071296341464359,0.4853658536585366,0.002180865853665082,0.4902439024390244,-0.41050293902439156,0.48902439024390243
0.35,6,4.0,SEG2_SEG3,ANY,ALL,182,6.048521103356597,0.5604414541513834,4.357142857142857,7.762171373626383,10.665322362637365,10.013233186813201,0.47802197802197804,0.1530500000000087,0.5054945054945055,-0.03963752747248051,0.46703296703296704,-0.3483187362637087,0.5164835164835165,-0.7390137912087854,0.48901098901098905
0.35,6,4.0,SEG2_SEG3,HIGH_FIRST,ALL,182,6.048521103356597,0.5604414541513834,4.357142857142857,7.762171373626383,10.665322362637365,10.013233186813201,0.47802197802197804,0.1530500000000087,0.5054945054945055,-0.03963752747248051,0.46703296703296704,-0.3483187362637087,0.5164835164835165,-0.7390137912087854,0.48901098901098905
0.1,10,1.0,SEG2_SEG3,ANY,ALL,886,29.444998338318378,0.3915642353981776,5.480812641083522,4.867416546275386,8.61541303611739,8.862255033860048,0.4616252821670429,0.3017790293453659,0.48419864559819414,0.2867403386004523,0.48758465011286684,0.19696626410835946,0.4966139954853273,-0.4789653611738161,0.4889954853273138
0.1,10,1.0,SEG2_SEG3,ANY,QUIET,247,8.208707211698238,0.2868401345207195,5.866396761133603,3.3938986234817676,7.387353562753054,7.4520937651821715,0.46963562753036436,0.33062963562751385,0.47368421052631576,-0.1022581376518125,0.4939271255060729,-0.010068825910924133,0.4939271255060729,-0.25127396761135157,0.4888663967611336
0.2,6,0.0,SEG2_SEG3,HIGH_FIRST,ALL,606,20.139581256231306,0.4676290500536474,4.686468646864687,4.609379653465346,8.939297227722783,8.784419669967003,0.48514851485148514,0.09947980198019428,0.4900990099009901,0.0722358745874689,0.48514851485148514,-0.14521287128712013,0.49504950495049505,-0.5782255280528036,0.48886138613861385
0.35,6,4.0,SEG3,ANY,ALL,202,6.713193752077102,0.5513137390686206,4.361386138613861,7.665206039603976,10.573980643564358,10.149156881188132,0.4752475247524752,0.23920673267327788,0.4900990099009901,0.19889722772282398,0.4752475247524752,-0.3273724257425338,0.5148514851485149,-0.7985382673267228,0.48886138613861385
0.35,6,4.0,SEG3,HIGH_FIRST,ALL,202,6.713193752077102,0.5513137390686206,4.361386138613861,7.665206039603976,10.573980643564358,10.149156881188132,0.4752475247524752,0.23920673267327788,0.4900990099009901,0.19889722772282398,0.4752475247524752,-0.3273724257425338,0.5148514851485149,-0.7985382673267228,0.48886138613861385
0.3,8,0.0,SEG3,ANY,HIGH,381,12.662013958125623,0.5426737023887203,5.062992125984252,5.104588897637798,9.90541328083988,9.811929317585317,0.4776902887139108,0.05278173228346477,0.49868766404199477,0.3004264829396358,0.4881889763779528,0.1075427296587993,0.48031496062992124,0.11220879265091852,0.4888451443569554
0.3,8,0.0,SEG3,HIGH_FIRST,HIGH,381,12.662013958125623,0.5426737023887203,5.062992125984252,5.104588897637798,9.90541328083988,9.811929317585317,0.4776902887139108,0.05278173228346477,0.49868766404199477,0.3004264829396358,0.4881889763779528,0.1075427296587993,0.48031496062992124,0.11220879265091852,0.4888451443569554
0.1,10,2.0,SEG3,ANY,ALL,962,31.970754403456297,0.35728684666166466,5.4386694386694385,5.481905748440752,8.93170398128898,9.303724625779639,0.448024948024948,0.4407865904365901,0.48440748440748443,0.3221160187110249,0.4885654885654886,0.2528039189189339,0.49376299376299376,-0.2401488045738036,0.48882536382536385
0.2,10,1.0,SEG3,HIGH_FIRST,QUIET,246,8.175473579262214,0.3417248686458845,5.670731707317073,3.1655243902439025,7.367263699186997,7.307219796747979,0.483739837398374,0.30393752032520155,0.5,-0.10563060975609767,0.5,0.17987878048782335,0.45528455284552843,0.8793367886178923,0.4888211382113821
0.2,12,1.0,SEG3,HIGH_FIRST,QUIET,246,8.175473579262214,0.3417248686458845,5.670731707317073,3.1655243902439025,7.367263699186997,7.307219796747979,0.483739837398374,0.30393752032520155,0.5,-0.10563060975609767,0.5,0.17987878048782335,0.45528455284552843,0.8793367886178923,0.4888211382113821
0.3,10,4.0,SEG3,ANY,NORMAL,67,2.226653373213692,0.45045736073562925,4.552238805970149,6.172439552238811,8.294918955223931,9.45278029850743,0.43283582089552236,-0.06752716417909753,0.5074626865671642,0.24024582089556243,0.4626865671641791,0.979326268656766,0.5223880597014925,-0.4163286567163799,0.48880597014925375
0.3,10,4.0,SEG3,HIGH_FIRST,NORMAL,67,2.226653373213692,0.45045736073562925,4.552238805970149,6.172439552238811,8.294918955223931,9.45278029850743,0.43283582089552236,-0.06752716417909753,0.5074626865671642,0.24024582089556243,0.4626865671641791,0.979326268656766,0.5223880597014925,-0.4163286567163799,0.48880597014925375
0.3,12,4.0,SEG3,ANY,NORMAL,67,2.226653373213692,0.45045736073562925,4.552238805970149,6.172439552238811,8.294918955223931,9.45278029850743,0.43283582089552236,-0.06752716417909753,0.5074626865671642,0.24024582089556243,0.4626865671641791,0.979326268656766,0.5223880597014925,-0.4163286567163799,0.48880597014925375
0.3,12,4.0,SEG3,HIGH_FIRST,NORMAL,67,2.226653373213692,0.45045736073562925,4.552238805970149,6.172439552238811,8.294918955223931,9.45278029850743,0.43283582089552236,-0.06752716417909753,0.5074626865671642,0.24024582089556243,0.4626865671641791,0.979326268656766,0.5223880597014925,-0.4163286567163799,0.48880597014925375
0.1,6,1.0,SEG2_SEG3,ANY,ALL,647,21.50216018610834,0.4180300930831852,4.703245749613601,5.126532055641418,8.862357836166938,8.893965146831533,0.47913446676970634,0.1949998145285911,0.482225656877898,0.21696034003091627,0.4853168469860896,-0.15426105100463613,0.5023183925811437,-0.8845523802163784,0.48879443585780524
0.1,10,2.0,SEG2_SEG3,HIGH_FIRST,QUIET,178,5.9155865736124955,0.2802782081744969,5.702247191011236,4.077529831460646,7.630541123595541,8.067107921348287,0.47752808988764045,0.32227370786514065,0.47752808988764045,0.12285499999999823,0.47752808988764045,0.5367517415730295,0.5224719101123596,-0.5154241011236378,0.48876404494382025
0.2,12,0.0,SEG2_SEG3,HIGH_FIRST,ALL,821,27.284812229976737,0.44478246742814526,5.4433617539585875,4.321914409256993,8.710800280146165,8.548717990255794,0.4701583434835566,0.12880176613885191,0.4945188794153471,0.09192406820950917,0.48477466504263095,0.003515042630944118,0.49086479902557856,-0.41144974421437386,0.4887332521315469
0.1,12,1.0,SEG3,HIGH_FIRST,NORMAL,288,9.571286141575275,0.3412029039398305,5.416666666666667,4.536836666666659,7.919066701388886,9.496488055555556,0.4375,0.5461734027777838,0.4826388888888889,0.6037134375000145,0.4965277777777778,1.0216995833333522,0.4791666666666667,0.5043896875000198,0.4887152777777778
0.2,10,2.0,SEG3,ANY,ALL,729,24.22731804586241,0.42427731388582257,5.288065843621399,5.550098724279836,9.115710260631005,9.353141646090547,0.4567901234567901,0.3862269272976709,0.4924554183813443,0.25603311385460625,0.4883401920438957,0.24757748971194501,0.48559670781893005,-0.14275758573388378,0.48868312757201643
0.1,12,1.0,SEG2_SEG3,HIGH_FIRST,NORMAL,219,7.278165503489531,0.36053513883330823,5.506849315068493,4.403145388127836,7.816102922374434,9.21482598173516,0.4429223744292237,0.283871552511429,0.4748858447488584,0.541237853881295,0.4931506849315068,0.9786734703196496,0.4931506849315068,0.13253036529681492,0.4885844748858447
0.1,10,1.0,SEG2_SEG3,HIGH_FIRST,ALL,873,29.01296111665005,0.39475913876701685,5.483390607101947,4.874435647193575,8.576102657502874,8.875216597938147,0.4616265750286369,0.29937760595646534,0.4845360824742268,0.31685295532646107,0.4879725085910653,0.23464938144330696,0.4936998854524628,-0.3544550859106548,0.488545246277205
0.1,6,2.0,SEG3,ANY,NORMAL,196,6.513791957460951,0.344912719181172,4.709183673469388,5.219178571428571,8.45479765306124,9.266086989795893,0.4336734693877551,0.512571887755118,0.4897959183673469,0.30709831632654816,0.49489795918367346,0.224713622448998,0.4744897959183674,-0.5544896938775272,0.4885204081632653
0.2,6,0.0,SEG2_SEG3,HIGH_FIRST,NORMAL,152,5.051512130275839,0.4329740133217558,4.75,3.9720619078947146,8.337071710526331,8.394726776315759,0.47368421052631576,-0.09787144736841476,0.4868421052631579,-0.14756881578945,0.4934210526315789,-0.2510486184210334,0.48026315789473684,-1.0261895394736933,0.48848684210526316
0.1,12,1.0,SEG2_SEG3,ANY,ALL,889,29.544699235626453,0.39101857453946476,5.499437570303712,4.859085511811014,8.608547660292471,8.878653295838024,0.4611923509561305,0.3022135883014556,0.48368953880764903,0.2862044656917886,0.4870641169853768,0.22050335208099725,0.49606299212598426,-0.4364179077615308,0.48847019122609675
0.4,4,2.0,SEG3,ANY,ALL,130,4.320372216683284,0.6240990548875412,3.3076923076923075,6.288304692307722,9.949217076923112,9.798518384615377,0.5230769230769231,-0.21102823076922644,0.46153846153846156,-0.018243307692283942,0.4846153846153846,0.16701576923078043,0.5230769230769231,-1.1319098461538524,0.4884615384615385
0.4,4,2.0,SEG3,HIGH_FIRST,ALL,130,4.320372216683284,0.6240990548875412,3.3076923076923075,6.288304692307722,9.949217076923112,9.798518384615377,0.5230769230769231,-0.21102823076922644,0.46153846153846156,-0.018243307692283942,0.4846153846153846,0.16701576923078043,0.5230769230769231,-1.1319098461538524,0.4884615384615385
0.2,12,1.0,SEG3,ANY,HIGH,432,14.35692921236291,0.4922416585314464,5.298611111111111,5.866433032407404,9.791717523148153,9.699090115740752,0.4675925925925926,0.2315488425925899,0.49074074074074076,0.4293620601851842,0.4837962962962963,-0.034287152777770405,0.49537037037037035,-0.4949947916666754,0.48842592592592593
0.2,12,1.0,SEG3,HIGH_FIRST,HIGH,432,14.35692921236291,0.4922416585314464,5.298611111111111,5.866433032407404,9.791717523148153,9.699090115740752,0.4675925925925926,0.2315488425925899,0.49074074074074076,0.4293620601851842,0.4837962962962963,-0.034287152777770405,0.49537037037037035,-0.4949947916666754,0.48842592592592593
0.1,8,0.0,SEG3,HIGH_FIRST,HIGH,516,17.148554336989033,0.45703522518652895,5.170542635658915,5.487930038759697,9.788643081395337,9.6680758527132,0.47093023255813954,0.11675612403101421,0.49612403100775193,0.3897967635658961,0.4883720930232558,0.10610806201551554,0.4806201550387597,-0.014184748062014252,0.4883720930232558
0.3,10,1.0,SEG3,ANY,QUIET,128,4.253904951811233,0.4317009206905334,5.59375,3.210286249999996,7.067501718749991,6.9551770312500025,0.5078125,0.13778406250003172,0.5078125,-0.050736640624982954,0.5,0.24926312500002012,0.4453125,0.18096421875001312,0.48828125
0.3,12,1.0,SEG3,ANY,QUIET,128,4.253904951811233,0.4317009206905334,5.59375,3.210286249999996,7.067501718749991,6.9551770312500025,0.5078125,0.13778406250003172,0.5078125,-0.050736640624982954,0.5,0.24926312500002012,0.4453125,0.18096421875001312,0.48828125
0.35,8,0.0,SEG3,ANY,HIGH,340,11.299435028248588,0.5687965024007423,4.988235294117647,5.027420735294122,9.88846279411764,9.85971102941178,0.46176470588235297,0.23316355882352582,0.4970588235294118,0.3286922941176499,0.48823529411764705,0.08466029411765971,0.47941176470588237,0.28143676470587625,0.4882352941176471
0.35,8,0.0,SEG3,HIGH_FIRST,HIGH,340,11.299435028248588,0.5687965024007423,4.988235294117647,5.027420735294122,9.88846279411764,9.85971102941178,0.46176470588235297,0.23316355882352582,0.4970588235294118,0.3286922941176499,0.48823529411764705,0.08466029411765971,0.47941176470588237,0.28143676470587625,0.4882352941176471
0.2,8,2.0,SEG3,HIGH_FIRST,ALL,700,23.26354270521768,0.4276533898893209,5.158571428571428,5.589544814285719,9.164216114285722,9.380673771428581,0.46,0.36966967142857293,0.4928571428571429,0.2970871285714371,0.48857142857142855,0.2089642000000101,0.4828571428571429,-0.037886114285717795,0.4882142857142857
0.1,8,2.0,SEG3,HIGH_FIRST,ALL,886,29.444998338318378,0.3691790176871096,5.267494356659142,5.5887533860045195,8.932360406320543,9.295830146726871,0.4503386004514673,0.407160699774268,0.4853273137697517,0.38652711060948813,0.48758465011286684,0.3174210383747307,0.49209932279909707,-0.10682154627539432,0.4881489841986456
0.1,8,0.0,SEG3,ANY,HIGH,527,17.51412429378531,0.4502198944071968,5.1878557874762805,5.467134895635684,9.770310322580633,9.659640227704008,0.47058823529411764,0.10904034155598191,0.4952561669829222,0.38838457305503066,0.4876660341555977,0.13785273244783133,0.4819734345351044,-0.1310497533206831,0.4881404174573055
0.3,8,1.0,SEG3,ANY,QUIET,126,4.187437686939182,0.43200247816875154,5.531746031746032,3.23919373015873,7.080506349206337,6.979585317460323,0.5158730158730159,0.11386873015876228,0.5079365079365079,-0.06214388888886586,0.5,0.28217539682542075,0.4444444444444444,0.21577785714287037,0.4880952380952381
0.1,12,2.0,SEG3,ANY,ALL,965,32.07045530076437,0.35742945204278886,5.455958549222798,5.476984020725393,8.918329927461139,9.321504145077734,0.44766839378238343,0.4456308186528496,0.48393782383419687,0.32618266321244194,0.48808290155440415,0.27906930569949695,0.49222797927461137,-0.194584362694299,0.48808290155440415
0.2,12,2.0,SEG3,ANY,ALL,730,24.260551678298437,0.4248854446336956,5.295890410958904,5.550147945205481,9.095622890410962,9.348272287671245,0.45616438356164385,0.3934733561643865,0.4917808219178082,0.2633424657534362,0.4876712328767123,0.2550283150685037,0.4849315068493151,-0.13478994520548054,0.488013698630137
0.1,12,1.0,SEG2_SEG3,HIGH_FIRST,ALL,876,29.112662013958126,0.3941944387516033,5.502283105022831,4.86595694063926,8.56927002283106,8.891813824200915,0.4611872146118721,0.2998268378995367,0.4840182648401826,0.31620600456620984,0.4874429223744292,0.25840671232877516,0.4931506849315068,-0.3117026255707778,0.48801369863013694
0.1,12,0.0,SEG3,HIGH_FIRST,HIGH,542,18.012628780325688,0.45365677222770995,5.370848708487085,5.408232140221409,9.696568007380066,9.553364040590425,0.466789667896679,0.12554841328413932,0.4944649446494465,0.3447049446494502,0.4870848708487085,0.10970333948340823,0.4833948339483395,-0.06690568265682362,0.48800738007380073
0.35,6,0.0,SEG2_SEG3,ANY,QUIET,62,2.060485211033566,0.46412484539980514,4.854838709677419,3.1123503225806477,6.618220967741954,7.116291612903186,0.4838709677419355,0.4228303225806646,0.5,0.02881790322584816,0.4838709677419355,0.4156766129032231,0.4838709677419355,-2.0004490322580604,0.4879032258064516
0.35,6,0.0,SEG2_SEG3,HIGH_FIRST,QUIET,62,2.060485211033566,0.46412484539980514,4.854838709677419,3.1123503225806477,6.618220967741954,7.116291612903186,0.4838709677419355,0.4228303225806646,0.5,0.02881790322584816,0.4838709677419355,0.4156766129032231,0.4838709677419355,-2.0004490322580604,0.4879032258064516
0.1,10,0.0,SEG2_SEG3,HIGH_FIRST,ALL,992,32.96776337653706,0.3943455866859298,5.569556451612903,4.350651885080635,8.547669082661292,8.669731955645165,0.46673387096774194,0.1779217741935442,0.48689516129032256,0.23903020161290786,0.4848790322580645,0.18542676411291012,0.4949596774193548,-0.26323205645161213,0.48790322580645157
0.2,10,2.0,SEG2_SEG3,ANY,NORMAL,144,4.785643070787637,0.40320593644616576,5.291666666666667,4.859699652777746,8.357909722222242,9.09694868055556,0.4375,0.32321298611111615,0.4930555555555556,0.09036013888892411,0.4861111111111111,0.6393376388889023,0.4861111111111111,-0.7201146527777698,0.4878472222222222
0.2,12,2.0,SEG2_SEG3,ANY,NORMAL,144,4.785643070787637,0.40320593644616576,5.291666666666667,4.859699652777746,8.357909722222242,9.09694868055556,0.4375,0.32321298611111615,0.4930555555555556,0.09036013888892411,0.4861111111111111,0.6393376388889023,0.4861111111111111,-0.7201146527777698,0.4878472222222222
0.4,4,4.0,SEG2_SEG3,ANY,ALL,82,2.7251578597540713,0.614155137681629,3.2560975609756095,8.014487195121973,10.693202804878089,10.178273902438999,0.4878048780487805,0.21568853658534795,0.4634146341463415,0.1676418292683382,0.47560975609756095,-0.07638609756095431,0.5365853658536586,-1.340323414634163,0.4878048780487805
0.4,4,4.0,SEG2_SEG3,HIGH_FIRST,ALL,82,2.7251578597540713,0.614155137681629,3.2560975609756095,8.014487195121973,10.693202804878089,10.178273902438999,0.4878048780487805,0.21568853658534795,0.4634146341463415,0.1676418292683382,0.47560975609756095,-0.07638609756095431,0.5365853658536586,-1.340323414634163,0.4878048780487805
0.1,12,0.0,SEG3,ANY,HIGH,553,18.378198737121966,0.4472290754136755,5.383363471971067,5.390000018083192,9.68092869801084,9.547606817359878,0.4665461121157324,0.11802050632911872,0.4936708860759494,0.3442560940325511,0.4864376130198915,0.13988397830019594,0.484629294755877,-0.1772274321880634,0.48779385171790235
0.2,6,1.0,SEG2_SEG3,ANY,ALL,550,18.27849783981389,0.4649627753677423,4.674545454545455,5.037017018181812,9.121808581818199,8.964722981818184,0.48545454545454547,0.15261830909090265,0.4890909090909091,0.038084781818190756,0.48545454545454547,-0.24134359999999272,0.4909090909090909,-0.7540515818181831,0.48772727272727273
0.1,8,1.0,SEG2_SEG3,ANY,HIGH,406,13.492854769026254,0.47161359106715556,5.120689655172414,5.996925344827589,9.767766453201979,9.642568571428582,0.4630541871921182,0.32828056650244886,0.49261083743842365,0.47546990147781637,0.4802955665024631,-0.05330093596059194,0.4975369458128079,-0.8698338916256191,0.4876847290640394
0.3,4,3.0,SEG2_SEG3,ANY,ALL,121,4.021269524759056,0.5675024353421815,3.3057851239669422,7.101895454545466,9.983082479338881,10.465482231404925,0.48760330578512395,0.1417820661156816,0.4628099173553719,0.32827983471077476,0.48760330578512395,0.5301081818182158,0.512396694214876,0.4823619008264186,0.487603305785124
0.3,4,3.0,SEG2_SEG3,HIGH_FIRST,ALL,121,4.021269524759056,0.5675024353421815,3.3057851239669422,7.101895454545466,9.983082479338881,10.465482231404925,0.48760330578512395,0.1417820661156816,0.4628099173553719,0.32827983471077476,0.48760330578512395,0.5301081818182158,0.512396694214876,0.4823619008264186,0.487603305785124
0.2,8,1.0,SEG3,HIGH_FIRST,QUIET,241,8.009305417082087,0.3423775614729785,5.597510373443983,3.194170995850629,7.415861203319504,7.347569377593376,0.4854771784232365,0.3002201244813285,0.4979253112033195,-0.09861149377593204,0.4979253112033195,0.2038366390041693,0.45643153526970953,0.8376081327800877,0.487551867219917
0.2,6,2.0,SEG3,ANY,HIGH,279,9.272183449651047,0.515551169318803,4.508960573476703,6.776153440860239,10.17612322580644,10.24678584229394,0.4731182795698925,0.3825089247311895,0.4838709677419355,0.4520145878136499,0.4838709677419355,-0.148570573476687,0.4982078853046595,-0.004532078853050301,0.4874551971326165
0.2,6,2.0,SEG3,HIGH_FIRST,HIGH,279,9.272183449651047,0.515551169318803,4.508960573476703,6.776153440860239,10.17612322580644,10.24678584229394,0.4731182795698925,0.3825089247311895,0.4838709677419355,0.4520145878136499,0.4838709677419355,-0.148570573476687,0.4982078853046595,-0.004532078853050301,0.4874551971326165
0.3,12,0.0,SEG3,ANY,HIGH,397,13.193752077102028,0.5411338309278144,5.236775818639798,5.050967329974818,9.746300377833737,9.665367204030247,0.4760705289672544,0.05359478589420755,0.4987405541561713,0.2543608060453471,0.48614609571788414,0.15360050377834827,0.47858942065491183,0.30516863979849196,0.4874055415617129
0.3,12,0.0,SEG3,HIGH_FIRST,HIGH,397,13.193752077102028,0.5411338309278144,5.236775818639798,5.050967329974818,9.746300377833737,9.665367204030247,0.4760705289672544,0.05359478589420755,0.4987405541561713,0.2543608060453471,0.48614609571788414,0.15360050377834827,0.47858942065491183,0.30516863979849196,0.4874055415617129
0.1,6,0.0,SEG2_SEG3,HIGH_FIRST,QUIET,177,5.882352941176471,0.3078083712099659,4.954802259887006,3.23252649717512,7.357879152542404,6.994605875706206,0.5084745762711864,-0.1448452542372971,0.4576271186440678,-0.17841802259886336,0.4971751412429379,-0.17356129943504653,0.4971751412429379,-0.2793412994350223,0.4872881355932204
0.1,6,4.0,SEG3,HIGH_FIRST,NORMAL,118,3.9215686274509802,0.3305182779478142,4.584745762711864,6.6885394915254395,9.172327203389848,9.898536864406744,0.4322033898305085,0.3939382203390154,0.4915254237288136,0.41430220338986407,0.4661016949152542,0.009292372881383803,0.5254237288135594,-1.090385169491498,0.4872881355932204
0.2,8,2.0,SEG2_SEG3,ANY,NORMAL,137,4.5530076437354605,0.4066356375125515,5.087591240875913,4.921369781021855,8.534076496350396,9.034251605839408,0.44525547445255476,0.2637741605839351,0.49635036496350365,0.025559270073015956,0.48905109489051096,0.3993276642335909,0.4744525547445255,-0.48821700729926654,0.48722627737226276
0.1,12,0.0,SEG2_SEG3,HIGH_FIRST,ALL,996,33.100697906281155,0.3936193361915224,5.591365461847389,4.340673242971877,8.534798052208838,8.678509066265065,0.46586345381526106,0.17871121485943303,0.4859437751004016,0.23875174698795523,0.4839357429718876,0.20655703815261686,0.49497991967871485,-0.2522788554216865,0.4871987951807229
0.2,10,2.0,SEG3,HIGH_FIRST,ALL,722,23.994682618810234,0.42605165179979443,5.2797783933518,5.5694772576177325,9.066391135734074,9.351618421052645,0.4584487534626039,0.3967121052631611,0.4916897506925208,0.317162299168987,0.48614958448753465,0.29740130193907,0.48476454293628807,-0.0492202770083111,0.48718836565096957
0.1,10,0.0,SEG2_SEG3,ANY,ALL,1008,33.49950149551346,0.3908090861845361,5.568452380952381,4.3400432043650685,8.562001378968256,8.670788789682547,0.4652777777777778,0.19231969246031227,0.4851190476190476,0.23254553571429043,0.48313492063492064,0.15638312500000562,0.49702380952380953,-0.3536124801587295,0.4871031746031746
0.2,6,1.0,SEG3,ANY,HIGH,329,10.93386507145231,0.5169854727066172,4.574468085106383,5.986606930091196,9.87837987841945,9.946857112462029,0.47416413373860183,0.405463161094226,0.49240121580547114,0.4861347112462109,0.48024316109422494,-0.0185846504559141,0.49544072948328266,-0.3914062006079087,0.4870820668693009
0.2,6,1.0,SEG3,HIGH_FIRST,HIGH,329,10.93386507145231,0.5169854727066172,4.574468085106383,5.986606930091196,9.87837987841945,9.946857112462029,0.47416413373860183,0.405463161094226,0.49240121580547114,0.4861347112462109,0.48024316109422494,-0.0185846504559141,0.49544072948328266,-0.3914062006079087,0.4870820668693009
0.2,6,2.0,SEG3,HIGH_FIRST,QUIET,134,4.453306746427384,0.33758981813514694,4.947761194029851,3.9194878358209158,7.715024626865687,7.980158955223891,0.48507462686567165,0.415571641791021,0.48507462686567165,0.15807358208953634,0.5074626865671642,0.6601502985074569,0.44776119402985076,0.954176194029837,0.4869402985074627
0.1,10,1.0,SEG2_SEG3,ANY,HIGH,420,13.958125623130607,0.4693098344533235,5.252380952380952,5.9759195952380955,9.717604666666674,9.583683142857158,0.4642857142857143,0.31736171428570376,0.4928571428571429,0.4348761904761767,0.4785714285714286,0.000699285714290454,0.4976190476190476,-0.8028690238095242,0.48690476190476195
0.2,10,0.0,SEG3,HIGH_FIRST,NORMAL,266,8.840146227982718,0.39252560084481,5.398496240601504,3.797617969924792,7.750205187969931,8.838460789473674,0.43609022556390975,0.5467533834586537,0.49624060150375937,0.3347598496240703,0.48872180451127817,0.6398723684210621,0.47368421052631576,-0.22036845864661023,0.48684210526315785
0.2,12,0.0,SEG3,HIGH_FIRST,NORMAL,266,8.840146227982718,0.39252560084481,5.398496240601504,3.797617969924792,7.750205187969931,8.838460789473674,0.43609022556390975,0.5467533834586537,0.49624060150375937,0.3347598496240703,0.48872180451127817,0.6398723684210621,0.47368421052631576,-0.22036845864661023,0.48684210526315785
0.1,8,0.0,SEG2_SEG3,HIGH_FIRST,NORMAL,228,7.577268195413759,0.37533695422352004,5.293859649122807,4.025670701754353,7.864456666666683,8.767521973684184,0.4517543859649123,0.17876675438596099,0.4868421052631579,0.37162960526315575,0.4824561403508772,0.694533508771943,0.4956140350877193,-0.3337931578947427,0.48684210526315785
0.35,6,3.0,SEG3,ANY,ALL,265,8.806912595546693,0.5515223517431196,4.460377358490566,6.664103735849067,9.833648377358498,9.88592033962265,0.4641509433962264,0.27860841509433365,0.5056603773584906,0.15313456603776532,0.47924528301886793,-0.06614154716979033,0.4830188679245283,0.3566459622641388,0.4867924528301887
0.35,6,3.0,SEG3,HIGH_FIRST,ALL,265,8.806912595546693,0.5515223517431196,4.460377358490566,6.664103735849067,9.833648377358498,9.88592033962265,0.4641509433962264,0.27860841509433365,0.5056603773584906,0.15313456603776532,0.47924528301886793,-0.06614154716979033,0.4830188679245283,0.3566459622641388,0.4867924528301887
0.1,6,0.0,SEG3,ANY,HIGH,413,13.72549019607843,0.47409831802979735,4.61501210653753,5.595270242130775,9.572813898305064,9.65685941888623,0.4745762711864407,0.3166143341404479,0.4939467312348668,0.45789334140437604,0.48184019370460046,0.09615997578694695,0.4891041162227603,-0.28462130750604575,0.486682808716707
0.4,10,2.0,SEG2_SEG3,ANY,HIGH,204,6.779661016949152,0.6163612682769352,4.897058823529412,6.313308676470592,9.904373921568618,10.347904264705901,0.46078431372549017,0.5406993137254715,0.46568627450980393,0.9024968137254955,0.49019607843137253,0.37988279411766535,0.5,0.6890667647059012,0.48651960784313725
0.4,10,2.0,SEG2_SEG3,HIGH_FIRST,HIGH,204,6.779661016949152,0.6163612682769352,4.897058823529412,6.313308676470592,9.904373921568618,10.347904264705901,0.46078431372549017,0.5406993137254715,0.46568627450980393,0.9024968137254955,0.49019607843137253,0.37988279411766535,0.5,0.6890667647059012,0.48651960784313725
0.4,12,2.0,SEG2_SEG3,ANY,HIGH,204,6.779661016949152,0.6163612682769352,4.897058823529412,6.313308676470592,9.904373921568618,10.347904264705901,0.46078431372549017,0.5406993137254715,0.46568627450980393,0.9024968137254955,0.49019607843137253,0.37988279411766535,0.5,0.6890667647059012,0.48651960784313725
0.4,12,2.0,SEG2_SEG3,HIGH_FIRST,HIGH,204,6.779661016949152,0.6163612682769352,4.897058823529412,6.313308676470592,9.904373921568618,10.347904264705901,0.46078431372549017,0.5406993137254715,0.46568627450980393,0.9024968137254955,0.49019607843137253,0.37988279411766535,0.5,0.6890667647059012,0.48651960784313725
0.2,12,2.0,SEG3,HIGH_FIRST,ALL,723,24.02791625124626,0.4266632162645708,5.287690179806362,5.569500152143849,9.046177496542189,9.346704024896278,0.4578146611341632,0.4040141908713726,0.49100968188105115,0.3244578699861813,0.4854771784232365,0.30485535269710695,0.48409405255878285,-0.04130486860304306,0.48651452282157676
0.35,10,0.0,SEG3,ANY,HIGH,351,11.665004985044865,0.5676777404325739,5.119658119658119,4.988578262108271,9.780217008546998,9.781364814814836,0.46153846153846156,0.21435595441595107,0.49572649572649574,0.3109899430199511,0.48717948717948717,0.12597270655272785,0.4757834757834758,0.48654364672364425,0.4864672364672365
0.35,10,0.0,SEG3,HIGH_FIRST,HIGH,351,11.665004985044865,0.5676777404325739,5.119658119658119,4.988578262108271,9.780217008546998,9.781364814814836,0.46153846153846156,0.21435595441595107,0.49572649572649574,0.3109899430199511,0.48717948717948717,0.12597270655272785,0.4757834757834758,0.48654364672364425,0.4864672364672365
0.1,12,0.0,SEG2_SEG3,ANY,ALL,1012,33.63243602525756,0.3901082961742354,5.589920948616601,4.330264258893269,8.549277193675891,8.679422954545458,0.4644268774703557,0.19303974308299823,0.4841897233201581,0.23229711462450947,0.48221343873517786,0.17729412055336485,0.49703557312252966,-0.34247521739130415,0.48641304347826086
0.2,8,2.0,SEG3,ANY,NORMAL,184,6.114988368228647,0.3835883879646044,5.070652173913044,4.995785380434768,8.306490000000029,9.350605543478254,0.42934782608695654,0.6306369021739155,0.5054347826086957,0.19123152173914526,0.4891304347826087,0.7723921739130605,0.46195652173913043,0.22421097826088499,0.48641304347826086
0.1,12,1.0,SEG2_SEG3,ANY,HIGH,421,13.991359255566634,0.46902249097448445,5.26603325415677,5.964303966745843,9.695248598574828,9.565420047505953,0.46318289786223277,0.3189136817102027,0.4916864608076009,0.43642049881233613,0.47743467933491684,0.0033046080760136443,0.498812351543943,-0.8037834204275535,0.48634204275534443
0.2,4,3.0,SEG2_SEG3,ANY,ALL,146,4.852110335659687,0.5133524946121324,3.3013698630136985,7.092311095890446,9.544438835616475,9.926687465753416,0.4931506849315068,-0.12714595890412517,0.4589041095890411,0.3829802739726378,0.4794520547945205,0.2900010273972883,0.5273972602739726,-0.2890504794520688,0.48630136986301364
0.2,4,3.0,SEG2_SEG3,HIGH_FIRST,ALL,146,4.852110335659687,0.5133524946121324,3.3013698630136985,7.092311095890446,9.544438835616475,9.926687465753416,0.4931506849315068,-0.12714595890412517,0.4589041095890411,0.3829802739726378,0.4794520547945205,0.2900010273972883,0.5273972602739726,-0.2890504794520688,0.48630136986301364
0.35,8,2.0,SEG3,ANY,HIGH,255,8.474576271186441,0.5716017557037041,4.91764705882353,6.333311686274504,10.220116274509806,10.401506352941187,0.4549019607843137,0.44942752941175484,0.47843137254901963,0.5787548235294154,0.49411764705882355,-0.048133803921554516,0.47843137254901963,0.21754274509802973,0.4862745098039216
0.35,8,2.0,SEG3,HIGH_FIRST,HIGH,255,8.474576271186441,0.5716017557037041,4.91764705882353,6.333311686274504,10.220116274509806,10.401506352941187,0.4549019607843137,0.44942752941175484,0.47843137254901963,0.5787548235294154,0.49411764705882355,-0.048133803921554516,0.47843137254901963,0.21754274509802973,0.4862745098039216
0.2,10,0.0,SEG3,ANY,NORMAL,273,9.072781655034895,0.38825511770190874,5.384615384615385,3.773922087912071,7.856927179487191,8.92478194139193,0.43956043956043955,0.4793482051282082,0.4945054945054945,0.24371391941392406,0.48717948717948717,0.6789013919413984,0.47619047619047616,-0.38052637362636815,0.4862637362637363
0.2,12,0.0,SEG3,ANY,NORMAL,273,9.072781655034895,0.38825511770190874,5.384615384615385,3.773922087912071,7.856927179487191,8.92478194139193,0.43956043956043955,0.4793482051282082,0.4945054945054945,0.24371391941392406,0.48717948717948717,0.6789013919413984,0.47619047619047616,-0.38052637362636815,0.4862637362637363
0.1,8,0.0,SEG2_SEG3,HIGH_FIRST,QUIET,273,9.072781655034895,0.295151359172003,5.831501831501831,2.962624761904746,7.185923113553116,7.141984322344319,0.46886446886446886,0.1522292307692287,0.4725274725274725,-0.07815095238093142,0.48717948717948717,-0.044553516483518005,0.4981684981684982,-0.07864256410256373,0.48626373626373626
0.3,10,3.0,SEG3,ANY,NORMAL,91,3.0242605516782985,0.45134349129750695,4.813186813186813,5.454195824175803,8.037851318681367,9.47430923076921,0.4065934065934066,0.19749516483517043,0.5054945054945055,0.17546923076925242,0.4725274725274725,1.1170689010989387,0.4945054945054945,0.5241094505494662,0.48626373626373626
0.3,10,3.0,SEG3,HIGH_FIRST,NORMAL,91,3.0242605516782985,0.45134349129750695,4.813186813186813,5.454195824175803,8.037851318681367,9.47430923076921,0.4065934065934066,0.19749516483517043,0.5054945054945055,0.17546923076925242,0.4725274725274725,1.1170689010989387,0.4945054945054945,0.5241094505494662,0.48626373626373626
0.3,12,3.0,SEG3,ANY,NORMAL,91,3.0242605516782985,0.45134349129750695,4.813186813186813,5.454195824175803,8.037851318681367,9.47430923076921,0.4065934065934066,0.19749516483517043,0.5054945054945055,0.17546923076925242,0.4725274725274725,1.1170689010989387,0.4945054945054945,0.5241094505494662,0.48626373626373626
0.3,12,3.0,SEG3,HIGH_FIRST,NORMAL,91,3.0242605516782985,0.45134349129750695,4.813186813186813,5.454195824175803,8.037851318681367,9.47430923076921,0.4065934065934066,0.19749516483517043,0.5054945054945055,0.17546923076925242,0.4725274725274725,1.1170689010989387,0.4945054945054945,0.5241094505494662,0.48626373626373626
0.35,6,3.0,SEG2_SEG3,ANY,ALL,236,7.8431372549019605,0.5625023841474195,4.453389830508475,6.7810642372881365,10.00350694915255,9.916747076271191,0.4745762711864407,0.1871689830508373,0.5169491525423728,-0.06194360169488738,0.4703389830508475,-0.07087593220337683,0.4872881355932203,0.3001596186440519,0.48622881355932207
0.35,6,3.0,SEG2_SEG3,HIGH_FIRST,ALL,236,7.8431372549019605,0.5625023841474195,4.453389830508475,6.7810642372881365,10.00350694915255,9.916747076271191,0.4745762711864407,0.1871689830508373,0.5169491525423728,-0.06194360169488738,0.4703389830508475,-0.07087593220337683,0.4872881355932203,0.3001596186440519,0.48622881355932207
0.2,8,2.0,SEG3,HIGH_FIRST,NORMAL,180,5.982053838484546,0.3871667263793278,5.05,5.012182277777765,8.336733111111137,9.263557888888883,0.43333333333333335,0.6269946111111165,0.5055555555555555,0.23681272222223823,0.4888888888888889,0.6471238333333531,0.46111111111111114,0.29040755555557146,0.48611111111111116
0.35,6,4.0,SEG2_SEG3,ANY,HIGH,125,4.1542040545031576,0.5894816626967321,4.304,8.542331680000007,11.302556959999983,11.015686480000033,0.44,0.9585076000000008,0.472,0.5926524800000407,0.472,-0.24732103999996252,0.528,-0.4187949599999993,0.486
0.35,6,4.0,SEG2_SEG3,HIGH_FIRST,HIGH,125,4.1542040545031576,0.5894816626967321,4.304,8.542331680000007,11.302556959999983,11.015686480000033,0.44,0.9585076000000008,0.472,0.5926524800000407,0.472,-0.24732103999996252,0.528,-0.4187949599999993,0.486
0.1,10,2.0,SEG3,HIGH_FIRST,ALL,926,30.77434363575939,0.3652500583487984,5.435205183585313,5.544522375809935,8.811207267818576,9.30463058315336,0.44924406047516197,0.4481294168466511,0.4838012958963283,0.40615308855292226,0.4838012958963283,0.43308221382290646,0.4924406047516199,-0.024341544276458335,0.4859611231101512
0.1,8,0.0,SEG2_SEG3,ANY,QUIET,283,9.405117979395149,0.2912273635805219,5.830388692579505,2.936222579505282,7.288685300353358,7.161660141342753,0.4628975265017668,0.19384703180211685,0.46996466431095407,-0.12133226148407694,0.4840989399293286,-0.2405462897526515,0.5053003533568905,-0.3294969611307406,0.48586572438162545
0.2,6,1.0,SEG2_SEG3,HIGH_FIRST,ALL,548,18.212030574941842,0.46581003183703007,4.673357664233577,5.044367445255471,9.025044671532864,8.984394908759128,0.4835766423357664,0.19189107664233052,0.48722627737226276,0.13351383211679638,0.4835766423357664,-0.15075572992699923,0.48905109489051096,-0.6127989233576653,0.4858576642335766
0.2,8,2.0,SEG3,ANY,HIGH,353,11.731472249916916,0.4909427542698372,5.076487252124646,6.657768923512753,10.26941512747875,10.144528810198318,0.4702549575070821,0.17678305949008713,0.47875354107648727,0.4501700849858466,0.48441926345609065,-0.1831102549574997,0.49575070821529743,-0.4030962039660153,0.48583569405099153
0.2,8,2.0,SEG3,HIGH_FIRST,HIGH,353,11.731472249916916,0.4909427542698372,5.076487252124646,6.657768923512753,10.26941512747875,10.144528810198318,0.4702549575070821,0.17678305949008713,0.47875354107648727,0.4501700849858466,0.48441926345609065,-0.1831102549574997,0.49575070821529743,-0.4030962039660153,0.48583569405099153
0.3,10,1.0,SEG3,ANY,HIGH,353,11.731472249916916,0.5425011817787403,5.203966005665722,5.602235382436253,9.666456062322945,9.83774957507083,0.46175637393767704,0.30831645892350457,0.49008498583569404,0.4808537393767659,0.48725212464589235,0.1026884702549651,0.47875354107648727,0.04285422096316494,0.4858356940509915
0.3,10,1.0,SEG3,HIGH_FIRST,HIGH,353,11.731472249916916,0.5425011817787403,5.203966005665722,5.602235382436253,9.666456062322945,9.83774957507083,0.46175637393767704,0.30831645892350457,0.49008498583569404,0.4808537393767659,0.48725212464589235,0.1026884702549651,0.47875354107648727,0.04285422096316494,0.4858356940509915
0.2,4,1.0,SEG3,ANY,NORMAL,70,2.326354270521768,0.4421032008970191,3.2285714285714286,4.500581142857196,8.585530142857195,11.10593814285709,0.44285714285714284,0.5798572857142646,0.45714285714285713,1.0021092857142646,0.5,2.278118571428513,0.4857142857142857,-0.16178342857141226,0.4857142857142857
0.2,10,2.0,SEG3,ANY,NORMAL,192,6.380857427716849,0.38140893895840633,5.244791666666667,4.932677812499992,8.17400453125002,9.359659895833333,0.4270833333333333,0.641654166666676,0.5052083333333334,0.20505333333335565,0.484375,0.9369766145833509,0.46875,0.11191197916668472,0.48567708333333337
0.2,12,2.0,SEG3,ANY,NORMAL,192,6.380857427716849,0.38140893895840633,5.244791666666667,4.932677812499992,8.17400453125002,9.359659895833333,0.4270833333333333,0.641654166666676,0.5052083333333334,0.20505333333335565,0.484375,0.9369766145833509,0.46875,0.11191197916668472,0.48567708333333337
0.2,10,2.0,SEG3,ANY,HIGH,366,12.163509471585245,0.4881433135517046,5.218579234972678,6.631758579234976,10.14820860655737,10.048194207650294,0.46994535519125685,0.210282677595632,0.4781420765027322,0.4695099453552059,0.48360655737704916,-0.11642945355190092,0.4972677595628415,-0.41946448087432286,0.485655737704918
0.2,10,2.0,SEG3,HIGH_FIRST,HIGH,366,12.163509471585245,0.4881433135517046,5.218579234972678,6.631758579234976,10.14820860655737,10.048194207650294,0.46994535519125685,0.210282677595632,0.4781420765027322,0.4695099453552059,0.48360655737704916,-0.11642945355190092,0.4972677595628415,-0.41946448087432286,0.485655737704918
0.35,10,2.0,SEG3,ANY,HIGH,261,8.673978065802592,0.5715896387713845,5.015325670498084,6.326335593869726,10.139490306513403,10.309534789272046,0.4559386973180077,0.466652681992327,0.47509578544061304,0.6146319923371744,0.4942528735632184,-0.06491045977009155,0.4789272030651341,0.21320685823754337,0.48563218390804597
0.35,10,2.0,SEG3,HIGH_FIRST,HIGH,261,8.673978065802592,0.5715896387713845,5.015325670498084,6.326335593869726,10.139490306513403,10.309534789272046,0.4559386973180077,0.466652681992327,0.47509578544061304,0.6146319923371744,0.4942528735632184,-0.06491045977009155,0.4789272030651341,0.21320685823754337,0.48563218390804597
0.35,8,0.0,SEG3,ANY,QUIET,121,4.021269524759056,0.458283562725964,5.644628099173554,2.6576192561983554,6.750402561983441,6.962702561983496,0.49586776859504134,0.15458330578515467,0.512396694214876,-0.0710125619834197,0.4628099173553719,0.46376685950414964,0.5041322314049587,-0.9328615702479134,0.4855371900826446
0.35,8,0.0,SEG3,HIGH_FIRST,QUIET,121,4.021269524759056,0.458283562725964,5.644628099173554,2.6576192561983554,6.750402561983441,6.962702561983496,0.49586776859504134,0.15458330578515467,0.512396694214876,-0.0710125619834197,0.4628099173553719,0.46376685950414964,0.5041322314049587,-0.9328615702479134,0.4855371900826446
0.1,12,1.0,SEG2_SEG3,HIGH_FIRST,QUIET,241,8.009305417082087,0.2887747790068692,5.8962655601659755,3.404347759336087,7.217586929460602,7.473046597510354,0.4730290456431535,0.32484543568462826,0.4730290456431535,0.012889170124489589,0.49377593360995853,0.19706199170125,0.48132780082987553,0.172078838174255,0.48547717842323657
0.1,4,3.0,SEG2_SEG3,ANY,ALL,172,5.716184778996344,0.4577896766384259,3.313953488372093,7.026746337209326,9.006334244186087,9.732373720930202,0.48255813953488375,0.09054290697672461,0.46511627906976744,0.46792674418606545,0.47674418604651164,0.6277162790697836,0.5232558139534884,-0.10328639534885645,0.4854651162790698
0.1,6,4.0,SEG3,ANY,NORMAL,120,3.988035892323031,0.3276572487676303,4.6,6.67095675000002,9.103522750000021,9.899486416666635,0.43333333333333335,0.4033150833333707,0.49166666666666664,0.39946683333336447,0.4666666666666667,0.10423075000003337,0.5166666666666667,-1.0284237499999713,0.4854166666666667
0.2,10,2.0,SEG3,HIGH_FIRST,NORMAL,188,6.247922897972749,0.3847886363979032,5.2287234042553195,4.947034255319142,8.200141861702145,9.276509042553192,0.4308510638297872,0.638401276595757,0.5053191489361702,0.24898898936172575,0.48404255319148937,0.8205406382978926,0.46808510638297873,0.1729023404255505,0.4853723404255319
0.2,12,2.0,SEG3,HIGH_FIRST,NORMAL,188,6.247922897972749,0.3847886363979032,5.2287234042553195,4.947034255319142,8.200141861702145,9.276509042553192,0.4308510638297872,0.638401276595757,0.5053191489361702,0.24898898936172575,0.48404255319148937,0.8205406382978926,0.46808510638297873,0.1729023404255505,0.4853723404255319
0.4,6,0.0,SEG2_SEG3,ANY,HIGH,222,7.377866400797608,0.6294547847184729,4.486486486486487,5.364657072072085,9.775522342342331,9.842605855855881,0.481981981981982,0.4350416216216033,0.4954954954954955,0.5408032882883019,0.47297297297297297,0.20026581081082737,0.5,0.4953913963964083,0.48536036036036034
0.4,6,0.0,SEG2_SEG3,HIGH_FIRST,HIGH,222,7.377866400797608,0.6294547847184729,4.486486486486487,5.364657072072085,9.775522342342331,9.842605855855881,0.481981981981982,0.4350416216216033,0.4954954954954955,0.5408032882883019,0.47297297297297297,0.20026581081082737,0.5,0.4953913963964083,0.48536036036036034
0.4,10,2.0,SEG3,ANY,ALL,341,11.332668660684613,0.5765138492685278,4.973607038123167,5.695107302052782,9.042028181818186,9.254847947214092,0.4662756598240469,0.19549510263928008,0.4809384164222874,0.4752627565982529,0.4868035190615836,0.36448595307917625,0.4868035190615836,0.22336175953080295,0.48533724340175954
0.4,10,2.0,SEG3,HIGH_FIRST,ALL,341,11.332668660684613,0.5765138492685278,4.973607038123167,5.695107302052782,9.042028181818186,9.254847947214092,0.4662756598240469,0.19549510263928008,0.4809384164222874,0.4752627565982529,0.4868035190615836,0.36448595307917625,0.4868035190615836,0.22336175953080295,0.48533724340175954
0.4,8,0.0,SEG3,ANY,ALL,477,15.852442671984047,0.570204809453274,5.044025157232705,4.323483773584901,8.585416184486371,8.802421823899387,0.46331236897274636,0.13519899371068417,0.4947589098532495,0.3038012788260019,0.48218029350104824,0.4088968134171936,0.48218029350104824,0.0006153878406758798,0.48532494758909855
0.4,8,0.0,SEG3,HIGH_FIRST,ALL,477,15.852442671984047,0.570204809453274,5.044025157232705,4.323483773584901,8.585416184486371,8.802421823899387,0.46331236897274636,0.13519899371068417,0.4947589098532495,0.3038012788260019,0.48218029350104824,0.4088968134171936,0.48218029350104824,0.0006153878406758798,0.48532494758909855
0.4,6,2.0,SEG3,ANY,HIGH,187,6.214689265536723,0.6186666696408062,4.433155080213904,6.460085133689846,10.110709946524063,10.270264064171148,0.47058823529411764,0.4837204812833964,0.48128342245989303,0.680533048128355,0.48128342245989303,0.215585454545457,0.49732620320855614,0.8841417647058928,0.4852941176470588
0.4,6,2.0,SEG3,HIGH_FIRST,HIGH,187,6.214689265536723,0.6186666696408062,4.433155080213904,6.460085133689846,10.110709946524063,10.270264064171148,0.47058823529411764,0.4837204812833964,0.48128342245989303,0.680533048128355,0.48128342245989303,0.215585454545457,0.49732620320855614,0.8841417647058928,0.4852941176470588
0.2,4,1.0,SEG3,HIGH_FIRST,NORMAL,68,2.2598870056497176,0.447934316073337,3.235294117647059,4.590024117647103,8.071814852941221,11.064501911764657,0.4264705882352941,0.8456570588235228,0.45588235294117646,1.2919426470588178,0.5,2.5594533823528924,0.4852941176470588,0.19440470588236783,0.4852941176470588
0.3,6,4.0,SEG2_SEG3,ANY,NORMAL,51,1.694915254237288,0.4673457583397919,4.313725490196078,6.163354313725485,9.000629803921637,9.798260980392106,0.49019607843137253,-0.3326966666666468,0.5098039215686274,0.01712352941177753,0.47058823529411764,0.6576935294118027,0.49019607843137253,0.29259803921567096,0.4852941176470588
0.3,6,4.0,SEG2_SEG3,HIGH_FIRST,NORMAL,51,1.694915254237288,0.4673457583397919,4.313725490196078,6.163354313725485,9.000629803921637,9.798260980392106,0.49019607843137253,-0.3326966666666468,0.5098039215686274,0.01712352941177753,0.47058823529411764,0.6576935294118027,0.49019607843137253,0.29259803921567096,0.4852941176470588
0.1,12,2.0,SEG3,HIGH_FIRST,ALL,929,30.874044533067465,0.36537247444968485,5.453175457481162,5.5392077179763195,8.797704068891283,9.323096157158247,0.4488697524219591,0.45313765339074175,0.48331539289558667,0.4101059418729887,0.48331539289558667,0.45978325080733207,0.4908503767491927,0.022291679224973236,0.4851991388589882
0.1,8,0.0,SEG3,ANY,NORMAL,319,10.601528747092058,0.34694772228460635,5.244514106583072,4.065188338557974,8.275782695924782,9.319825862068946,0.44200626959247646,0.3889415673981138,0.4890282131661442,0.2105011285266372,0.48589341692789967,0.6437300626959331,0.47962382445141066,-0.15483231974920894,0.4851097178683385
0.35,12,0.0,SEG3,ANY,HIGH,352,11.698238617480891,0.5685315331013254,5.136363636363637,4.990275568181828,9.736670738636354,9.770049886363656,0.4602272727272727,0.22987232954545142,0.4943181818181818,0.3259924147727366,0.48579545454545453,0.1417701704545661,0.4744318181818182,0.501279659090908,0.48508522727272724
0.35,12,0.0,SEG3,HIGH_FIRST,HIGH,352,11.698238617480891,0.5685315331013254,5.136363636363637,4.990275568181828,9.736670738636354,9.770049886363656,0.4602272727272727,0.22987232954545142,0.4943181818181818,0.3259924147727366,0.48579545454545453,0.1417701704545661,0.4744318181818182,0.501279659090908,0.48508522727272724
0.4,8,2.0,SEG2_SEG3,ANY,HIGH,199,6.613492854769026,0.6165308406292515,4.788944723618091,6.317170050251259,9.96960487437186,10.443527788944735,0.457286432160804,0.521629698492444,0.46733668341708545,0.8624720603015064,0.48743718592964824,0.44093633165829804,0.49748743718592964,0.7375563316583026,0.48492462311557794
0.4,8,2.0,SEG2_SEG3,HIGH_FIRST,HIGH,199,6.613492854769026,0.6165308406292515,4.788944723618091,6.317170050251259,9.96960487437186,10.443527788944735,0.457286432160804,0.521629698492444,0.46733668341708545,0.8624720603015064,0.48743718592964824,0.44093633165829804,0.49748743718592964,0.7375563316583026,0.48492462311557794
0.3,6,2.0,SEG3,ANY,HIGH,231,7.676969092721834,0.5679719911981748,4.476190476190476,6.578153290043308,10.281778658008648,10.361381645021673,0.47186147186147187,0.3857159307359262,0.48917748917748916,0.4517373160173406,0.48484848484848486,-0.14141246753245337,0.4805194805194805,0.4665850649350621,0.48484848484848486
0.3,6,2.0,SEG3,HIGH_FIRST,HIGH,231,7.676969092721834,0.5679719911981748,4.476190476190476,6.578153290043308,10.281778658008648,10.361381645021673,0.47186147186147187,0.3857159307359262,0.48917748917748916,0.4517373160173406,0.48484848484848486,-0.14141246753245337,0.4805194805194805,0.4665850649350621,0.48484848484848486
0.1,8,2.0,SEG2_SEG3,HIGH_FIRST,HIGH,344,11.432369557992688,0.47049523604657717,5.061046511627907,6.7231585755814045,10.057670988372095,9.913970261627925,0.45930232558139533,0.30219656976743314,0.48255813953488375,0.4887043895348809,0.4796511627906977,-0.1477086918604604,0.49709302325581395,-0.7579443313953445,0.4847383720930233
0.1,8,1.0,SEG2_SEG3,HIGH_FIRST,QUIET,229,7.610501827849784,0.29473990683238954,5.720524017467249,3.4264665065502173,7.176300524017478,7.464301877729245,0.47161572052401746,0.3201985152838369,0.4672489082969432,0.06871528384280834,0.49344978165938863,0.2002911353711845,0.4847161572052402,-0.009234672489088854,0.4847161572052402
0.4,10,2.0,SEG2_SEG3,ANY,ALL,309,10.269192422731805,0.5842998418563851,4.9546925566343045,5.748616957928807,9.168462491909382,9.33528592233011,0.4692556634304207,0.1861123624595375,0.4886731391585761,0.36969236245956255,0.47896440129449835,0.3717693527508207,0.4919093851132686,0.16208831715211824,0.48462783171521034
0.4,10,2.0,SEG2_SEG3,HIGH_FIRST,ALL,309,10.269192422731805,0.5842998418563851,4.9546925566343045,5.748616957928807,9.168462491909382,9.33528592233011,0.4692556634304207,0.1861123624595375,0.4886731391585761,0.36969236245956255,0.47896440129449835,0.3717693527508207,0.4919093851132686,0.16208831715211824,0.48462783171521034
0.4,12,2.0,SEG2_SEG3,ANY,ALL,309,10.269192422731805,0.5842998418563851,4.9546925566343045,5.748616957928807,9.168462491909382,9.33528592233011,0.4692556634304207,0.1861123624595375,0.4886731391585761,0.36969236245956255,0.47896440129449835,0.3717693527508207,0.4919093851132686,0.16208831715211824,0.48462783171521034
0.4,12,2.0,SEG2_SEG3,HIGH_FIRST,ALL,309,10.269192422731805,0.5842998418563851,4.9546925566343045,5.748616957928807,9.168462491909382,9.33528592233011,0.4692556634304207,0.1861123624595375,0.4886731391585761,0.36969236245956255,0.47896440129449835,0.3717693527508207,0.4919093851132686,0.16208831715211824,0.48462783171521034
0.3,8,1.0,SEG3,ANY,HIGH,341,11.332668660684613,0.5449284702631296,5.064516129032258,5.644156011730195,9.783660967741934,9.972660498533727,0.4604105571847507,0.29574703812315817,0.4868035190615836,0.5139119354838616,0.4868035190615836,0.06413219941349223,0.4780058651026393,-0.0726775073313878,0.4846041055718475
0.3,8,1.0,SEG3,HIGH_FIRST,HIGH,341,11.332668660684613,0.5449284702631296,5.064516129032258,5.644156011730195,9.783660967741934,9.972660498533727,0.4604105571847507,0.29574703812315817,0.4868035190615836,0.5139119354838616,0.4868035190615836,0.06413219941349223,0.4780058651026393,-0.0726775073313878,0.4846041055718475
0.1,10,2.0,SEG2_SEG3,HIGH_FIRST,HIGH,357,11.864406779661017,0.4680277349888242,5.207282913165266,6.6853175070028055,10.003858347338934,9.824934005602266,0.46218487394957986,0.2845118767506942,0.48179271708683474,0.4487188235294112,0.4789915966386555,-0.11538624649858871,0.49859943977591037,-0.7232144537815058,0.484593837535014
0.1,12,2.0,SEG2_SEG3,HIGH_FIRST,HIGH,357,11.864406779661017,0.4680277349888242,5.207282913165266,6.6853175070028055,10.003858347338934,9.824934005602266,0.46218487394957986,0.2845118767506942,0.48179271708683474,0.4487188235294112,0.4789915966386555,-0.11538624649858871,0.49859943977591037,-0.7232144537815058,0.484593837535014
0.3,6,0.0,SEG3,ANY,HIGH,308,10.23595879029578,0.5636998259726147,4.548701298701299,5.2154072727272895,9.786213181818164,9.83360665584418,0.4837662337662338,0.22298129870129932,0.5,0.3558922402597581,0.4772727272727273,0.1031849025974213,0.4837662337662338,-0.006492500000000326,0.4845779220779221
0.3,6,0.0,SEG3,HIGH_FIRST,HIGH,308,10.23595879029578,0.5636998259726147,4.548701298701299,5.2154072727272895,9.786213181818164,9.83360665584418,0.4837662337662338,0.22298129870129932,0.5,0.3558922402597581,0.4772727272727273,0.1031849025974213,0.4837662337662338,-0.006492500000000326,0.4845779220779221
0.2,8,3.0,SEG3,ANY,QUIET,97,3.22366234629445,0.3432530947401197,5.350515463917525,4.997890309278417,7.985013917525727,7.827906185567039,0.5257731958762887,-0.03667969072163013,0.5154639175257731,-0.24668556701029976,0.4742268041237113,0.3754828865979613,0.4742268041237113,0.42917412371134184,0.48453608247422675
0.2,8,3.0,SEG3,HIGH_FIRST,QUIET,97,3.22366234629445,0.3432530947401197,5.350515463917525,4.997890309278417,7.985013917525727,7.827906185567039,0.5257731958762887,-0.03667969072163013,0.5154639175257731,-0.24668556701029976,0.4742268041237113,0.3754828865979613,0.4742268041237113,0.42917412371134184,0.48453608247422675
0.2,10,2.0,SEG2_SEG3,ANY,ALL,581,19.308740445330674,0.4479761708566914,5.230636833046471,5.660892960413074,9.240716833046484,9.25999512908779,0.4664371772805508,0.22145218588639573,0.48709122203098104,0.2020276764199796,0.47676419965576594,0.12090721170396468,0.4974182444061962,-0.6703111703958744,0.4845094664371773
0.2,12,2.0,SEG2_SEG3,ANY,ALL,581,19.308740445330674,0.4479761708566914,5.230636833046471,5.660892960413074,9.240716833046484,9.25999512908779,0.4664371772805508,0.22145218588639573,0.48709122203098104,0.2020276764199796,0.47676419965576594,0.12090721170396468,0.4974182444061962,-0.6703111703958744,0.4845094664371773
0.2,8,2.0,SEG2_SEG3,ANY,ALL,563,18.71053506148222,0.44947724004411616,5.104795737122558,5.680176980461804,9.327050053285987,9.308696003552402,0.46714031971580816,0.20536049733569037,0.48845470692717585,0.18304785079929795,0.477797513321492,0.04962055062167268,0.4937833037300178,-0.6273293960923707,0.4844582593250444
0.1,12,0.0,SEG2_SEG3,HIGH_FIRST,QUIET,289,9.6045197740113,0.2895585896356786,6.02076124567474,2.928740069204123,7.2074604152249275,7.170680761245664,0.47058823529411764,0.1312425259515401,0.4740484429065744,-0.1057874740484288,0.4844290657439446,0.004192941176466353,0.49480968858131485,0.11564653979237556,0.4844290657439446
0.1,6,1.0,SEG3,HIGH_FIRST,HIGH,369,12.26321036889332,0.4779671375913172,4.609756097560975,6.109791355013566,9.75963349593495,9.860682818428211,0.4634146341463415,0.4333397289972975,0.4932249322493225,0.5106707588075985,0.4796747967479675,-0.03597211382112079,0.48509485094850946,-0.33418991869918224,0.48441734417344173
0.1,10,1.0,SEG2_SEG3,HIGH_FIRST,QUIET,240,7.976071784646062,0.289383511873655,5.875,3.4079444583333194,7.202611375000022,7.498192458333315,0.4708333333333333,0.33210695833331366,0.4708333333333333,0.031636208333340694,0.49166666666666664,0.2393838750000043,0.48333333333333334,0.12217662499998028,0.484375
0.3,6,1.0,SEG2_SEG3,ANY,QUIET,64,2.1269524759056164,0.44268355124288206,4.828125,3.569724531250017,7.171790312500029,7.399170312499955,0.5,0.5295328125000296,0.484375,-0.011807499999967774,0.5,0.2900356250000158,0.453125,-0.6432526562499916,0.484375
0.3,6,1.0,SEG2_SEG3,HIGH_FIRST,QUIET,64,2.1269524759056164,0.44268355124288206,4.828125,3.569724531250017,7.171790312500029,7.399170312499955,0.5,0.5295328125000296,0.484375,-0.011807499999967774,0.5,0.2900356250000158,0.453125,-0.6432526562499916,0.484375
0.2,12,2.0,SEG3,ANY,HIGH,367,12.19674310402127,0.48917892512195366,5.23433242506812,6.628909182561312,10.105439455040866,10.036614686648521,0.46866485013623976,0.2251759673024561,0.4768392370572207,0.4834673024523319,0.4822888283378747,-0.100617166212523,0.49591280653950953,-0.4028620708446912,0.4843324250681199
0.2,12,2.0,SEG3,HIGH_FIRST,HIGH,367,12.19674310402127,0.48917892512195366,5.23433242506812,6.628909182561312,10.105439455040866,10.036614686648521,0.46866485013623976,0.2251759673024561,0.4768392370572207,0.4834673024523319,0.4822888283378747,-0.100617166212523,0.49591280653950953,-0.4028620708446912,0.4843324250681199
0.4,8,2.0,SEG3,ANY,ALL,334,11.100033233632436,0.5766211837724892,4.883233532934132,5.700535239520953,9.110139401197618,9.325443263473064,0.46706586826347307,0.16811401197603124,0.48502994011976047,0.4329446407185708,0.48502994011976047,0.4118652994011876,0.4820359281437126,0.2640240119760538,0.4842814371257485
0.4,8,2.0,SEG3,HIGH_FIRST,ALL,334,11.100033233632436,0.5766211837724892,4.883233532934132,5.700535239520953,9.110139401197618,9.325443263473064,0.46706586826347307,0.16811401197603124,0.48502994011976047,0.4329446407185708,0.48502994011976047,0.4118652994011876,0.4820359281437126,0.2640240119760538,0.4842814371257485
0.2,10,2.0,SEG2_SEG3,HIGH_FIRST,NORMAL,143,4.752409438351612,0.4045734147203645,5.286713286713287,4.868284195804167,8.247932727272751,9.11910321678322,0.43356643356643354,0.381488951048958,0.48951048951048953,0.21745489510492763,0.4825174825174825,0.6944802797202959,0.4825174825174825,-0.5245155244755189,0.48426573426573427
0.2,12,2.0,SEG2_SEG3,HIGH_FIRST,NORMAL,143,4.752409438351612,0.4045734147203645,5.286713286713287,4.868284195804167,8.247932727272751,9.11910321678322,0.43356643356643354,0.381488951048958,0.48951048951048953,0.21745489510492763,0.4825174825174825,0.6944802797202959,0.4825174825174825,-0.5245155244755189,0.48426573426573427
0.4,6,0.0,SEG3,ANY,ALL,395,13.127284812229977,0.5836817928242416,4.5620253164556965,4.553723240506332,8.74341637974684,8.858771721519,0.4708860759493671,0.09684893670884569,0.4936708860759494,0.2857543544303852,0.4759493670886076,0.28283610126582637,0.4911392405063291,-0.3728721772151852,0.4841772151898734
0.4,6,0.0,SEG3,HIGH_FIRST,ALL,395,13.127284812229977,0.5836817928242416,4.5620253164556965,4.553723240506332,8.74341637974684,8.858771721519,0.4708860759493671,0.09684893670884569,0.4936708860759494,0.2857543544303852,0.4759493670886076,0.28283610126582637,0.4911392405063291,-0.3728721772151852,0.4841772151898734
0.1,6,4.0,SEG2_SEG3,HIGH_FIRST,HIGH,189,6.281156530408774,0.46936428191309226,4.375661375661376,8.669705978836,10.639672962962955,10.545778412698443,0.43915343915343913,0.8363063492063524,0.4708994708994709,0.748152804232829,0.4656084656084656,-0.329259894179871,0.5343915343915344,-1.2642250264550163,0.48412698412698413
0.1,6,2.0,SEG3,HIGH_FIRST,NORMAL,189,6.281156530408774,0.3512004620437085,4.682539682539683,5.268574656084655,8.479481798941814,9.269444444444414,0.43386243386243384,0.5694468783068938,0.48677248677248675,0.37221121693123704,0.48677248677248675,0.17113248677250334,0.47619047619047616,-0.46038407407405385,0.4841269841269841
0.1,12,0.0,SEG2_SEG3,ANY,QUIET,299,9.936856098371551,0.2860316228897726,6.013377926421405,2.9048839799330795,7.304003311036802,7.188343946488284,0.46488294314381273,0.1713351839464706,0.47157190635451507,-0.14573377926419873,0.4816053511705686,-0.18294224080267954,0.5016722408026756,-0.12828217391305402,0.484113712374582
0.1,6,2.0,SEG2_SEG3,HIGH_FIRST,ALL,535,17.77999335327351,0.41852757439736243,4.631775700934579,5.8121226728971935,9.110283887850484,9.235983887850466,0.4691588785046729,0.2555804112149477,0.4822429906542056,0.2885837196261763,0.4785046728971963,-0.008847214953273527,0.497196261682243,-0.490494000000002,0.48411214953271026
0.3,10,0.0,SEG2_SEG3,HIGH_FIRST,QUIET,110,3.6556995679627784,0.43396366546167,5.681818181818182,2.8357718181817995,6.8946984545454395,6.926515909090892,0.4818181818181818,0.14585263636368753,0.509090909090909,-0.22215363636359226,0.4818181818181818,0.2157869090909075,0.4636363636363636,-0.08178263636362895,0.48409090909090907
0.3,12,0.0,SEG2_SEG3,HIGH_FIRST,QUIET,110,3.6556995679627784,0.43396366546167,5.681818181818182,2.8357718181817995,6.8946984545454395,6.926515909090892,0.4818181818181818,0.14585263636368753,0.509090909090909,-0.22215363636359226,0.4818181818181818,0.2157869090909075,0.4636363636363636,-0.08178263636362895,0.48409090909090907
0.4,8,0.0,SEG2_SEG3,ANY,ALL,420,13.958125623130607,0.5799252699064766,5.030952380952381,4.457062119047623,8.725122214285708,8.94552216666668,0.46190476190476193,0.19674202380952227,0.5,0.23908423809525198,0.4785714285714286,0.43016821428572627,0.4785714285714286,0.10746757142857989,0.4839285714285715
0.4,8,0.0,SEG2_SEG3,HIGH_FIRST,ALL,420,13.958125623130607,0.5799252699064766,5.030952380952381,4.457062119047623,8.725122214285708,8.94552216666668,0.46190476190476193,0.19674202380952227,0.5,0.23908423809525198,0.4785714285714286,0.43016821428572627,0.4785714285714286,0.10746757142857989,0.4839285714285715
0.4,12,2.0,SEG3,ANY,ALL,342,11.365902293120637,0.5773667700596523,4.991228070175438,5.694788362573097,8.999367076023397,9.244741695906447,0.4649122807017544,0.21152032163741108,0.47953216374269003,0.49022356725147576,0.4853801169590643,0.380047923976605,0.4853801169590643,0.23929818713451548,0.48391812865497075
0.4,12,2.0,SEG3,HIGH_FIRST,ALL,342,11.365902293120637,0.5773667700596523,4.991228070175438,5.694788362573097,8.999367076023397,9.244741695906447,0.4649122807017544,0.21152032163741108,0.47953216374269003,0.49022356725147576,0.4853801169590643,0.380047923976605,0.4853801169590643,0.23929818713451548,0.48391812865497075
0.3,10,2.0,SEG3,ANY,HIGH,295,9.803921568627452,0.5431800111491555,5.125423728813559,6.398559864406782,10.070304576271173,10.14946393220341,0.46779661016949153,0.2727277627118599,0.47796610169491527,0.5272525423728932,0.488135593220339,-0.03944179661015893,0.48135593220338985,0.16961844067796478,0.48389830508474574
0.3,10,2.0,SEG3,HIGH_FIRST,HIGH,295,9.803921568627452,0.5431800111491555,5.125423728813559,6.398559864406782,10.070304576271173,10.14946393220341,0.46779661016949153,0.2727277627118599,0.47796610169491527,0.5272525423728932,0.488135593220339,-0.03944179661015893,0.48135593220338985,0.16961844067796478,0.48389830508474574
0.1,10,0.0,SEG2_SEG3,ANY,NORMAL,247,8.208707211698238,0.3671509250383922,5.578947368421052,3.957270323886617,7.711991093117409,8.869992672064766,0.4493927125506073,0.29366672064777677,0.4777327935222672,0.43772404858300656,0.4817813765182186,0.87515825910932,0.4939271255060729,-0.25130838056680027,0.48380566801619435
0.3,12,1.0,SEG3,ANY,HIGH,355,11.797939514788967,0.5428717412889874,5.236619718309859,5.589467211267597,9.597229915492957,9.803997267605641,0.4591549295774648,0.3253030140844984,0.48732394366197185,0.4969528450704172,0.48450704225352115,0.12122042253521755,0.4788732394366197,0.05524881690140242,0.4838028169014085
0.3,12,1.0,SEG3,HIGH_FIRST,HIGH,355,11.797939514788967,0.5428717412889874,5.236619718309859,5.589467211267597,9.597229915492957,9.803997267605641,0.4591549295774648,0.3253030140844984,0.48732394366197185,0.4969528450704172,0.48450704225352115,0.12122042253521755,0.4788732394366197,0.05524881690140242,0.4838028169014085
0.2,6,2.0,SEG3,ANY,ALL,571,18.97640412097042,0.43997089273372847,4.665499124343257,5.614049422066562,9.187888423817869,9.490711908931711,0.46409807355516636,0.44143900175131595,0.4868651488616462,0.2654326444833813,0.4886164623467601,0.1678899124343383,0.4711033274956217,0.20464996497373014,0.483800350262697
0.35,12,2.0,SEG3,ANY,HIGH,262,8.707211698238618,0.5727217880884139,5.038167938931298,6.323509999999996,10.079614122137398,10.292317137404593,0.4541984732824427,0.4865361450381581,0.4732824427480916,0.633629045801538,0.49236641221374045,-0.04295782442745838,0.4770992366412214,0.2340481297709897,0.48377862595419846
0.35,12,2.0,SEG3,HIGH_FIRST,HIGH,262,8.707211698238618,0.5727217880884139,5.038167938931298,6.323509999999996,10.079614122137398,10.292317137404593,0.4541984732824427,0.4865361450381581,0.4732824427480916,0.633629045801538,0.49236641221374045,-0.04295782442745838,0.4770992366412214,0.2340481297709897,0.48377862595419846
0.1,8,2.0,SEG2_SEG3,ANY,ALL,693,23.030907278165504,0.39316210962679354,5.194805194805195,5.6523737085137,9.017817546897561,9.316298802308802,0.4588744588744589,0.28765461760460775,0.4805194805194805,0.39628647907647907,0.47619047619047616,0.29712461760462044,0.5021645021645021,-0.5923386002886045,0.48376623376623373
0.1,4,3.0,SEG2_SEG3,HIGH_FIRST,ALL,169,5.616483881688269,0.4638244353287457,3.3076923076923075,7.055670591716002,9.043882011834363,9.774122840236654,0.47928994082840237,0.11281260355027375,0.46153846153846156,0.4752552071006139,0.47337278106508873,0.6221463313609603,0.5266272189349113,-0.158268343195283,0.4837278106508876
0.4,6,2.0,SEG2_SEG3,ANY,ALL,261,8.673978065802592,0.5943436971774879,4.471264367816092,5.96207137931035,9.518483754789283,9.504041992337172,0.4789272030651341,0.11125819923370142,0.5019157088122606,0.22724264367817232,0.47126436781609193,0.1625573946360112,0.4904214559386973,-0.004059501915708794,0.4837164750957854
0.4,6,2.0,SEG2_SEG3,HIGH_FIRST,ALL,261,8.673978065802592,0.5943436971774879,4.471264367816092,5.96207137931035,9.518483754789283,9.504041992337172,0.4789272030651341,0.11125819923370142,0.5019157088122606,0.22724264367817232,0.47126436781609193,0.1625573946360112,0.4904214559386973,-0.004059501915708794,0.4837164750957854
0.4,10,1.0,SEG2_SEG3,ANY,ALL,383,12.728481222997674,0.5792317573256636,5.073107049608355,4.930773524804176,8.731216214099211,9.000032088772858,0.45691906005221933,0.26832872062662655,0.4856396866840731,0.36681148825066484,0.4830287206266319,0.2946990078329128,0.4830287206266319,0.06226548302873212,0.4836814621409922
0.4,10,1.0,SEG2_SEG3,HIGH_FIRST,ALL,383,12.728481222997674,0.5792317573256636,5.073107049608355,4.930773524804176,8.731216214099211,9.000032088772858,0.45691906005221933,0.26832872062662655,0.4856396866840731,0.36681148825066484,0.4830287206266319,0.2946990078329128,0.4830287206266319,0.06226548302873212,0.4836814621409922
0.4,12,1.0,SEG2_SEG3,ANY,ALL,383,12.728481222997674,0.5792317573256636,5.073107049608355,4.930773524804176,8.731216214099211,9.000032088772858,0.45691906005221933,0.26832872062662655,0.4856396866840731,0.36681148825066484,0.4830287206266319,0.2946990078329128,0.4830287206266319,0.06226548302873212,0.4836814621409922
0.4,12,1.0,SEG2_SEG3,HIGH_FIRST,ALL,383,12.728481222997674,0.5792317573256636,5.073107049608355,4.930773524804176,8.731216214099211,9.000032088772858,0.45691906005221933,0.26832872062662655,0.4856396866840731,0.36681148825066484,0.4830287206266319,0.2946990078329128,0.4830287206266319,0.06226548302873212,0.4836814621409922
0.4,10,0.0,SEG3,ANY,ALL,490,16.284479893652374,0.5692053592740798,5.1571428571428575,4.299032653061223,8.49527328571428,8.747931387755125,0.46122448979591835,0.13958975510203325,0.4897959183673469,0.32025553061225487,0.4816326530612245,0.4062153673469478,0.4816326530612245,0.12606330612245853,0.48367346938775513
0.4,10,0.0,SEG3,HIGH_FIRST,ALL,490,16.284479893652374,0.5692053592740798,5.1571428571428575,4.299032653061223,8.49527328571428,8.747931387755125,0.46122448979591835,0.13958975510203325,0.4897959183673469,0.32025553061225487,0.4816326530612245,0.4062153673469478,0.4816326530612245,0.12606330612245853,0.48367346938775513
0.1,6,0.0,SEG2_SEG3,ANY,QUIET,183,6.0817547357926225,0.30339864351879303,4.950819672131147,3.209866557377022,7.426222295082001,7.081601366120209,0.4972677595628415,-0.0871489071038371,0.453551912568306,-0.18482420765026364,0.4918032786885246,-0.32613808743171135,0.4972677595628415,-0.47522114754097666,0.48360655737704916
0.1,10,0.0,SEG2_SEG3,HIGH_FIRST,QUIET,288,9.571286141575275,0.2900685885893502,6.003472222222222,2.9300859027777477,7.194945625000015,7.190585763888878,0.46875,0.13662156249998247,0.4722222222222222,-0.09057701388887551,0.4826388888888889,0.038791493055550554,0.4965277777777778,0.07386541666665399,0.4835069444444444
0.1,8,2.0,SEG2_SEG3,HIGH_FIRST,ALL,682,22.665337321369226,0.3969231279924769,5.197947214076247,5.6648204545454455,8.988172199413505,9.323549750733136,0.45894428152492667,0.2809197800586416,0.4809384164222874,0.412054545454545,0.47653958944281527,0.3232762316715574,0.5,-0.4600463929618821,0.4835043988269795
0.1,6,2.0,SEG2_SEG3,ANY,ALL,545,18.112329677633767,0.4138560002122363,4.634862385321101,5.799420660550456,9.137206513761482,9.242614752293578,0.46788990825688076,0.2671102385321035,0.48073394495412847,0.27666937614679754,0.47706422018348627,-0.01400572477064547,0.4990825688073395,-0.63328242201835,0.48348623853211015
0.1,10,2.0,SEG2_SEG3,ANY,ALL,726,24.127617148554336,0.38864862098729286,5.373278236914601,5.605669834710734,8.918747575757589,9.326383443526174,0.45867768595041325,0.327545358126712,0.4793388429752066,0.40781641873278435,0.47520661157024796,0.3974058126721805,0.5041322314049587,-0.5158749173553773,0.48347107438016534
0.2,8,2.0,SEG2_SEG3,HIGH_FIRST,NORMAL,136,4.519774011299435,0.40809871908811635,5.080882352941177,4.930849632352901,8.419734264705918,9.057085441176461,0.4411764705882353,0.3246125735294072,0.49264705882352944,0.15871919117649091,0.4852941176470588,0.4555437500000173,0.47058823529411764,-0.2808451470588225,0.48345588235294124
0.4,8,2.0,SEG2_SEG3,ANY,ALL,302,10.036556995679629,0.5845990195796901,4.854304635761589,5.755860331125831,9.246721390728483,9.41522599337749,0.47019867549668876,0.1556124834436987,0.49337748344370863,0.3204432119205405,0.4768211920529801,0.424337847682123,0.4867549668874172,0.20563890728477713,0.4834437086092715
0.4,8,2.0,SEG2_SEG3,HIGH_FIRST,ALL,302,10.036556995679629,0.5845990195796901,4.854304635761589,5.755860331125831,9.246721390728483,9.41522599337749,0.47019867549668876,0.1556124834436987,0.49337748344370863,0.3204432119205405,0.4768211920529801,0.424337847682123,0.4867549668874172,0.20563890728477713,0.4834437086092715
0.4,6,0.0,SEG2_SEG3,ANY,ALL,347,11.532070455300765,0.5946903047588421,4.54178674351585,4.771945417867444,8.986828904899138,9.032056512968309,0.47262247838616717,0.12360253602304463,0.49855907780979825,0.18287268011528524,0.47262247838616717,0.16212270893372605,0.4899135446685879,-0.34887334293947686,0.4834293948126801
0.4,6,0.0,SEG2_SEG3,HIGH_FIRST,ALL,347,11.532070455300765,0.5946903047588421,4.54178674351585,4.771945417867444,8.986828904899138,9.032056512968309,0.47262247838616717,0.12360253602304463,0.49855907780979825,0.18287268011528524,0.47262247838616717,0.16212270893372605,0.4899135446685879,-0.34887334293947686,0.4834293948126801
0.1,6,2.0,SEG3,HIGH_FIRST,HIGH,316,10.50182784978398,0.4734390920526721,4.544303797468355,6.871300569620281,10.037566835443021,10.125238291139276,0.4620253164556962,0.414939905063305,0.4873417721518987,0.46252468354433096,0.4810126582278481,-0.1260981645569395,0.48417721518987344,0.027157278481020432,0.4833860759493671
0.1,10,0.0,SEG2_SEG3,ANY,QUIET,298,9.903622465935527,0.2865126723257172,5.996644295302014,2.9061045973154043,7.292232449664444,7.207640268456365,0.46308724832214765,0.17666825503353886,0.4697986577181208,-0.1311677852348847,0.4798657718120805,-0.15013268456376308,0.5033557046979866,-0.16947979865772933,0.4832214765100671
0.1,10,2.0,SEG2_SEG3,HIGH_FIRST,ALL,715,23.76204719175806,0.39216661560318306,5.379020979020979,5.616823594405583,8.888946321678338,9.333454881118884,0.45874125874125876,0.32173506293705356,0.4797202797202797,0.42303411188811346,0.4755244755244755,0.4238932167832213,0.5020979020979021,-0.3885121398601463,0.4832167832167832
0.1,12,2.0,SEG2_SEG3,ANY,ALL,728,24.19408441342639,0.38804967144191127,5.388736263736264,5.598662802197793,8.920945000000014,9.354703681318687,0.45879120879120877,0.32708633241757284,0.4793956043956044,0.40573285714285917,0.47527472527472525,0.4243605082417629,0.5027472527472527,-0.46284281593407123,0.4831730769230769
0.4,10,0.0,SEG2_SEG3,ANY,HIGH,267,8.873379860418744,0.6162428598092133,5.00374531835206,5.0868223220973885,9.635582022471896,9.877243071161073,0.46441947565543074,0.39790187265916516,0.48314606741573035,0.5965861048689255,0.48314606741573035,0.4491789513108841,0.48314606741573035,1.034174906367061,0.48314606741573035
0.4,10,0.0,SEG2_SEG3,HIGH_FIRST,HIGH,267,8.873379860418744,0.6162428598092133,5.00374531835206,5.0868223220973885,9.635582022471896,9.877243071161073,0.46441947565543074,0.39790187265916516,0.48314606741573035,0.5965861048689255,0.48314606741573035,0.4491789513108841,0.48314606741573035,1.034174906367061,0.48314606741573035
0.4,12,0.0,SEG2_SEG3,ANY,HIGH,267,8.873379860418744,0.6162428598092133,5.00374531835206,5.0868223220973885,9.635582022471896,9.877243071161073,0.46441947565543074,0.39790187265916516,0.48314606741573035,0.5965861048689255,0.48314606741573035,0.4491789513108841,0.48314606741573035,1.034174906367061,0.48314606741573035
0.4,12,0.0,SEG2_SEG3,HIGH_FIRST,HIGH,267,8.873379860418744,0.6162428598092133,5.00374531835206,5.0868223220973885,9.635582022471896,9.877243071161073,0.46441947565543074,0.39790187265916516,0.48314606741573035,0.5965861048689255,0.48314606741573035,0.4491789513108841,0.48314606741573035,1.034174906367061,0.48314606741573035
0.4,10,0.0,SEG2_SEG3,ANY,ALL,430,14.290461947490861,0.5794303516211782,5.127906976744186,4.4451246976744265,8.671765418604638,8.899795139534904,0.4604651162790698,0.19406595348837177,0.49534883720930234,0.24825593023257636,0.4790697674418605,0.4030148139535064,0.4790697674418605,0.16248872093024677,0.4831395348837209
0.4,10,0.0,SEG2_SEG3,HIGH_FIRST,ALL,430,14.290461947490861,0.5794303516211782,5.127906976744186,4.4451246976744265,8.671765418604638,8.899795139534904,0.4604651162790698,0.19406595348837177,0.49534883720930234,0.24825593023257636,0.4790697674418605,0.4030148139535064,0.4790697674418605,0.16248872093024677,0.4831395348837209
0.4,12,0.0,SEG2_SEG3,ANY,ALL,430,14.290461947490861,0.5794303516211782,5.127906976744186,4.4451246976744265,8.671765418604638,8.899795139534904,0.4604651162790698,0.19406595348837177,0.49534883720930234,0.24825593023257636,0.4790697674418605,0.4030148139535064,0.4790697674418605,0.16248872093024677,0.4831395348837209
0.4,12,0.0,SEG2_SEG3,HIGH_FIRST,ALL,430,14.290461947490861,0.5794303516211782,5.127906976744186,4.4451246976744265,8.671765418604638,8.899795139534904,0.4604651162790698,0.19406595348837177,0.49534883720930234,0.24825593023257636,0.4790697674418605,0.4030148139535064,0.4790697674418605,0.16248872093024677,0.4831395348837209
0.35,6,0.0,SEG3,ANY,HIGH,281,9.338650714523098,0.5863327961395829,4.505338078291815,5.16665633451959,9.844389857651233,9.78759373665483,0.47330960854092524,0.33241782918149054,0.498220640569395,0.32367683274022546,0.47330960854092524,0.031266761565862757,0.4875444839857651,0.0716318505338075,0.48309608540925264
0.35,6,0.0,SEG3,HIGH_FIRST,HIGH,281,9.338650714523098,0.5863327961395829,4.505338078291815,5.16665633451959,9.844389857651233,9.78759373665483,0.47330960854092524,0.33241782918149054,0.498220640569395,0.32367683274022546,0.47330960854092524,0.031266761565862757,0.4875444839857651,0.0716318505338075,0.48309608540925264
0.1,12,2.0,SEG2_SEG3,HIGH_FIRST,ALL,717,23.82851445663011,0.39154866405747935,5.394700139470014,5.609677949790784,8.891260585774074,9.362189874476991,0.45885634588563456,0.321285202231511,0.4797768479776848,0.42087613668061524,0.4755927475592748,0.45118755927476084,0.500697350069735,-0.3350217015341765,0.4829149232914923
0.1,8,1.0,SEG3,HIGH_FIRST,HIGH,468,15.553339980059821,0.45586720547109133,5.170940170940171,5.998642756410259,9.784105363247862,9.7888816880342,0.4551282051282051,0.30860512820512936,0.48717948717948717,0.4985632692307669,0.4829059829059829,0.03874393162393867,0.47863247863247865,-0.2576039957264984,0.4829059829059829
0.2,6,2.0,SEG3,HIGH_FIRST,ALL,566,18.810235958790297,0.44182889514385293,4.657243816254417,5.629287332155492,9.136601537102479,9.478630954063616,0.46466431095406363,0.4630556537102514,0.48586572438162545,0.34123054770319927,0.4876325088339223,0.19983401060072015,0.46996466431095407,0.3146597879858665,0.48277385159010605
0.2,4,4.0,SEG3,ANY,ALL,145,4.818876703223662,0.4858378744823863,3.2413793103448274,7.640758275862105,9.903186206896574,10.307155586206902,0.496551724137931,0.006775172413801619,0.46206896551724136,0.4002102758621198,0.47586206896551725,0.12753993103453218,0.5172413793103449,-0.7370662068965461,0.48275862068965514
0.2,4,4.0,SEG3,HIGH_FIRST,ALL,145,4.818876703223662,0.4858378744823863,3.2413793103448274,7.640758275862105,9.903186206896574,10.307155586206902,0.496551724137931,0.006775172413801619,0.46206896551724136,0.4002102758621198,0.47586206896551725,0.12753993103453218,0.5172413793103449,-0.7370662068965461,0.48275862068965514
0.2,10,2.0,SEG2_SEG3,HIGH_FIRST,ALL,579,19.242273180458625,0.44871938905383746,5.231433506044905,5.6700048531951595,9.149544455958562,9.279633747841116,0.46459412780656306,0.25886003454230844,0.4853195164075993,0.29291369602764705,0.4749568221070812,0.20789625215890137,0.49568221070811747,-0.5363320034542364,0.48272884283246975
0.2,12,2.0,SEG2_SEG3,HIGH_FIRST,ALL,579,19.242273180458625,0.44871938905383746,5.231433506044905,5.6700048531951595,9.149544455958562,9.279633747841116,0.46459412780656306,0.25886003454230844,0.4853195164075993,0.29291369602764705,0.4749568221070812,0.20789625215890137,0.49568221070811747,-0.5363320034542364,0.48272884283246975
0.4,8,1.0,SEG2_SEG3,ANY,ALL,376,12.495845795945497,0.5793777016892888,4.99468085106383,4.9213655319148915,8.785932872340426,9.057997845744689,0.4574468085106383,0.24536210106382417,0.48936170212765956,0.32720135638298675,0.48138297872340424,0.33548675531915734,0.4787234042553192,0.0953865425531983,0.48271276595744683
0.4,8,1.0,SEG2_SEG3,HIGH_FIRST,ALL,376,12.495845795945497,0.5793777016892888,4.99468085106383,4.9213655319148915,8.785932872340426,9.057997845744689,0.4574468085106383,0.24536210106382417,0.48936170212765956,0.32720135638298675,0.48138297872340424,0.33548675531915734,0.4787234042553192,0.0953865425531983,0.48271276595744683
0.4,8,0.0,SEG2_SEG3,ANY,HIGH,260,8.640744433366567,0.6166007371361909,4.892307692307693,5.102313192307698,9.660111269230763,9.94403673076925,0.46153846153846156,0.4354114999999883,0.4846153846153846,0.6210254615384674,0.4807692307692308,0.5051521923077049,0.4846153846153846,0.9550951923077055,0.4826923076923077
0.4,8,0.0,SEG2_SEG3,HIGH_FIRST,HIGH,260,8.640744433366567,0.6166007371361909,4.892307692307693,5.102313192307698,9.660111269230763,9.94403673076925,0.46153846153846156,0.4354114999999883,0.4846153846153846,0.6210254615384674,0.4807692307692308,0.5051521923077049,0.4846153846153846,0.9550951923077055,0.4826923076923077
0.4,12,0.0,SEG3,ANY,ALL,491,16.3177135260884,0.5698143356499639,5.169042769857434,4.3016538289205695,8.466671771894088,8.741924419551955,0.46028513238289204,0.15086578411404558,0.48879837067209775,0.3309919959266911,0.48065173116089616,0.41696987780041594,0.48065173116089616,0.137361792260703,0.48268839103869654
0.4,12,0.0,SEG3,HIGH_FIRST,ALL,491,16.3177135260884,0.5698143356499639,5.169042769857434,4.3016538289205695,8.466671771894088,8.741924419551955,0.46028513238289204,0.15086578411404558,0.48879837067209775,0.3309919959266911,0.48065173116089616,0.41696987780041594,0.48065173116089616,0.137361792260703,0.48268839103869654
0.2,8,2.0,SEG2_SEG3,HIGH_FIRST,ALL,561,18.64406779661017,0.4502496562197355,5.105169340463458,5.689649982174683,9.233260142602514,9.329138360071303,0.46524064171123,0.24391122994651396,0.48663101604278075,0.2767823351158721,0.47593582887700536,0.13914654188948686,0.4919786096256685,-0.48889819964350184,0.48262032085561496
0.1,10,1.0,SEG3,HIGH_FIRST,HIGH,486,16.151545363908276,0.45337076919871505,5.316872427983539,5.961984670781894,9.675421584362141,9.735408353909481,0.4547325102880658,0.3213945473251053,0.4876543209876543,0.47890078189300356,0.48148148148148145,0.13596664609054668,0.4794238683127572,-0.18288100823045342,0.4825102880658436
0.4,4,1.0,SEG3,ANY,ALL,156,5.18444666001994,0.6212176103467247,3.3461538461538463,5.478874423076936,9.56189942307697,9.451531987179482,0.5,-0.15944057692306557,0.46794871794871795,0.005551282051293618,0.47435897435897434,0.290864487179504,0.5128205128205128,-1.3787718589743696,0.4823717948717948
0.4,4,1.0,SEG3,HIGH_FIRST,ALL,156,5.18444666001994,0.6212176103467247,3.3461538461538463,5.478874423076936,9.56189942307697,9.451531987179482,0.5,-0.15944057692306557,0.46794871794871795,0.005551282051293618,0.47435897435897434,0.290864487179504,0.5128205128205128,-1.3787718589743696,0.4823717948717948
0.35,8,3.0,SEG2_SEG3,ANY,HIGH,184,6.114988368228647,0.5792264170532154,4.809782608695652,7.322797989130429,10.488074782608702,10.831610869565232,0.44565217391304346,0.7261736413043274,0.4673913043478261,0.6718959239130562,0.483695652173913,0.24541831521740615,0.4945652173913043,0.3342182065217215,0.48233695652173914
0.35,8,3.0,SEG2_SEG3,HIGH_FIRST,HIGH,184,6.114988368228647,0.5792264170532154,4.809782608695652,7.322797989130429,10.488074782608702,10.831610869565232,0.44565217391304346,0.7261736413043274,0.4673913043478261,0.6718959239130562,0.483695652173913,0.24541831521740615,0.4945652173913043,0.3342182065217215,0.48233695652173914
0.3,12,2.0,SEG3,ANY,HIGH,296,9.837155201063476,0.5442780947595743,5.14527027027027,6.395814831081085,10.017539797297285,10.134764763513532,0.46621621621621623,0.290982466216212,0.47635135135135137,0.544362702702716,0.4864864864864865,-0.0200967905405307,0.4797297297297297,0.18821304054054083,0.4822635135135135
0.3,12,2.0,SEG3,HIGH_FIRST,HIGH,296,9.837155201063476,0.5442780947595743,5.14527027027027,6.395814831081085,10.017539797297285,10.134764763513532,0.46621621621621623,0.290982466216212,0.47635135135135137,0.544362702702716,0.4864864864864865,-0.0200967905405307,0.4797297297297297,0.18821304054054083,0.4822635135135135
0.1,8,1.0,SEG3,ANY,HIGH,477,15.852442671984047,0.44984413199978046,5.180293501048218,5.986238972746338,9.766181614255764,9.782411048218043,0.4528301886792453,0.32058396226415065,0.48427672955974843,0.5275018448637285,0.48218029350104824,0.050982830188687316,0.480083857442348,-0.36747475890985526,0.48218029350104824
0.35,8,4.0,SEG2_SEG3,ANY,ALL,209,6.945829179129279,0.5492209296213453,4.7272727272727275,7.636969760765552,10.347131387559806,10.14781464114834,0.4688995215311005,0.25914196172249554,0.4880382775119617,0.178795454545498,0.46411483253588515,0.0657453588517077,0.5119617224880383,-0.6117201913875521,0.4820574162679425
0.35,8,4.0,SEG2_SEG3,HIGH_FIRST,ALL,209,6.945829179129279,0.5492209296213453,4.7272727272727275,7.636969760765552,10.347131387559806,10.14781464114834,0.4688995215311005,0.25914196172249554,0.4880382775119617,0.178795454545498,0.46411483253588515,0.0657453588517077,0.5119617224880383,-0.6117201913875521,0.4820574162679425
0.3,10,0.0,SEG2_SEG3,ANY,QUIET,111,3.688933200398804,0.43287632869127435,5.693693693693693,2.8274144144143967,6.8411927927927785,6.889421891891875,0.4774774774774775,0.15066342342347402,0.5045045045045045,-0.2000874774774332,0.4774774774774775,0.2280727927927892,0.46846846846846846,-0.08316837837837082,0.48198198198198194
0.3,12,0.0,SEG2_SEG3,ANY,QUIET,111,3.688933200398804,0.43287632869127435,5.693693693693693,2.8274144144143967,6.8411927927927785,6.889421891891875,0.4774774774774775,0.15066342342347402,0.5045045045045045,-0.2000874774774332,0.4774774774774775,0.2280727927927892,0.46846846846846846,-0.08316837837837082,0.48198198198198194
0.1,12,0.0,SEG2_SEG3,ANY,NORMAL,248,8.241940844134264,0.3664712159937154,5.600806451612903,3.9557050403225587,7.715674596774194,8.98677439516128,0.4475806451612903,0.2994940322580679,0.47580645161290325,0.45122193548388073,0.4798387096774194,0.9941214112903312,0.49193548387096775,-0.1477667741935475,0.48185483870967744
0.35,10,0.0,SEG3,ANY,QUIET,124,4.120970422067132,0.4570316382550143,5.733870967741935,2.62248758064516,6.695801209677396,6.979743064516151,0.4838709677419355,0.23666596774196771,0.5080645161290323,0.03632153225810857,0.4596774193548387,0.48082935483872064,0.5,-0.8441216129032044,0.4818548387096774
0.35,10,0.0,SEG3,HIGH_FIRST,QUIET,124,4.120970422067132,0.4570316382550143,5.733870967741935,2.62248758064516,6.695801209677396,6.979743064516151,0.4838709677419355,0.23666596774196771,0.5080645161290323,0.03632153225810857,0.4596774193548387,0.48082935483872064,0.5,-0.8441216129032044,0.4818548387096774
0.35,12,0.0,SEG3,ANY,QUIET,124,4.120970422067132,0.4570316382550143,5.733870967741935,2.62248758064516,6.695801209677396,6.979743064516151,0.4838709677419355,0.23666596774196771,0.5080645161290323,0.03632153225810857,0.4596774193548387,0.48082935483872064,0.5,-0.8441216129032044,0.4818548387096774
0.35,12,0.0,SEG3,HIGH_FIRST,QUIET,124,4.120970422067132,0.4570316382550143,5.733870967741935,2.62248758064516,6.695801209677396,6.979743064516151,0.4838709677419355,0.23666596774196771,0.5080645161290323,0.03632153225810857,0.4596774193548387,0.48082935483872064,0.5,-0.8441216129032044,0.4818548387096774
0.1,8,2.0,SEG3,ANY,NORMAL,234,7.7766699900299106,0.3334055562649406,5.111111111111111,5.169951495726484,8.600839059829077,9.841746923076913,0.4230769230769231,0.5315883333333352,0.48717948717948717,0.2215854700854803,0.4829059829059829,0.8082168376068561,0.47435897435897434,0.25306961538463396,0.4818376068376068
0.35,8,4.0,SEG3,ANY,ALL,234,7.7766699900299106,0.5390141743943676,4.760683760683761,7.638630854700863,10.289335641025641,10.261425170940182,0.4658119658119658,0.2886020085470144,0.47435897435897434,0.39548418803423196,0.4700854700854701,0.010930683760723028,0.5128205128205128,-0.6391173931623847,0.4818376068376068
0.35,8,4.0,SEG3,HIGH_FIRST,ALL,234,7.7766699900299106,0.5390141743943676,4.760683760683761,7.638630854700863,10.289335641025641,10.261425170940182,0.4658119658119658,0.2886020085470144,0.47435897435897434,0.39548418803423196,0.4700854700854701,0.010930683760723028,0.5128205128205128,-0.6391173931623847,0.4818376068376068
0.1,10,1.0,SEG3,ANY,HIGH,495,16.450648055832502,0.44761210633131326,5.3232323232323235,5.950698444444449,9.660125676767677,9.73014525252527,0.45252525252525255,0.33270525252525357,0.48484848484848486,0.5071445454545441,0.4808080808080808,0.14599280808082069,0.4808080808080808,-0.2901150707070709,0.4818181818181818
0.2,4,0.0,SEG2_SEG3,ANY,NORMAL,55,1.8278497839813892,0.49479657150009243,3.290909090909091,4.130856545454605,7.773830909090975,10.489158545454433,0.4,0.7796916363635981,0.43636363636363634,1.31003181818177,0.4909090909090909,2.613421818181781,0.509090909090909,-0.4001674545454741,0.4818181818181818
0.2,4,0.0,SEG2_SEG3,HIGH_FIRST,NORMAL,55,1.8278497839813892,0.49479657150009243,3.290909090909091,4.130856545454605,7.773830909090975,10.489158545454433,0.4,0.7796916363635981,0.43636363636363634,1.31003181818177,0.4909090909090909,2.613421818181781,0.509090909090909,-0.4001674545454741,0.4818181818181818
0.1,10,0.0,SEG2_SEG3,HIGH_FIRST,NORMAL,246,8.175473579262214,0.36779927618393143,5.5772357723577235,3.958592113821117,7.645435691056913,8.881948536585353,0.44715447154471544,0.32742247967480137,0.47560975609756095,0.51301638211383,0.4796747967479675,0.9081713414634245,0.491869918699187,-0.1357007317073171,0.48170731707317077
0.3,8,2.0,SEG3,ANY,HIGH,286,9.504818876703224,0.5448280841648615,5.0,6.431293986013988,10.14223842657342,10.29906440559442,0.46503496503496505,0.26120720279719706,0.4755244755244755,0.5603610489510559,0.486013986013986,-0.01663391608391047,0.479020979020979,0.17845300699300295,0.4816433566433566
0.3,8,2.0,SEG3,HIGH_FIRST,HIGH,286,9.504818876703224,0.5448280841648615,5.0,6.431293986013988,10.14223842657342,10.29906440559442,0.46503496503496505,0.26120720279719706,0.4755244755244755,0.5603610489510559,0.486013986013986,-0.01663391608391047,0.479020979020979,0.17845300699300295,0.4816433566433566
0.2,4,1.0,SEG3,ANY,HIGH,136,4.519774011299435,0.5678717298872236,3.3308823529411766,6.401849852941228,10.356974926470611,10.100300367647083,0.5073529411764706,-0.14763720588233048,0.47058823529411764,-0.0839197058823181,0.4632352941176471,-0.26125566176465126,0.5294117647058824,-0.6039299264706047,0.4816176470588235
0.2,4,1.0,SEG3,HIGH_FIRST,HIGH,136,4.519774011299435,0.5678717298872236,3.3308823529411766,6.401849852941228,10.356974926470611,10.100300367647083,0.5073529411764706,-0.14763720588233048,0.47058823529411764,-0.0839197058823181,0.4632352941176471,-0.26125566176465126,0.5294117647058824,-0.6039299264706047,0.4816176470588235
0.3,6,4.0,SEG2_SEG3,ANY,HIGH,136,4.519774011299435,0.5683627662770349,4.323529411764706,8.571789191176485,11.239489705882344,10.79143816176473,0.45588235294117646,0.7135694852941115,0.47058823529411764,0.5649688235294514,0.47058823529411764,-0.3805258088235064,0.5147058823529411,-0.30525742647059545,0.4816176470588235
0.3,6,4.0,SEG2_SEG3,HIGH_FIRST,HIGH,136,4.519774011299435,0.5683627662770349,4.323529411764706,8.571789191176485,11.239489705882344,10.79143816176473,0.45588235294117646,0.7135694852941115,0.47058823529411764,0.5649688235294514,0.47058823529411764,-0.3805258088235064,0.5147058823529411,-0.30525742647059545,0.4816176470588235
0.35,10,3.0,SEG2_SEG3,ANY,HIGH,190,6.314390162844799,0.5789689934351498,4.947368421052632,7.281968105263152,10.368858315789469,10.691688736842128,0.4473684210526316,0.7410962105262953,0.4631578947368421,0.7182385263158099,0.4842105263157895,0.21310242105265914,0.49473684210526314,0.3245775789473579,0.48157894736842105
0.35,10,3.0,SEG2_SEG3,HIGH_FIRST,HIGH,190,6.314390162844799,0.5789689934351498,4.947368421052632,7.281968105263152,10.368858315789469,10.691688736842128,0.4473684210526316,0.7410962105262953,0.4631578947368421,0.7182385263158099,0.4842105263157895,0.21310242105265914,0.49473684210526314,0.3245775789473579,0.48157894736842105
0.35,12,3.0,SEG2_SEG3,ANY,HIGH,190,6.314390162844799,0.5789689934351498,4.947368421052632,7.281968105263152,10.368858315789469,10.691688736842128,0.4473684210526316,0.7410962105262953,0.4631578947368421,0.7182385263158099,0.4842105263157895,0.21310242105265914,0.49473684210526314,0.3245775789473579,0.48157894736842105
0.35,12,3.0,SEG2_SEG3,HIGH_FIRST,HIGH,190,6.314390162844799,0.5789689934351498,4.947368421052632,7.281968105263152,10.368858315789469,10.691688736842128,0.4473684210526316,0.7410962105262953,0.4631578947368421,0.7182385263158099,0.4842105263157895,0.21310242105265914,0.49473684210526314,0.3245775789473579,0.48157894736842105
0.35,6,1.0,SEG2_SEG3,ANY,QUIET,54,1.7946161515453638,0.46524884262162186,4.814814814814815,3.4788429629629887,6.83232277777779,7.165010925925891,0.5185185185185185,0.4011962962963059,0.5,-0.048902777777727724,0.48148148148148145,0.3515774074074098,0.46296296296296297,-1.9679237037037098,0.48148148148148145
0.35,6,1.0,SEG2_SEG3,HIGH_FIRST,QUIET,54,1.7946161515453638,0.46524884262162186,4.814814814814815,3.4788429629629887,6.83232277777779,7.165010925925891,0.5185185185185185,0.4011962962963059,0.5,-0.048902777777727724,0.48148148148148145,0.3515774074074098,0.46296296296296297,-1.9679237037037098,0.48148148148148145
0.1,8,2.0,SEG2_SEG3,ANY,HIGH,349,11.598537720172814,0.4657490507135413,5.0573065902578795,6.72176759312322,9.988604383954158,9.934870544412627,0.4584527220630373,0.3324515472779271,0.4785100286532951,0.5630036103151813,0.47564469914040114,-0.0400097421203415,0.49570200573065903,-0.7323181088825192,0.48137535816618915
0.1,10,2.0,SEG2_SEG3,ANY,HIGH,362,12.030574941841143,0.46348607428180566,5.201657458563536,6.6844991436464145,9.938015303867402,9.846313508287318,0.4613259668508287,0.3139246132596613,0.47790055248618785,0.5209021270718206,0.47513812154696133,-0.012001381215461241,0.4972375690607735,-0.6989882044198847,0.48135359116022103
0.1,12,2.0,SEG2_SEG3,ANY,HIGH,362,12.030574941841143,0.46348607428180566,5.201657458563536,6.6844991436464145,9.938015303867402,9.846313508287318,0.4613259668508287,0.3139246132596613,0.47790055248618785,0.5209021270718206,0.47513812154696133,-0.012001381215461241,0.4972375690607735,-0.6989882044198847,0.48135359116022103
0.1,8,0.0,SEG3,HIGH_FIRST,NORMAL,308,10.23595879029578,0.3525850586228249,5.253246753246753,4.102586201298674,7.898269090909106,9.181926915584395,0.4383116883116883,0.4644455519480448,0.487012987012987,0.5095731493506453,0.4805194805194805,0.8998781493506575,0.4772727272727273,0.13569237012987365,0.48133116883116883
0.35,8,1.0,SEG3,ANY,HIGH,304,10.103024260551678,0.5716231689006536,4.996710526315789,5.560628618421038,9.79117875000001,10.137635394736844,0.4440789473684211,0.5164789802631432,0.48355263157894735,0.5961865460526198,0.48355263157894735,0.175516776315799,0.47368421052631576,0.2624428289473548,0.48108552631578944
0.35,8,1.0,SEG3,HIGH_FIRST,HIGH,304,10.103024260551678,0.5716231689006536,4.996710526315789,5.560628618421038,9.79117875000001,10.137635394736844,0.4440789473684211,0.5164789802631432,0.48355263157894735,0.5961865460526198,0.48355263157894735,0.175516776315799,0.47368421052631576,0.2624428289473548,0.48108552631578944
0.1,12,1.0,SEG3,HIGH_FIRST,HIGH,488,16.218012628780325,0.45400562463170224,5.340163934426229,5.951221967213116,9.625025655737705,9.711274364754113,0.45286885245901637,0.3336979713114775,0.48565573770491804,0.49062022540983496,0.47950819672131145,0.14931149590165008,0.47950819672131145,-0.17293930327868798,0.48104508196721313
0.35,6,3.0,SEG2_SEG3,ANY,HIGH,158,5.25091392489199,0.5949773053882915,4.405063291139241,7.486424367088617,10.46581367088607,10.884822531645595,0.45569620253164556,0.6290009493670736,0.4810126582278481,0.5766182911392684,0.47468354430379744,0.23010386075951875,0.4936708860759494,1.0175074050632789,0.4810126582278481
0.35,6,3.0,SEG2_SEG3,HIGH_FIRST,HIGH,158,5.25091392489199,0.5949773053882915,4.405063291139241,7.486424367088617,10.46581367088607,10.884822531645595,0.45569620253164556,0.6290009493670736,0.4810126582278481,0.5766182911392684,0.47468354430379744,0.23010386075951875,0.4936708860759494,1.0175074050632789,0.4810126582278481
0.4,6,2.0,SEG3,ANY,ALL,288,9.571286141575275,0.5867732251016751,4.496527777777778,5.825429131944443,9.25425774305557,9.424647222222235,0.4722222222222222,0.18897684027775735,0.4895833333333333,0.42451631944445484,0.4756944444444444,0.3418637499999875,0.4826388888888889,0.15179253472222362,0.48090277777777773
0.4,6,2.0,SEG3,HIGH_FIRST,ALL,288,9.571286141575275,0.5867732251016751,4.496527777777778,5.825429131944443,9.25425774305557,9.424647222222235,0.4722222222222222,0.18897684027775735,0.4895833333333333,0.42451631944445484,0.4756944444444444,0.3418637499999875,0.4826388888888889,0.15179253472222362,0.48090277777777773
0.1,10,2.0,SEG3,ANY,NORMAL,248,8.241940844134264,0.3294903227179412,5.342741935483871,5.0940764516129,8.394058064516141,9.893069798387094,0.42338709677419356,0.6195703629032304,0.4879032258064516,0.2701879032258199,0.4798387096774194,1.029551411290336,0.47580645161290325,0.4337576612903424,0.48084677419354843
0.3,10,3.0,SEG3,ANY,ALL,390,12.961116650049851,0.4983817256656884,5.066666666666666,6.489721230769233,9.389030717948712,9.86567089743591,0.45897435897435895,0.307403923076923,0.4846153846153846,0.4752125897436133,0.4794871794871795,0.3969813846154023,0.4794871794871795,0.5151648205128204,0.4807692307692308
0.3,10,3.0,SEG3,HIGH_FIRST,ALL,390,12.961116650049851,0.4983817256656884,5.066666666666666,6.489721230769233,9.389030717948712,9.86567089743591,0.45897435897435895,0.307403923076923,0.4846153846153846,0.4752125897436133,0.4794871794871795,0.3969813846154023,0.4794871794871795,0.5151648205128204,0.4807692307692308
0.1,10,0.0,SEG3,ANY,NORMAL,338,11.232967763376537,0.3428278111614571,5.464497041420119,4.008983313609455,8.089644763313615,9.35876899408283,0.4408284023668639,0.47519014792899417,0.4822485207100592,0.30560278106508765,0.4822485207100592,0.8012692899408355,0.47633136094674555,0.03069233727811727,0.4807692307692307
0.3,10,3.0,SEG2_SEG3,ANY,ALL,335,11.133266866068462,0.5139778653609399,5.065671641791044,6.521493582089547,9.596639462686568,9.741326149253737,0.4626865671641791,0.266306447761189,0.48656716417910445,0.3334528955224061,0.4746268656716418,0.19733205970150905,0.48656716417910445,0.14997823880596198,0.48059701492537316
0.3,10,3.0,SEG2_SEG3,HIGH_FIRST,ALL,335,11.133266866068462,0.5139778653609399,5.065671641791044,6.521493582089547,9.596639462686568,9.741326149253737,0.4626865671641791,0.266306447761189,0.48656716417910445,0.3334528955224061,0.4746268656716418,0.19733205970150905,0.48656716417910445,0.14997823880596198,0.48059701492537316
0.3,12,3.0,SEG2_SEG3,ANY,ALL,335,11.133266866068462,0.5139778653609399,5.065671641791044,6.521493582089547,9.596639462686568,9.741326149253737,0.4626865671641791,0.266306447761189,0.48656716417910445,0.3334528955224061,0.4746268656716418,0.19733205970150905,0.48656716417910445,0.14997823880596198,0.48059701492537316
0.3,12,3.0,SEG2_SEG3,HIGH_FIRST,ALL,335,11.133266866068462,0.5139778653609399,5.065671641791044,6.521493582089547,9.596639462686568,9.741326149253737,0.4626865671641791,0.266306447761189,0.48656716417910445,0.3334528955224061,0.4746268656716418,0.19733205970150905,0.48656716417910445,0.14997823880596198,0.48059701492537316
0.4,8,1.0,SEG3,ANY,ALL,422,14.024592888002658,0.570842857711507,5.0,4.8204817298578035,8.64181924170617,8.985380450236978,0.45734597156398105,0.25057841232226336,0.4786729857819905,0.4841210189573471,0.4834123222748815,0.39055393364928587,0.476303317535545,0.11583066350711357,0.48045023696682465
0.4,8,1.0,SEG3,HIGH_FIRST,ALL,422,14.024592888002658,0.570842857711507,5.0,4.8204817298578035,8.64181924170617,8.985380450236978,0.45734597156398105,0.25057841232226336,0.4786729857819905,0.4841210189573471,0.4834123222748815,0.39055393364928587,0.476303317535545,0.11583066350711357,0.48045023696682465
0.2,6,4.0,SEG2_SEG3,ANY,HIGH,166,5.5167829843801925,0.5125627242603698,4.355421686746988,8.662050120481943,10.974360421686747,10.663843855421721,0.45180722891566266,0.7392892168674696,0.46987951807228917,0.5660914457831709,0.4578313253012048,-0.22903765060238793,0.536144578313253,-0.8935872289156666,0.48042168674698793
0.2,6,4.0,SEG2_SEG3,HIGH_FIRST,HIGH,166,5.5167829843801925,0.5125627242603698,4.355421686746988,8.662050120481943,10.974360421686747,10.663843855421721,0.45180722891566266,0.7392892168674696,0.46987951807228917,0.5660914457831709,0.4578313253012048,-0.22903765060238793,0.536144578313253,-0.8935872289156666,0.48042168674698793
0.2,4,3.0,SEG3,ANY,HIGH,102,3.389830508474576,0.5507320679674165,3.2941176470588234,7.838229705882423,10.753153627450983,10.721561764705916,0.5196078431372549,-0.28416009803918224,0.45098039215686275,-0.014552058823465261,0.47058823529411764,-0.32488882352933224,0.5294117647058824,-0.19867607843138121,0.48039215686274506
0.2,4,3.0,SEG3,HIGH_FIRST,HIGH,102,3.389830508474576,0.5507320679674165,3.2941176470588234,7.838229705882423,10.753153627450983,10.721561764705916,0.5196078431372549,-0.28416009803918224,0.45098039215686275,-0.014552058823465261,0.47058823529411764,-0.32488882352933224,0.5294117647058824,-0.19867607843138121,0.48039215686274506
0.1,12,1.0,SEG3,ANY,HIGH,497,16.51711532070455,0.4482586390818818,5.346076458752515,5.940176056338033,9.610703903420523,9.706469476861182,0.4507042253521127,0.34474036217303894,0.482897384305835,0.5185381086519096,0.4788732394366197,0.1590556539235529,0.48088531187122735,-0.27992187122736306,0.4803822937625754
0.4,10,1.0,SEG3,ANY,ALL,432,14.35692921236291,0.5699813131331332,5.101851851851852,4.808062083333318,8.542882777777782,8.91429217592594,0.45601851851851855,0.2762735879629506,0.47453703703703703,0.5264756712963011,0.4837962962962963,0.37712150462963295,0.4791666666666667,0.17038562500000812,0.48032407407407407
0.4,10,1.0,SEG3,HIGH_FIRST,ALL,432,14.35692921236291,0.5699813131331332,5.101851851851852,4.808062083333318,8.542882777777782,8.91429217592594,0.45601851851851855,0.2762735879629506,0.47453703703703703,0.5264756712963011,0.4837962962962963,0.37712150462963295,0.4791666666666667,0.17038562500000812,0.48032407407407407
0.4,6,1.0,SEG2_SEG3,ANY,HIGH,203,6.746427384513127,0.6276470884432316,4.5073891625615765,5.82177334975369,9.744109802955672,10.114330640394103,0.46798029556650245,0.6154610344827305,0.4876847290640394,0.7692057142857077,0.46798029556650245,0.3408705418719252,0.4975369458128079,0.7798007881773418,0.480295566502463
0.4,6,1.0,SEG2_SEG3,HIGH_FIRST,HIGH,203,6.746427384513127,0.6276470884432316,4.5073891625615765,5.82177334975369,9.744109802955672,10.114330640394103,0.46798029556650245,0.6154610344827305,0.4876847290640394,0.7692057142857077,0.46798029556650245,0.3408705418719252,0.4975369458128079,0.7798007881773418,0.480295566502463
0.4,6,1.0,SEG2_SEG3,ANY,ALL,315,10.468594217347956,0.5923518060005816,4.546031746031746,5.205056476190476,9.028425460317472,9.237324190476198,0.46984126984126984,0.17417653968252617,0.49206349206349204,0.2706799365079427,0.46984126984126984,0.20188584126984255,0.4888888888888889,-0.23229815873015786,0.4801587301587302
0.4,6,1.0,SEG2_SEG3,HIGH_FIRST,ALL,315,10.468594217347956,0.5923518060005816,4.546031746031746,5.205056476190476,9.028425460317472,9.237324190476198,0.46984126984126984,0.17417653968252617,0.49206349206349204,0.2706799365079427,0.46984126984126984,0.20188584126984255,0.4888888888888889,-0.23229815873015786,0.4801587301587302
0.3,8,3.0,SEG3,ANY,NORMAL,88,2.924559654370223,0.4518430835515593,4.659090909090909,5.521433181818157,8.109333068181876,9.678979090909065,0.4090909090909091,0.21584556818182096,0.5113636363636364,0.23397034090911265,0.4659090909090909,1.2515697727273143,0.4772727272727273,1.1086443181818337,0.48011363636363635
0.3,8,3.0,SEG3,HIGH_FIRST,NORMAL,88,2.924559654370223,0.4518430835515593,4.659090909090909,5.521433181818157,8.109333068181876,9.678979090909065,0.4090909090909091,0.21584556818182096,0.5113636363636364,0.23397034090911265,0.4659090909090909,1.2515697727273143,0.4772727272727273,1.1086443181818337,0.48011363636363635
0.4,6,4.0,SEG2_SEG3,ANY,ALL,163,5.417082087072117,0.5827880246896071,4.306748466257669,7.768946993865037,10.251876319018411,10.159560858895718,0.4662576687116564,0.2983291411042911,0.48466257668711654,0.5018032515337887,0.4539877300613497,0.15172840490798922,0.5276073619631901,-0.2722790184048913,0.48006134969325154
0.4,6,4.0,SEG2_SEG3,HIGH_FIRST,ALL,163,5.417082087072117,0.5827880246896071,4.306748466257669,7.768946993865037,10.251876319018411,10.159560858895718,0.4662576687116564,0.2983291411042911,0.48466257668711654,0.5018032515337887,0.4539877300613497,0.15172840490798922,0.5276073619631901,-0.2722790184048913,0.48006134969325154
0.1,6,3.0,SEG3,HIGH_FIRST,ALL,539,17.912927883017613,0.38601193229557,4.6270871985157696,6.602382152133601,9.11685463821891,9.685933562152144,0.45269016697588127,0.5296469202226499,0.48237476808905383,0.4746427829313832,0.47680890538033394,0.22485820037108117,0.4842300556586271,0.16269847866419654,0.4800556586270872
0.35,10,1.0,SEG3,ANY,HIGH,313,10.402126952475905,0.57017549185624,5.118210862619808,5.5313642811501476,9.657401277955277,10.043880351437707,0.4440894568690096,0.5317523322683554,0.48242811501597443,0.6175665814696422,0.48242811501597443,0.22347466453675952,0.4728434504792332,0.38615623003193866,0.48003194888178913
0.35,10,1.0,SEG3,HIGH_FIRST,HIGH,313,10.402126952475905,0.57017549185624,5.118210862619808,5.5313642811501476,9.657401277955277,10.043880351437707,0.4440894568690096,0.5317523322683554,0.48242811501597443,0.6175665814696422,0.48242811501597443,0.22347466453675952,0.4728434504792332,0.38615623003193866,0.48003194888178913
0.1,6,1.0,SEG3,ANY,HIGH,375,12.46261216350947,0.47261666859418544,4.613333333333333,6.110692320000018,9.682561093333325,9.88628517333336,0.4613333333333333,0.4745378933333389,0.488,0.5855080000000077,0.4746666666666667,0.09434949333334831,0.4826666666666667,-0.3127512799999956,0.48
0.3,4,3.0,SEG3,ANY,HIGH,87,2.8913260219341974,0.5991368645460563,3.2873563218390807,7.811261379310409,11.345782873563229,11.021134942528754,0.5172413793103449,-0.24675172413791532,0.4367816091954023,0.026827931034545303,0.4827586206896552,-0.37265804597693686,0.5172413793103449,-0.0018696551724342394,0.4798850574712644
0.3,4,3.0,SEG3,HIGH_FIRST,HIGH,87,2.8913260219341974,0.5991368645460563,3.2873563218390807,7.811261379310409,11.345782873563229,11.021134942528754,0.5172413793103449,-0.24675172413791532,0.4367816091954023,0.026827931034545303,0.4827586206896552,-0.37265804597693686,0.5172413793103449,-0.0018696551724342394,0.4798850574712644
0.3,8,2.0,SEG2_SEG3,ANY,QUIET,62,2.060485211033566,0.44261100665891,5.290322580645161,4.158433870967766,7.8995472580644845,7.850239193548356,0.532258064516129,0.28010903225812134,0.5,-0.04566225806447179,0.4838709677419355,0.47168483870970496,0.45161290322580644,0.2127833870967841,0.4798387096774194
0.3,8,2.0,SEG2_SEG3,HIGH_FIRST,QUIET,62,2.060485211033566,0.44261100665891,5.290322580645161,4.158433870967766,7.8995472580644845,7.850239193548356,0.532258064516129,0.28010903225812134,0.5,-0.04566225806447179,0.4838709677419355,0.47168483870970496,0.45161290322580644,0.2127833870967841,0.4798387096774194
0.3,10,2.0,SEG2_SEG3,ANY,QUIET,62,2.060485211033566,0.44261100665891,5.290322580645161,4.158433870967766,7.8995472580644845,7.850239193548356,0.532258064516129,0.28010903225812134,0.5,-0.04566225806447179,0.4838709677419355,0.47168483870970496,0.45161290322580644,0.2127833870967841,0.4798387096774194
0.3,10,2.0,SEG2_SEG3,HIGH_FIRST,QUIET,62,2.060485211033566,0.44261100665891,5.290322580645161,4.158433870967766,7.8995472580644845,7.850239193548356,0.532258064516129,0.28010903225812134,0.5,-0.04566225806447179,0.4838709677419355,0.47168483870970496,0.45161290322580644,0.2127833870967841,0.4798387096774194
0.3,12,2.0,SEG2_SEG3,ANY,QUIET,62,2.060485211033566,0.44261100665891,5.290322580645161,4.158433870967766,7.8995472580644845,7.850239193548356,0.532258064516129,0.28010903225812134,0.5,-0.04566225806447179,0.4838709677419355,0.47168483870970496,0.45161290322580644,0.2127833870967841,0.4798387096774194
0.3,12,2.0,SEG2_SEG3,HIGH_FIRST,QUIET,62,2.060485211033566,0.44261100665891,5.290322580645161,4.158433870967766,7.8995472580644845,7.850239193548356,0.532258064516129,0.28010903225812134,0.5,-0.04566225806447179,0.4838709677419355,0.47168483870970496,0.45161290322580644,0.2127833870967841,0.4798387096774194
0.1,12,0.0,SEG2_SEG3,HIGH_FIRST,NORMAL,247,8.208707211698238,0.3671141903773508,5.59919028340081,3.9570151417003845,7.649403562753039,8.999154655870434,0.44534412955465585,0.33313672064777783,0.47368421052631576,0.526264089068834,0.4777327935222672,1.0274824696356377,0.4898785425101215,-0.03220797570850255,0.47975708502024295
0.4,10,2.0,SEG3,ANY,HIGH,222,7.377866400797608,0.6068029008752175,4.918918918918919,6.315409684684683,9.85297756756756,10.255180360360379,0.45495495495495497,0.5258056306306059,0.4594594594594595,0.859106171171178,0.4864864864864865,0.38170612612613514,0.4864864864864865,0.8894518018018172,0.4797297297297297
0.4,10,2.0,SEG3,HIGH_FIRST,HIGH,222,7.377866400797608,0.6068029008752175,4.918918918918919,6.315409684684683,9.85297756756756,10.255180360360379,0.45495495495495497,0.5258056306306059,0.4594594594594595,0.859106171171178,0.4864864864864865,0.38170612612613514,0.4864864864864865,0.8894518018018172,0.4797297297297297
0.2,10,3.0,SEG3,ANY,QUIET,98,3.2568959787304754,0.3422403721379635,5.387755102040816,4.983629897959241,7.911979081632613,7.872857857142881,0.5204081632653061,0.02428561224491093,0.5102040816326531,-0.20420969387754556,0.46938775510204084,0.45986275510205943,0.46938775510204084,0.6491009183673483,0.4795918367346939
0.2,10,3.0,SEG3,HIGH_FIRST,QUIET,98,3.2568959787304754,0.3422403721379635,5.387755102040816,4.983629897959241,7.911979081632613,7.872857857142881,0.5204081632653061,0.02428561224491093,0.5102040816326531,-0.20420969387754556,0.46938775510204084,0.45986275510205943,0.46938775510204084,0.6491009183673483,0.4795918367346939
0.2,12,3.0,SEG3,ANY,QUIET,98,3.2568959787304754,0.3422403721379635,5.387755102040816,4.983629897959241,7.911979081632613,7.872857857142881,0.5204081632653061,0.02428561224491093,0.5102040816326531,-0.20420969387754556,0.46938775510204084,0.45986275510205943,0.46938775510204084,0.6491009183673483,0.4795918367346939
0.2,12,3.0,SEG3,HIGH_FIRST,QUIET,98,3.2568959787304754,0.3422403721379635,5.387755102040816,4.983629897959241,7.911979081632613,7.872857857142881,0.5204081632653061,0.02428561224491093,0.5102040816326531,-0.20420969387754556,0.46938775510204084,0.45986275510205943,0.46938775510204084,0.6491009183673483,0.4795918367346939
0.3,12,3.0,SEG3,ANY,ALL,391,12.994350282485875,0.4993275850881115,5.081841432225064,6.487410000000004,9.350828414322246,9.855268951406662,0.4578005115089514,0.3211346547314579,0.4833759590792839,0.4882986445013034,0.4782608695652174,0.4105100255754647,0.4782608695652174,0.52835780051151,0.479539641943734
0.3,12,3.0,SEG3,HIGH_FIRST,ALL,391,12.994350282485875,0.4993275850881115,5.081841432225064,6.487410000000004,9.350828414322246,9.855268951406662,0.4578005115089514,0.3211346547314579,0.4833759590792839,0.4882986445013034,0.4782608695652174,0.4105100255754647,0.4782608695652174,0.52835780051151,0.479539641943734
0.3,6,4.0,SEG3,ANY,NORMAL,61,2.0272515785975407,0.45258017884875357,4.262295081967213,6.231211967213126,8.543560163934485,9.638941311475362,0.45901639344262296,-0.24552688524587868,0.5081967213114754,0.18618606557381143,0.45901639344262296,0.817736229508235,0.4918032786885246,0.1294437704918295,0.4795081967213115
0.3,6,4.0,SEG3,HIGH_FIRST,NORMAL,61,2.0272515785975407,0.45258017884875357,4.262295081967213,6.231211967213126,8.543560163934485,9.638941311475362,0.45901639344262296,-0.24552688524587868,0.5081967213114754,0.18618606557381143,0.45901639344262296,0.817736229508235,0.4918032786885246,0.1294437704918295,0.4795081967213115
0.3,8,0.0,SEG2_SEG3,HIGH_FIRST,QUIET,109,3.622465935526753,0.4346929029007748,5.651376146788991,2.8484340366972325,6.855268165137597,6.96054944954127,0.48623853211009177,0.1468402752294098,0.5045871559633027,-0.19988678899077525,0.47706422018348627,0.273559724770646,0.45871559633027525,0.03911743119267049,0.47935779816513757
0.1,12,0.0,SEG3,ANY,NORMAL,339,11.266201395812562,0.3424023104853423,5.480825958702065,4.007685663716802,8.091225457227145,9.442760412979341,0.43952802359882004,0.47891772861356935,0.4808259587020649,0.315867079646016,0.4808259587020649,0.8885163421828982,0.4749262536873156,0.1056077286135797,0.47935103244837757
0.4,10,1.0,SEG2_SEG3,ANY,HIGH,242,8.042539049518112,0.6153863457274394,4.991735537190083,5.562934214876023,9.495383719008263,10.002220743801663,0.45454545454545453,0.6384569008264238,0.47107438016528924,0.8879143801652826,0.4793388429752066,0.4995540082644773,0.48760330578512395,0.9013033057851358,0.47933884297520657
0.4,10,1.0,SEG2_SEG3,HIGH_FIRST,HIGH,242,8.042539049518112,0.6153863457274394,4.991735537190083,5.562934214876023,9.495383719008263,10.002220743801663,0.45454545454545453,0.6384569008264238,0.47107438016528924,0.8879143801652826,0.4793388429752066,0.4995540082644773,0.48760330578512395,0.9013033057851358,0.47933884297520657
0.4,12,1.0,SEG2_SEG3,ANY,HIGH,242,8.042539049518112,0.6153863457274394,4.991735537190083,5.562934214876023,9.495383719008263,10.002220743801663,0.45454545454545453,0.6384569008264238,0.47107438016528924,0.8879143801652826,0.4793388429752066,0.4995540082644773,0.48760330578512395,0.9013033057851358,0.47933884297520657
0.4,12,1.0,SEG2_SEG3,HIGH_FIRST,HIGH,242,8.042539049518112,0.6153863457274394,4.991735537190083,5.562934214876023,9.495383719008263,10.002220743801663,0.45454545454545453,0.6384569008264238,0.47107438016528924,0.8879143801652826,0.4793388429752066,0.4995540082644773,0.48760330578512395,0.9013033057851358,0.47933884297520657
0.3,10,3.0,SEG2_SEG3,ANY,HIGH,217,7.211698238617481,0.5476810790995056,5.073732718894009,7.207010552995393,10.23481322580645,10.314743317972372,0.4608294930875576,0.4730718894009019,0.46543778801843316,0.6277632718894122,0.4792626728110599,0.10320216589862627,0.4930875576036866,0.19374539170505686,0.4792626728110599
0.3,10,3.0,SEG2_SEG3,HIGH_FIRST,HIGH,217,7.211698238617481,0.5476810790995056,5.073732718894009,7.207010552995393,10.23481322580645,10.314743317972372,0.4608294930875576,0.4730718894009019,0.46543778801843316,0.6277632718894122,0.4792626728110599,0.10320216589862627,0.4930875576036866,0.19374539170505686,0.4792626728110599
0.3,12,3.0,SEG2_SEG3,ANY,HIGH,217,7.211698238617481,0.5476810790995056,5.073732718894009,7.207010552995393,10.23481322580645,10.314743317972372,0.4608294930875576,0.4730718894009019,0.46543778801843316,0.6277632718894122,0.4792626728110599,0.10320216589862627,0.4930875576036866,0.19374539170505686,0.4792626728110599
0.3,12,3.0,SEG2_SEG3,HIGH_FIRST,HIGH,217,7.211698238617481,0.5476810790995056,5.073732718894009,7.207010552995393,10.23481322580645,10.314743317972372,0.4608294930875576,0.4730718894009019,0.46543778801843316,0.6277632718894122,0.4792626728110599,0.10320216589862627,0.4930875576036866,0.19374539170505686,0.4792626728110599
0.4,12,1.0,SEG3,ANY,ALL,433,14.390162844798937,0.5706700693610778,5.115473441108545,4.8098587759815095,8.510340161662823,8.907096374133964,0.45496535796766746,0.28874436489606176,0.47344110854503463,0.5381740184757564,0.48267898383371827,0.389383764434183,0.4780600461893764,0.18309517321017088,0.4792147806004619
0.4,12,1.0,SEG3,HIGH_FIRST,ALL,433,14.390162844798937,0.5706700693610778,5.115473441108545,4.8098587759815095,8.510340161662823,8.907096374133964,0.45496535796766746,0.28874436489606176,0.47344110854503463,0.5381740184757564,0.48267898383371827,0.389383764434183,0.4780600461893764,0.18309517321017088,0.4792147806004619
0.3,6,1.0,SEG3,ANY,HIGH,276,9.172482552342972,0.5659338189584665,4.550724637681159,5.760700543478261,9.840499818840579,10.098530326086973,0.4673913043478261,0.4299646014492661,0.4927536231884058,0.5180534420289876,0.4746376811594203,0.11761496376812744,0.4746376811594203,0.058317717391296486,0.47916666666666663
0.3,6,1.0,SEG3,HIGH_FIRST,HIGH,276,9.172482552342972,0.5659338189584665,4.550724637681159,5.760700543478261,9.840499818840579,10.098530326086973,0.4673913043478261,0.4299646014492661,0.4927536231884058,0.5180534420289876,0.4746376811594203,0.11761496376812744,0.4746376811594203,0.058317717391296486,0.47916666666666663
0.1,6,3.0,SEG3,ANY,NORMAL,155,5.151213027583915,0.33411204302523645,4.651612903225806,5.943819870967734,8.731460129032284,9.791949354838676,0.4129032258064516,0.5685579354838997,0.49032258064516127,0.25736690322583533,0.4774193548387097,0.3593794838709982,0.47096774193548385,0.12046800000002071,0.4790322580645161
0.1,6,3.0,SEG3,ANY,ALL,558,18.544366899302094,0.377815926264478,4.637992831541219,6.5399808422939305,9.029602168458771,9.678778745519727,0.44802867383512546,0.5644682974910554,0.48028673835125446,0.5239506272401703,0.4767025089605735,0.28760487455199535,0.482078853046595,0.08206060931900043,0.4789426523297491
0.1,12,2.0,SEG3,ANY,NORMAL,249,8.275174476570289,0.3289645908273412,5.365461847389558,5.087951967871484,8.394987550200817,10.005273775100399,0.42168674698795183,0.6240654216867516,0.4859437751004016,0.28430441767069536,0.4779116465863454,1.1474167469879655,0.4738955823293173,0.534132168674718,0.47891566265060237
0.1,4,1.0,SEG3,ANY,NORMAL,82,2.7251578597540713,0.40025079870471647,3.2439024390243905,4.679900000000017,8.249609268292744,10.798479146341394,0.43902439024390244,0.7123462195121614,0.4268292682926829,1.3052181707316943,0.5121951219512195,2.223375487804804,0.4634146341463415,0.6377679268292723,0.47865853658536583
0.35,12,1.0,SEG3,ANY,HIGH,314,10.435360584911932,0.5711246551300517,5.1369426751592355,5.531538375796168,9.60897621019109,10.030360063694275,0.4426751592356688,0.548135668789794,0.48089171974522293,0.6334082802547721,0.48089171974522293,0.24087340764332968,0.4713375796178344,0.4029952866241952,0.47850318471337583
0.35,12,1.0,SEG3,HIGH_FIRST,HIGH,314,10.435360584911932,0.5711246551300517,5.1369426751592355,5.531538375796168,9.60897621019109,10.030360063694275,0.4426751592356688,0.548135668789794,0.48089171974522293,0.6334082802547721,0.48089171974522293,0.24087340764332968,0.4713375796178344,0.4029952866241952,0.47850318471337583
0.1,6,2.0,SEG3,ANY,HIGH,322,10.701229644400133,0.4672923293176021,4.549689440993789,6.858160217391335,9.942629720496877,10.150125093167738,0.45962732919254656,0.4632619875776513,0.4813664596273292,0.5505769875776635,0.4751552795031056,0.027353260869584808,0.4813664596273292,0.045391459627336525,0.4782608695652174
0.35,10,4.0,SEG3,ANY,ALL,240,7.976071784646062,0.5386827186641999,4.870833333333334,7.603496000000009,10.197192749999994,10.183523833333348,0.4625,0.3233606666666712,0.4666666666666667,0.4537184166667146,0.4666666666666667,-0.00807954166662057,0.5125,-0.6249868333333192,0.47812499999999997
0.35,10,4.0,SEG3,HIGH_FIRST,ALL,240,7.976071784646062,0.5386827186641999,4.870833333333334,7.603496000000009,10.197192749999994,10.183523833333348,0.4625,0.3233606666666712,0.4666666666666667,0.4537184166667146,0.4666666666666667,-0.00807954166662057,0.5125,-0.6249868333333192,0.47812499999999997
0.4,8,2.0,SEG3,ANY,HIGH,217,7.211698238617481,0.6067381684379011,4.820276497695852,6.31899917050691,9.911613410138251,10.34073548387098,0.45161290322580644,0.5079746543778556,0.4608294930875576,0.821401658986176,0.4838709677419355,0.43773732718893815,0.4838709677419355,0.9385363594470129,0.478110599078341
0.4,8,2.0,SEG3,HIGH_FIRST,HIGH,217,7.211698238617481,0.6067381684379011,4.820276497695852,6.31899917050691,9.911613410138251,10.34073548387098,0.45161290322580644,0.5079746543778556,0.4608294930875576,0.821401658986176,0.4838709677419355,0.43773732718893815,0.4838709677419355,0.9385363594470129,0.478110599078341
0.1,6,4.0,SEG2_SEG3,ANY,HIGH,194,6.4473246925889,0.4608551895906072,4.38659793814433,8.617034896907239,10.500424226804117,10.567093659793844,0.4381443298969072,0.8769684020618566,0.4639175257731959,0.8751279896907419,0.4587628865979381,-0.130833659793796,0.5309278350515464,-1.2050757731958701,0.4780927835051546
0.3,10,1.0,SEG2_SEG3,HIGH_FIRST,QUIET,91,3.0242605516782985,0.43752219146246785,5.582417582417582,3.3097198901099154,7.002451318681309,7.263754065934036,0.4835164835164835,0.42932263736268467,0.4945054945054945,-0.013280109890064732,0.4945054945054945,0.2675378021978239,0.42857142857142855,-0.0030802197802086585,0.47802197802197804
0.3,12,1.0,SEG2_SEG3,HIGH_FIRST,QUIET,91,3.0242605516782985,0.43752219146246785,5.582417582417582,3.3097198901099154,7.002451318681309,7.263754065934036,0.4835164835164835,0.42932263736268467,0.4945054945054945,-0.013280109890064732,0.4945054945054945,0.2675378021978239,0.42857142857142855,-0.0030802197802086585,0.47802197802197804
0.35,10,4.0,SEG2_SEG3,ANY,ALL,215,7.145230973745431,0.5485660928464517,4.851162790697674,7.597795813953491,10.24266130232557,10.064025534883742,0.46511627906976744,0.29876446511628507,0.4790697674418605,0.24984823255818747,0.4604651162790698,0.04299493023259898,0.5116279069767442,-0.5967111162790557,0.47790697674418603
0.35,10,4.0,SEG2_SEG3,HIGH_FIRST,ALL,215,7.145230973745431,0.5485660928464517,4.851162790697674,7.597795813953491,10.24266130232557,10.064025534883742,0.46511627906976744,0.29876446511628507,0.4790697674418605,0.24984823255818747,0.4604651162790698,0.04299493023259898,0.5116279069767442,-0.5967111162790557,0.47790697674418603
0.35,12,4.0,SEG2_SEG3,ANY,ALL,215,7.145230973745431,0.5485660928464517,4.851162790697674,7.597795813953491,10.24266130232557,10.064025534883742,0.46511627906976744,0.29876446511628507,0.4790697674418605,0.24984823255818747,0.4604651162790698,0.04299493023259898,0.5116279069767442,-0.5967111162790557,0.47790697674418603
0.35,12,4.0,SEG2_SEG3,HIGH_FIRST,ALL,215,7.145230973745431,0.5485660928464517,4.851162790697674,7.597795813953491,10.24266130232557,10.064025534883742,0.46511627906976744,0.29876446511628507,0.4790697674418605,0.24984823255818747,0.4604651162790698,0.04299493023259898,0.5116279069767442,-0.5967111162790557,0.47790697674418603
0.1,10,2.0,SEG2_SEG3,ANY,NORMAL,181,6.015287470920572,0.3515544986377953,5.403314917127072,5.012167513812126,8.011422596685108,9.590621215469605,0.43646408839779005,0.3485903867403323,0.48066298342541436,0.5653281215469727,0.4696132596685083,1.3341915469613244,0.49171270718232046,0.24008883977901016,0.47790055248618785
0.1,10,2.0,SEG3,HIGH_FIRST,HIGH,418,13.891658358258558,0.4470249670660957,5.26555023923445,6.678597248803836,9.957879473684201,9.98635260765553,0.45454545454545453,0.2979297129186699,0.47607655502392343,0.49064062200958203,0.4784688995215311,0.07284507177035214,0.4784688995215311,-0.10298717703348732,0.47787081339712917
0.1,4,1.0,SEG3,HIGH_FIRST,NORMAL,79,2.625456962445995,0.40779686682937105,3.2531645569620253,4.770749113924063,7.899091772151954,10.816422531645504,0.43037974683544306,0.9300308860759264,0.43037974683544306,1.5417635443037985,0.5063291139240507,2.494602151898665,0.46835443037974683,0.9418235443038012,0.47784810126582283
0.4,8,1.0,SEG2_SEG3,ANY,HIGH,237,7.876370887337986,0.6155081612774963,4.90295358649789,5.550345780590707,9.54152721518988,10.075219324894517,0.45147679324894513,0.624507257383944,0.47257383966244726,0.8539994514767808,0.4767932489451477,0.553343080168781,0.48523206751054854,0.9464957383966296,0.4778481012658228
0.4,8,1.0,SEG2_SEG3,HIGH_FIRST,HIGH,237,7.876370887337986,0.6155081612774963,4.90295358649789,5.550345780590707,9.54152721518988,10.075219324894517,0.45147679324894513,0.624507257383944,0.47257383966244726,0.8539994514767808,0.4767932489451477,0.553343080168781,0.48523206751054854,0.9464957383966296,0.4778481012658228
0.2,4,0.0,SEG3,HIGH_FIRST,NORMAL,79,2.625456962445995,0.4497683799544182,3.329113924050633,4.019313670886098,7.792665063291201,10.725380759493603,0.4050632911392405,0.8288213924050449,0.46835443037974683,1.369080632911351,0.4810126582278481,2.718217341772092,0.4810126582278481,0.35486784810126654,0.4778481012658228
0.1,8,2.0,SEG2_SEG3,ANY,NORMAL,168,5.583250249252243,0.3585258617314651,5.107142857142857,5.094765178571384,8.259414404761937,9.462291964285695,0.44047619047619047,0.18207071428570912,0.48214285714285715,0.48715589285714733,0.47023809523809523,1.045864761904768,0.4880952380952381,0.07229482142857283,0.47767857142857145
0.1,4,1.0,SEG2_SEG3,ANY,NORMAL,56,1.8610834164174144,0.44695543768295576,3.2142857142857144,4.716016964285749,7.5576017857143825,10.68821249999989,0.39285714285714285,0.9652953571428254,0.42857142857142855,1.3848032142857147,0.5,2.881195714285663,0.48214285714285715,0.9347317857142586,0.47767857142857145
0.1,4,1.0,SEG2_SEG3,HIGH_FIRST,NORMAL,56,1.8610834164174144,0.44695543768295576,3.2142857142857144,4.716016964285749,7.5576017857143825,10.68821249999989,0.39285714285714285,0.9652953571428254,0.42857142857142855,1.3848032142857147,0.5,2.881195714285663,0.48214285714285715,0.9347317857142586,0.47767857142857145
0.1,8,2.0,SEG3,HIGH_FIRST,HIGH,403,13.393153871718178,0.44945194082838913,5.124069478908188,6.715138263027307,10.037396972704707,10.043604193548411,0.45409429280397023,0.28536131513648444,0.47642679900744417,0.5084138213399616,0.47890818858560796,0.009329007444181437,0.47642679900744417,-0.08391178660049353,0.47766749379652607
0.4,12,2.0,SEG3,ANY,HIGH,223,7.411100033233632,0.6079751423952082,4.946188340807175,6.312138923766816,9.783914573991025,10.235195291479837,0.452914798206278,0.5489012107623076,0.45739910313901344,0.8803292825112196,0.484304932735426,0.4054952466367794,0.484304932735426,0.9109054708520354,0.4775784753363229
0.4,12,2.0,SEG3,HIGH_FIRST,HIGH,223,7.411100033233632,0.6079751423952082,4.946188340807175,6.312138923766816,9.783914573991025,10.235195291479837,0.452914798206278,0.5489012107623076,0.45739910313901344,0.8803292825112196,0.484304932735426,0.4054952466367794,0.484304932735426,0.9109054708520354,0.4775784753363229
0.3,8,3.0,SEG3,ANY,ALL,378,12.562313060817548,0.49905168104823294,4.936507936507937,6.540530423280425,9.454600952380952,10.022857751322759,0.4576719576719577,0.30465727513227353,0.48412698412698413,0.5150221164021366,0.47619047619047616,0.4502265608465757,0.47354497354497355,0.6660876719576697,0.4775132275132275
0.3,8,3.0,SEG3,HIGH_FIRST,ALL,378,12.562313060817548,0.49905168104823294,4.936507936507937,6.540530423280425,9.454600952380952,10.022857751322759,0.4576719576719577,0.30465727513227353,0.48412698412698413,0.5150221164021366,0.47619047619047616,0.4502265608465757,0.47354497354497355,0.6660876719576697,0.4775132275132275
0.4,10,3.0,SEG2_SEG3,ANY,ALL,242,8.042539049518112,0.5786452766089897,4.871900826446281,6.647899462809914,9.28474607438017,9.898907148760344,0.45867768595041325,0.3540724793388183,0.4793388429752066,0.5992251652892809,0.4669421487603306,0.6453058264462902,0.49586776859504134,0.9286844214876032,0.4772727272727273
0.4,10,3.0,SEG2_SEG3,HIGH_FIRST,ALL,242,8.042539049518112,0.5786452766089897,4.871900826446281,6.647899462809914,9.28474607438017,9.898907148760344,0.45867768595041325,0.3540724793388183,0.4793388429752066,0.5992251652892809,0.4669421487603306,0.6453058264462902,0.49586776859504134,0.9286844214876032,0.4772727272727273
0.4,12,3.0,SEG2_SEG3,ANY,ALL,242,8.042539049518112,0.5786452766089897,4.871900826446281,6.647899462809914,9.28474607438017,9.898907148760344,0.45867768595041325,0.3540724793388183,0.4793388429752066,0.5992251652892809,0.4669421487603306,0.6453058264462902,0.49586776859504134,0.9286844214876032,0.4772727272727273
0.4,12,3.0,SEG2_SEG3,HIGH_FIRST,ALL,242,8.042539049518112,0.5786452766089897,4.871900826446281,6.647899462809914,9.28474607438017,9.898907148760344,0.45867768595041325,0.3540724793388183,0.4793388429752066,0.5992251652892809,0.4669421487603306,0.6453058264462902,0.49586776859504134,0.9286844214876032,0.4772727272727273
0.1,6,3.0,SEG2_SEG3,HIGH_FIRST,HIGH,231,7.676969092721834,0.4820914035609565,4.476190476190476,7.725457489177513,9.970311038961038,10.507517878787912,0.4458874458874459,0.7392624242424204,0.47186147186147187,0.7952168831169024,0.4675324675324675,0.08784593073594066,0.5021645021645021,-0.09182601731601442,0.4772727272727273
0.3,8,0.0,SEG2_SEG3,ANY,QUIET,110,3.6556995679627784,0.4335890518193837,5.663636363636364,2.8398855454545315,6.801634545454528,6.922808818181805,0.4818181818181818,0.1516858181818696,0.5,-0.177822454545404,0.4727272727272727,0.2854320909090926,0.4636363636363636,0.03662000000001006,0.47727272727272724
0.1,10,2.0,SEG3,ANY,HIGH,427,14.190761050182784,0.4404829860352518,5.274004683840749,6.650409437939122,9.934194238875868,9.974962131147569,0.4519906323185012,0.31153622950820453,0.47306791569086654,0.5231347775175759,0.477751756440281,0.0857983372365521,0.48009367681498827,-0.22898227166275742,0.47716627634660425
0.1,10,0.0,SEG3,HIGH_FIRST,NORMAL,327,10.867397806580259,0.3479990055645662,5.480122324159021,4.04231752293576,7.727804678899087,9.230192538226287,0.43730886850152906,0.5492083792048915,0.4801223241590214,0.5904966666666701,0.47706422018348627,1.0478336391437375,0.4740061162079511,0.310577278287469,0.47706422018348627
0.4,4,3.0,SEG2_SEG3,ANY,ALL,98,3.2568959787304754,0.6209255100157076,3.2857142857142856,7.278357244897994,10.045030816326577,10.45494010204079,0.5,-0.060941224489819694,0.45918367346938777,0.23751459183677534,0.46938775510204084,0.534917448979606,0.5102040816326531,0.3452862244897711,0.4770408163265306
0.4,4,3.0,SEG2_SEG3,HIGH_FIRST,ALL,98,3.2568959787304754,0.6209255100157076,3.2857142857142856,7.278357244897994,10.045030816326577,10.45494010204079,0.5,-0.060941224489819694,0.45918367346938777,0.23751459183677534,0.46938775510204084,0.534917448979606,0.5102040816326531,0.3452862244897711,0.4770408163265306
0.2,6,2.0,SEG2_SEG3,ANY,ALL,456,15.154536390827518,0.46536037481953985,4.609649122807017,5.754644166666663,9.407298289473705,9.422809320175443,0.47149122807017546,0.25207754385963943,0.4824561403508772,0.14554100877194787,0.47149122807017546,-0.019160219298243464,0.4824561403508772,-0.33467302631579576,0.4769736842105263
0.1,8,2.0,SEG3,ANY,HIGH,412,13.692256563642406,0.44261876445938203,5.135922330097087,6.685125970873802,10.011112378640767,10.030548373786432,0.45145631067961167,0.29973776699029747,0.4733009708737864,0.5417027669903013,0.47815533980582525,0.02414135922331474,0.47815533980582525,-0.21491077669902575,0.4769417475728156
0.3,6,3.0,SEG2_SEG3,ANY,NORMAL,65,2.160186108341642,0.4710833503868452,4.415384615384616,5.595015384615327,9.075797692307752,9.7390535384615,0.4461538461538462,0.02454230769231939,0.5230769230769231,-0.07540676923075668,0.46153846153846156,0.45636015384619755,0.46153846153846156,0.8420124615384549,0.476923076923077
0.3,6,3.0,SEG2_SEG3,HIGH_FIRST,NORMAL,65,2.160186108341642,0.4710833503868452,4.415384615384616,5.595015384615327,9.075797692307752,9.7390535384615,0.4461538461538462,0.02454230769231939,0.5230769230769231,-0.07540676923075668,0.46153846153846156,0.45636015384619755,0.46153846153846156,0.8420124615384549,0.476923076923077
0.2,6,3.0,SEG2_SEG3,ANY,HIGH,205,6.812894649385178,0.5232965960407736,4.453658536585366,7.676241707317096,10.218504439024393,10.644441463414667,0.4585365853658537,0.6377718536585302,0.47317073170731705,0.6752743902439295,0.4634146341463415,0.2208959512195201,0.5073170731707317,0.21749658536584499,0.4768292682926829
0.2,6,3.0,SEG2_SEG3,HIGH_FIRST,HIGH,205,6.812894649385178,0.5232965960407736,4.453658536585366,7.676241707317096,10.218504439024393,10.644441463414667,0.4585365853658537,0.6377718536585302,0.47317073170731705,0.6752743902439295,0.4634146341463415,0.2208959512195201,0.5073170731707317,0.21749658536584499,0.4768292682926829
0.1,6,2.0,SEG2_SEG3,ANY,NORMAL,140,4.652708541043536,0.3724959807612389,4.707142857142857,5.106410642857103,8.541803357142882,9.171541357142823,0.44285714285714284,0.15869492857143866,0.4857142857142857,0.16896428571430339,0.4714285714285714,0.23973357142857432,0.4785714285714286,-0.5369580714285608,0.4767857142857143
0.3,8,3.0,SEG2_SEG3,ANY,ALL,323,10.734463276836157,0.5153413229799643,4.913312693498452,6.582134891640861,9.681087925696602,9.920658947368421,0.4613003095975232,0.2615652631578878,0.48606811145510836,0.3747745201238529,0.47058823529411764,0.2522264396284961,0.47987616099071206,0.3130327244581933,0.47678018575851394
0.3,8,3.0,SEG2_SEG3,HIGH_FIRST,ALL,323,10.734463276836157,0.5153413229799643,4.913312693498452,6.582134891640861,9.681087925696602,9.920658947368421,0.4613003095975232,0.2615652631578878,0.48606811145510836,0.3747745201238529,0.47058823529411764,0.2522264396284961,0.47987616099071206,0.3130327244581933,0.47678018575851394
0.3,6,3.0,SEG2_SEG3,ANY,HIGH,172,5.716184778996344,0.5733957307325097,4.4186046511627906,7.507921162790718,10.405715872093019,10.733254767441883,0.46511627906976744,0.4767697093023127,0.47674418604651164,0.5891050000000283,0.47093023255813954,0.1501352325581508,0.4883720930232558,0.7957055232557988,0.47674418604651164
0.3,6,3.0,SEG2_SEG3,HIGH_FIRST,HIGH,172,5.716184778996344,0.5733957307325097,4.4186046511627906,7.507921162790718,10.405715872093019,10.733254767441883,0.46511627906976744,0.4767697093023127,0.47674418604651164,0.5891050000000283,0.47093023255813954,0.1501352325581508,0.4883720930232558,0.7957055232557988,0.47674418604651164
0.1,12,2.0,SEG3,HIGH_FIRST,HIGH,419,13.924891990694583,0.44803018852854687,5.279236276849642,6.675989689737479,9.920872434367533,9.97635775656327,0.45346062052505964,0.31076548926015296,0.47494033412887826,0.5028153699284147,0.477326968973747,0.0862432458234057,0.477326968973747,-0.08920052505965924,0.4767303102625298
0.3,4,1.0,SEG3,ANY,HIGH,118,3.9215686274509802,0.6134732364639602,3.347457627118644,6.304052796610222,10.81818906779663,10.348824661016971,0.5,-0.10206194915252327,0.4661016949152542,-0.09939389830504805,0.4661016949152542,-0.29242906779655503,0.5084745762711864,-0.3496098305084939,0.47669491525423724
0.3,4,1.0,SEG3,HIGH_FIRST,HIGH,118,3.9215686274509802,0.6134732364639602,3.347457627118644,6.304052796610222,10.81818906779663,10.348824661016971,0.5,-0.10206194915252327,0.4661016949152542,-0.09939389830504805,0.4661016949152542,-0.29242906779655503,0.5084745762711864,-0.3496098305084939,0.47669491525423724
0.4,8,4.0,SEG2_SEG3,ANY,ALL,182,6.048521103356597,0.575695098728382,4.615384615384615,7.615300439560437,9.952922637362636,10.178390549450562,0.46153846153846156,0.3338678021977987,0.4725274725274725,0.5705849450549887,0.45604395604395603,0.49846148351650377,0.521978021978022,0.12425626373629002,0.4766483516483516
0.4,8,4.0,SEG2_SEG3,HIGH_FIRST,ALL,182,6.048521103356597,0.575695098728382,4.615384615384615,7.615300439560437,9.952922637362636,10.178390549450562,0.46153846153846156,0.3338678021977987,0.4725274725274725,0.5705849450549887,0.45604395604395603,0.49846148351650377,0.521978021978022,0.12425626373629002,0.4766483516483516
0.3,4,4.0,SEG3,ANY,ALL,117,3.8883349950149553,0.5409075010849939,3.2564102564102564,7.617044358974372,9.9143113675214,10.658253076923057,0.4700854700854701,0.47657239316239586,0.4444444444444444,0.7185255555556014,0.47863247863247865,0.5371897435897908,0.5042735042735043,-0.014958717948723997,0.47649572649572647
0.3,4,4.0,SEG3,HIGH_FIRST,ALL,117,3.8883349950149553,0.5409075010849939,3.2564102564102564,7.617044358974372,9.9143113675214,10.658253076923057,0.4700854700854701,0.47657239316239586,0.4444444444444444,0.7185255555556014,0.47863247863247865,0.5371897435897908,0.5042735042735043,-0.014958717948723997,0.47649572649572647
0.4,10,0.0,SEG3,ANY,HIGH,295,9.803921568627452,0.6050344160151948,5.033898305084746,5.03192769491526,9.486015762711853,9.8052245084746,0.4576271186440678,0.3531785762711695,0.47796610169491527,0.6073655593220437,0.4745762711864407,0.5789578644067953,0.47796610169491527,1.1919577288135739,0.47627118644067795
0.4,10,0.0,SEG3,HIGH_FIRST,HIGH,295,9.803921568627452,0.6050344160151948,5.033898305084746,5.03192769491526,9.486015762711853,9.8052245084746,0.4576271186440678,0.3531785762711695,0.47796610169491527,0.6073655593220437,0.4745762711864407,0.5789578644067953,0.47796610169491527,1.1919577288135739,0.47627118644067795
0.1,6,4.0,SEG3,HIGH_FIRST,ALL,421,13.991359255566634,0.38124024297052833,4.524940617577197,7.485355439429961,9.60311123515438,10.045947149643718,0.4489311163895487,0.5957536817102398,0.47268408551068886,0.6392808076009903,0.4655581947743468,0.13882016627082094,0.501187648456057,-0.41332999999998193,0.4762470308788599
0.4,10,3.0,SEG3,ANY,ALL,262,8.707211698238618,0.573107423181488,4.885496183206107,6.6551676717557235,9.209790725190844,9.847743358778642,0.4541984732824427,0.36173622137401684,0.46946564885496184,0.6859638167939132,0.4732824427480916,0.6200421755725231,0.48854961832061067,0.8980730916030497,0.4761450381679389
0.4,10,3.0,SEG3,HIGH_FIRST,ALL,262,8.707211698238618,0.573107423181488,4.885496183206107,6.6551676717557235,9.209790725190844,9.847743358778642,0.4541984732824427,0.36173622137401684,0.46946564885496184,0.6859638167939132,0.4732824427480916,0.6200421755725231,0.48854961832061067,0.8980730916030497,0.4761450381679389
0.35,12,4.0,SEG3,ANY,ALL,241,8.009305417082087,0.5400500632333656,4.8962655601659755,7.595124771784243,10.131859709543562,10.165328755186735,0.4605809128630705,0.3455712863070588,0.46473029045643155,0.475038506224116,0.46473029045643155,0.015550165975148795,0.5103734439834025,-0.5988515352696935,0.47614107883817425
0.35,12,4.0,SEG3,HIGH_FIRST,ALL,241,8.009305417082087,0.5400500632333656,4.8962655601659755,7.595124771784243,10.131859709543562,10.165328755186735,0.4605809128630705,0.3455712863070588,0.46473029045643155,0.475038506224116,0.46473029045643155,0.015550165975148795,0.5103734439834025,-0.5988515352696935,0.47614107883817425
0.1,12,2.0,SEG3,ANY,HIGH,428,14.22399468261881,0.44148235466562075,5.287383177570093,6.6479225700934705,9.898020724299057,9.965204065420588,0.45093457943925236,0.32407030373832574,0.4719626168224299,0.5349775934579565,0.4766355140186916,0.09888450934581203,0.47897196261682246,-0.21519114485980592,0.4760514018691589
0.3,8,3.0,SEG2_SEG3,ANY,HIGH,208,6.912595546693254,0.550141937243953,4.899038461538462,7.287001009615385,10.340840432692314,10.527595480769245,0.4567307692307692,0.46589985576920867,0.46153846153846156,0.6776364903846198,0.47596153846153844,0.14073509615384802,0.49038461538461536,0.20693687499998356,0.47596153846153844
0.3,8,3.0,SEG2_SEG3,HIGH_FIRST,HIGH,208,6.912595546693254,0.550141937243953,4.899038461538462,7.287001009615385,10.340840432692314,10.527595480769245,0.4567307692307692,0.46589985576920867,0.46153846153846156,0.6776364903846198,0.47596153846153844,0.14073509615384802,0.49038461538461536,0.20693687499998356,0.47596153846153844
0.1,8,4.0,SEG3,ANY,QUIET,113,3.755400465270854,0.2599616549766548,5.380530973451328,5.847950000000065,7.802682743362794,8.327647079646047,0.5221238938053098,0.10806504424781613,0.49557522123893805,0.25798858407082326,0.46017699115044247,0.8647899115044552,0.48672566371681414,0.6792169026548879,0.4756637168141593
0.1,8,2.0,SEG3,HIGH_FIRST,NORMAL,226,7.510800930541708,0.33906353753862906,5.092920353982301,5.219702522123878,8.234039292035417,9.691777522123882,0.4247787610619469,0.5558231858407054,0.4823008849557522,0.5600758407079761,0.47345132743362833,1.1081038938053267,0.47345132743362833,0.5139641592920484,0.47566371681415925
0.1,12,0.0,SEG3,HIGH_FIRST,NORMAL,328,10.900631439016285,0.3475434692121088,5.496951219512195,4.040874725609737,7.730541554878053,9.317392743902428,0.43597560975609756,0.5528353048780473,0.47865853658536583,0.6002366158536613,0.47560975609756095,1.1372549390243973,0.4725609756097561,0.38715176829268977,0.47560975609756095
0.2,4,0.0,SEG3,ANY,NORMAL,82,2.7251578597540713,0.4417473986230787,3.3292682926829267,3.90985890243906,8.185669268292752,10.727670487804804,0.4268292682926829,0.5820047560975371,0.4634146341463415,1.1351809756097004,0.47560975609756095,2.4906747560974996,0.4878048780487805,-0.07576329268292795,0.47560975609756095
0.3,10,1.0,SEG2_SEG3,ANY,QUIET,92,3.0574941841143235,0.4361716163807863,5.5978260869565215,3.294484891304374,6.936724347826078,7.215333695652144,0.4782608695652174,0.4320457608696119,0.4891304347826087,0.011072826087001886,0.4891304347826087,0.28179847826088855,0.43478260869565216,-0.00560760869564092,0.47554347826086957
0.3,12,1.0,SEG2_SEG3,ANY,QUIET,92,3.0574941841143235,0.4361716163807863,5.5978260869565215,3.294484891304374,6.936724347826078,7.215333695652144,0.4782608695652174,0.4320457608696119,0.4891304347826087,0.011072826087001886,0.4891304347826087,0.28179847826088855,0.43478260869565216,-0.00560760869564092,0.47554347826086957
0.4,8,3.0,SEG2_SEG3,ANY,ALL,235,7.809903622465936,0.5788613179524209,4.740425531914894,6.683995106382974,9.388780851063846,10.018427361702134,0.4595744680851064,0.3198799574467828,0.4851063829787234,0.5427719148936356,0.46382978723404256,0.7210098297872332,0.48936170212765956,1.007486340425524,0.475531914893617
0.4,8,3.0,SEG2_SEG3,HIGH_FIRST,ALL,235,7.809903622465936,0.5788613179524209,4.740425531914894,6.683995106382974,9.388780851063846,10.018427361702134,0.4595744680851064,0.3198799574467828,0.4851063829787234,0.5427719148936356,0.46382978723404256,0.7210098297872332,0.48936170212765956,1.007486340425524,0.475531914893617
0.4,8,0.0,SEG3,ANY,HIGH,286,9.504818876703224,0.6062899843589421,4.9020979020979025,5.067742902097905,9.564595839160832,9.896665594405611,0.45454545454545453,0.38920706293704704,0.479020979020979,0.628177342657347,0.47202797202797203,0.6057984615384673,0.479020979020979,1.0360810139860244,0.4755244755244755
0.4,8,0.0,SEG3,HIGH_FIRST,HIGH,286,9.504818876703224,0.6062899843589421,4.9020979020979025,5.067742902097905,9.564595839160832,9.896665594405611,0.45454545454545453,0.38920706293704704,0.479020979020979,0.628177342657347,0.47202797202797203,0.6057984615384673,0.479020979020979,1.0360810139860244,0.4755244755244755
0.3,4,3.0,SEG3,ANY,ALL,142,4.719175805915587,0.544703781997705,3.3098591549295775,6.8829942253521335,9.459784154929618,10.471824507042244,0.47183098591549294,0.2832282394366162,0.45774647887323944,0.5945363380282045,0.4788732394366197,0.7992621830986267,0.4859154929577465,1.1310785211267456,0.4753521126760563
0.3,4,3.0,SEG3,HIGH_FIRST,ALL,142,4.719175805915587,0.544703781997705,3.3098591549295775,6.8829942253521335,9.459784154929618,10.471824507042244,0.47183098591549294,0.2832282394366162,0.45774647887323944,0.5945363380282045,0.4788732394366197,0.7992621830986267,0.4859154929577465,1.1310785211267456,0.4753521126760563
0.1,12,2.0,SEG2_SEG3,ANY,NORMAL,182,6.048521103356597,0.3507139963483488,5.434065934065934,5.004238461538434,8.014796648351673,9.74579285714285,0.4340659340659341,0.3562291208791216,0.47802197802197804,0.5830197252747354,0.46703296703296704,1.493773021978021,0.489010989010989,0.37847851648352043,0.4752747252747253
0.4,6,4.0,SEG2_SEG3,ANY,HIGH,111,3.688933200398804,0.617432327896116,4.27027027027027,8.566500180180187,10.731037657657641,11.22461594594598,0.43243243243243246,1.1498428828828624,0.44144144144144143,1.4409136936937397,0.4594594594594595,0.4609763063063338,0.5405405405405406,0.40870504504506766,0.47522522522522526
0.4,6,4.0,SEG2_SEG3,HIGH_FIRST,HIGH,111,3.688933200398804,0.617432327896116,4.27027027027027,8.566500180180187,10.731037657657641,11.22461594594598,0.43243243243243246,1.1498428828828624,0.44144144144144143,1.4409136936937397,0.4594594594594595,0.4609763063063338,0.5405405405405406,0.40870504504506766,0.47522522522522526
0.3,6,4.0,SEG2_SEG3,ANY,ALL,211,7.012296444001329,0.5277013391743548,4.37914691943128,7.647477630331765,10.422335497630346,10.135809763033174,0.47393364928909953,0.1934131279620927,0.4881516587677725,0.27333047393368703,0.4597156398104265,-0.05500829383884063,0.4928909952606635,-0.014632748815167266,0.47511848341232227
0.3,6,4.0,SEG2_SEG3,HIGH_FIRST,ALL,211,7.012296444001329,0.5277013391743548,4.37914691943128,7.647477630331765,10.422335497630346,10.135809763033174,0.47393364928909953,0.1934131279620927,0.4881516587677725,0.27333047393368703,0.4597156398104265,-0.05500829383884063,0.4928909952606635,-0.014632748815167266,0.47511848341232227
0.1,10,2.0,SEG2_SEG3,HIGH_FIRST,NORMAL,180,5.982053838484546,0.3523539317233622,5.4,5.019834499999974,7.922127055555582,9.61096438888888,0.43333333333333335,0.39502838888889125,0.4777777777777778,0.6689365555555645,0.4666666666666667,1.3818596111111119,0.4888888888888889,0.4008159444444472,0.47500000000000003
0.1,6,1.0,SEG2_SEG3,ANY,QUIET,160,5.317381189764041,0.30409625009702,4.91875,3.5863218124999947,7.42053587500003,7.287657812499996,0.50625,0.12626843749999067,0.45,0.04320293750001554,0.48125,-0.08863231250001036,0.4875,-0.3410327499999994,0.47500000000000003
0.1,10,2.0,SEG3,HIGH_FIRST,NORMAL,240,7.976071784646062,0.3346877472990978,5.333333333333333,5.138396166666661,8.041762250000014,9.753559374999993,0.425,0.6453242500000006,0.48333333333333334,0.5905530833333482,0.4708333333333333,1.3193228750000117,0.475,0.6854562916666812,0.475
0.1,6,2.0,SEG2_SEG3,ANY,QUIET,129,4.287138584247258,0.2967059182740318,4.8604651162790695,4.096117984496105,7.734215658914771,7.6673217054263345,0.49612403100775193,0.19519883720927247,0.4573643410852713,-0.0013122480620125338,0.4728682170542636,0.2739908527131556,0.49612403100775193,-0.5096634883721227,0.4748062015503876
0.2,6,2.0,SEG2_SEG3,HIGH_FIRST,ALL,454,15.088069125955467,0.46638480597388626,4.607929515418502,5.766677841409692,9.291757224669626,9.448572290748904,0.46916299559471364,0.29991982378853793,0.4801762114537445,0.26120187224671304,0.46916299559471364,0.09116251101321891,0.4801762114537445,-0.16232674008811165,0.47466960352422904
0.4,12,0.0,SEG3,ANY,HIGH,296,9.837155201063476,0.6059235320416068,5.054054054054054,5.03379966216217,9.43522493243242,9.791688310810834,0.4560810810810811,0.37116148648646985,0.47635135135135137,0.6242050675675789,0.47297297297297297,0.5962136824324473,0.47635135135135137,1.207098479729746,0.47466216216216217
0.4,12,0.0,SEG3,HIGH_FIRST,HIGH,296,9.837155201063476,0.6059235320416068,5.054054054054054,5.03379966216217,9.43522493243242,9.791688310810834,0.4560810810810811,0.37116148648646985,0.47635135135135137,0.6242050675675789,0.47297297297297297,0.5962136824324473,0.47635135135135137,1.207098479729746,0.47466216216216217
0.4,10,4.0,SEG2_SEG3,ANY,ALL,187,6.214689265536723,0.5751478987597773,4.737967914438503,7.582904385026737,9.878701764705873,10.105055026737986,0.45989304812834225,0.3750997326203159,0.46524064171123,0.6408370053476413,0.45454545454545453,0.4312320320855908,0.5240641711229946,0.0844577005347946,0.47459893048128343
0.4,10,4.0,SEG2_SEG3,HIGH_FIRST,ALL,187,6.214689265536723,0.5751478987597773,4.737967914438503,7.582904385026737,9.878701764705873,10.105055026737986,0.45989304812834225,0.3750997326203159,0.46524064171123,0.6408370053476413,0.45454545454545453,0.4312320320855908,0.5240641711229946,0.0844577005347946,0.47459893048128343
0.4,12,4.0,SEG2_SEG3,ANY,ALL,187,6.214689265536723,0.5751478987597773,4.737967914438503,7.582904385026737,9.878701764705873,10.105055026737986,0.45989304812834225,0.3750997326203159,0.46524064171123,0.6408370053476413,0.45454545454545453,0.4312320320855908,0.5240641711229946,0.0844577005347946,0.47459893048128343
0.4,12,4.0,SEG2_SEG3,HIGH_FIRST,ALL,187,6.214689265536723,0.5751478987597773,4.737967914438503,7.582904385026737,9.878701764705873,10.105055026737986,0.45989304812834225,0.3750997326203159,0.46524064171123,0.6408370053476413,0.45454545454545453,0.4312320320855908,0.5240641711229946,0.0844577005347946,0.47459893048128343
0.4,6,1.0,SEG3,ANY,ALL,354,11.764705882352942,0.5836902369739574,4.553672316384181,5.0189988135593095,8.751942090395495,9.154909689265551,0.4661016949152542,0.23093036723162058,0.4774011299435028,0.5248316384180812,0.4689265536723164,0.4297391525423668,0.4830508474576271,-0.1227973728813528,0.4745762711864407
0.4,6,1.0,SEG3,HIGH_FIRST,ALL,354,11.764705882352942,0.5836902369739574,4.553672316384181,5.0189988135593095,8.751942090395495,9.154909689265551,0.4661016949152542,0.23093036723162058,0.4774011299435028,0.5248316384180812,0.4689265536723164,0.4297391525423668,0.4830508474576271,-0.1227973728813528,0.4745762711864407
0.1,8,2.0,SEG2_SEG3,HIGH_FIRST,NORMAL,167,5.550016616816218,0.3594292708242538,5.1017964071856285,5.103523592814329,8.164652694610814,9.483450299401177,0.437125748502994,0.2311265269461042,0.47904191616766467,0.5983615568862296,0.46706586826347307,1.0955170059880326,0.48502994011976047,0.24452886227544843,0.4745508982035928
0.2,10,3.0,SEG2_SEG3,ANY,HIGH,265,8.806912595546693,0.49541319212180196,5.150943396226415,7.487917999999998,10.187779207547177,10.328349622641538,0.46037735849056605,0.5415986415094233,0.4641509433962264,0.7298058490566136,0.4641509433962264,0.23099200000000703,0.5056603773584906,-0.23159867924529504,0.4745283018867924
0.2,10,3.0,SEG2_SEG3,HIGH_FIRST,HIGH,265,8.806912595546693,0.49541319212180196,5.150943396226415,7.487917999999998,10.187779207547177,10.328349622641538,0.46037735849056605,0.5415986415094233,0.4641509433962264,0.7298058490566136,0.4641509433962264,0.23099200000000703,0.5056603773584906,-0.23159867924529504,0.4745283018867924
0.2,12,3.0,SEG2_SEG3,ANY,HIGH,265,8.806912595546693,0.49541319212180196,5.150943396226415,7.487917999999998,10.187779207547177,10.328349622641538,0.46037735849056605,0.5415986415094233,0.4641509433962264,0.7298058490566136,0.4641509433962264,0.23099200000000703,0.5056603773584906,-0.23159867924529504,0.4745283018867924
0.2,12,3.0,SEG2_SEG3,HIGH_FIRST,HIGH,265,8.806912595546693,0.49541319212180196,5.150943396226415,7.487917999999998,10.187779207547177,10.328349622641538,0.46037735849056605,0.5415986415094233,0.4641509433962264,0.7298058490566136,0.4641509433962264,0.23099200000000703,0.5056603773584906,-0.23159867924529504,0.4745283018867924
0.4,8,3.0,SEG3,ANY,ALL,255,8.474576271186441,0.5731545005999736,4.764705882352941,6.688631803921565,9.303608313725505,9.956484941176479,0.4549019607843137,0.33043584313722485,0.4745098039215686,0.6363193333333477,0.47058823529411764,0.6891150980392102,0.4823529411764706,0.969854156862734,0.4745098039215686
0.4,8,3.0,SEG3,HIGH_FIRST,ALL,255,8.474576271186441,0.5731545005999736,4.764705882352941,6.688631803921565,9.303608313725505,9.956484941176479,0.4549019607843137,0.33043584313722485,0.4745098039215686,0.6363193333333477,0.47058823529411764,0.6891150980392102,0.4823529411764706,0.969854156862734,0.4745098039215686
0.2,8,3.0,SEG2_SEG3,ANY,HIGH,254,8.441342638750415,0.4977110208598644,4.980314960629921,7.554441692913387,10.300805944881903,10.511887677165374,0.4566929133858268,0.5546594094488052,0.4645669291338583,0.7424671259842563,0.4645669291338583,0.22149169291338608,0.5039370078740157,-0.24377988188978017,0.4744094488188976
0.2,8,3.0,SEG2_SEG3,HIGH_FIRST,HIGH,254,8.441342638750415,0.4977110208598644,4.980314960629921,7.554441692913387,10.300805944881903,10.511887677165374,0.4566929133858268,0.5546594094488052,0.4645669291338583,0.7424671259842563,0.4645669291338583,0.22149169291338608,0.5039370078740157,-0.24377988188978017,0.4744094488188976
0.4,12,3.0,SEG3,ANY,ALL,263,8.740445330674643,0.5742294967048783,4.908745247148289,6.651102509505703,9.153677186311793,9.832347034220547,0.4524714828897338,0.3819430038022528,0.467680608365019,0.704617414448691,0.4714828897338403,0.6393069581749081,0.4866920152091255,0.9162310646387813,0.47433460076045625
0.4,12,3.0,SEG3,HIGH_FIRST,ALL,263,8.740445330674643,0.5742294967048783,4.908745247148289,6.651102509505703,9.153677186311793,9.832347034220547,0.4524714828897338,0.3819430038022528,0.467680608365019,0.704617414448691,0.4714828897338403,0.6393069581749081,0.4866920152091255,0.9162310646387813,0.47433460076045625
0.2,4,3.0,SEG3,ANY,ALL,174,5.782652043868395,0.4915374507455093,3.293103448275862,6.943881724137965,9.34927155172417,10.187051264367827,0.4827586206896552,-0.012202068965515192,0.45977011494252873,0.43564712643682335,0.47126436781609193,0.5220285632184244,0.4942528735632184,0.43576396551723773,0.4741379310344827
0.2,4,3.0,SEG3,HIGH_FIRST,ALL,174,5.782652043868395,0.4915374507455093,3.293103448275862,6.943881724137965,9.34927155172417,10.187051264367827,0.4827586206896552,-0.012202068965515192,0.45977011494252873,0.43564712643682335,0.47126436781609193,0.5220285632184244,0.4942528735632184,0.43576396551723773,0.4741379310344827
0.3,6,3.0,SEG3,ANY,ALL,317,10.535061482220007,0.5141296680602451,4.492113564668769,6.573212712933766,9.476403785488962,10.06877716088329,0.4605678233438486,0.3448957413249233,0.4952681388012618,0.4278581703470354,0.47003154574132494,0.3689323343848774,0.4605678233438486,1.0750311671924266,0.47397476340694006
0.3,6,3.0,SEG3,HIGH_FIRST,ALL,317,10.535061482220007,0.5141296680602451,4.492113564668769,6.573212712933766,9.476403785488962,10.06877716088329,0.4605678233438486,0.3448957413249233,0.4952681388012618,0.4278581703470354,0.47003154574132494,0.3689323343848774,0.4605678233438486,1.0750311671924266,0.47397476340694006
0.2,10,1.0,SEG2_SEG3,ANY,QUIET,171,5.682951146560319,0.34767638606538986,5.590643274853801,3.217408421052619,7.324286783625754,7.27612198830408,0.4678362573099415,0.31827719298244334,0.47368421052631576,-0.17477970760232334,0.4853801169590643,-0.1387403508771957,0.4502923976608187,0.16402245614034128,0.47368421052631576
0.2,12,1.0,SEG2_SEG3,ANY,QUIET,171,5.682951146560319,0.34767638606538986,5.590643274853801,3.217408421052619,7.324286783625754,7.27612198830408,0.4678362573099415,0.31827719298244334,0.47368421052631576,-0.17477970760232334,0.4853801169590643,-0.1387403508771957,0.4502923976608187,0.16402245614034128,0.47368421052631576
0.4,6,3.0,SEG2_SEG3,ANY,HIGH,141,4.685942173479561,0.622251161448672,4.382978723404255,7.489103262411355,10.038828085106383,11.082146241134772,0.45390070921985815,0.7534166666666339,0.46099290780141844,1.2239808510638543,0.46808510638297873,0.8190918439716383,0.49645390070921985,1.8381851773049624,0.473404255319149
0.4,6,3.0,SEG2_SEG3,HIGH_FIRST,HIGH,141,4.685942173479561,0.622251161448672,4.382978723404255,7.489103262411355,10.038828085106383,11.082146241134772,0.45390070921985815,0.7534166666666339,0.46099290780141844,1.2239808510638543,0.46808510638297873,0.8190918439716383,0.49645390070921985,1.8381851773049624,0.473404255319149
0.1,4,1.0,SEG3,ANY,HIGH,150,4.985044865403789,0.5279811355487544,3.34,6.524110000000049,9.92512440000002,10.10985113333335,0.4866666666666667,0.05828480000001946,0.4666666666666667,0.09953040000002147,0.4533333333333333,0.13906160000006215,0.52,-0.4365236000000247,0.47333333333333333
0.1,6,3.0,SEG3,HIGH_FIRST,NORMAL,150,4.985044865403789,0.3395806807778962,4.633333333333334,5.993719199999996,8.775804666666687,9.899207466666631,0.41333333333333333,0.6139790666666947,0.4866666666666667,0.37783920000002885,0.4666666666666667,0.3498733333333651,0.47333333333333333,0.26918680000002193,0.47333333333333333
0.1,6,4.0,SEG3,ANY,ALL,430,14.290461947490861,0.3761258870260862,4.534883720930233,7.453912558139569,9.505833674418591,10.04004179069769,0.44651162790697674,0.6203408604651423,0.4720930232558139,0.6752712093023632,0.4627906976744186,0.24653797674422262,0.49534883720930234,-0.3464080930232391,0.47325581395348837
0.3,6,3.0,SEG2_SEG3,ANY,ALL,271,9.006314390162844,0.5316538139447256,4.472324723247232,6.723726309963102,9.7978503690037,10.06509332103321,0.46863468634686345,0.24676306273062523,0.4981549815498155,0.2709059778598038,0.4612546125461255,0.19921546125462514,0.47232472324723246,0.6971704797047851,0.47324723247232475
0.3,6,3.0,SEG2_SEG3,HIGH_FIRST,ALL,271,9.006314390162844,0.5316538139447256,4.472324723247232,6.723726309963102,9.7978503690037,10.06509332103321,0.46863468634686345,0.24676306273062523,0.4981549815498155,0.2709059778598038,0.4612546125461255,0.19921546125462514,0.47232472324723246,0.6971704797047851,0.47324723247232475
0.35,6,1.0,SEG3,ANY,HIGH,251,8.34164174144234,0.589610799951064,4.50996015936255,5.721575856573702,9.845435298804789,10.208860677290854,0.4541832669322709,0.5800147808764791,0.4860557768924303,0.6028118725099553,0.46613545816733065,0.2358489641434457,0.47410358565737054,0.4011525498007888,0.47310756972111556
0.35,6,1.0,SEG3,HIGH_FIRST,HIGH,251,8.34164174144234,0.589610799951064,4.50996015936255,5.721575856573702,9.845435298804789,10.208860677290854,0.4541832669322709,0.5800147808764791,0.4860557768924303,0.6028118725099553,0.46613545816733065,0.2358489641434457,0.47410358565737054,0.4011525498007888,0.47310756972111556
0.1,12,2.0,SEG3,HIGH_FIRST,NORMAL,241,8.009305417082087,0.3341229976503817,5.356846473029045,5.131884481327796,8.044184398340263,9.870066846473025,0.42323651452282157,0.6498616597510379,0.48132780082987553,0.6038088796680637,0.46887966804979253,1.4398983817427506,0.4730290456431535,0.7881183402489766,0.4730290456431535
0.1,6,2.0,SEG2_SEG3,HIGH_FIRST,NORMAL,139,4.61947490860751,0.3736818759952353,4.697841726618705,5.117017122302121,8.429984532374128,9.194870071942411,0.43884892086330934,0.2174643165467747,0.48201438848920863,0.30028194244605794,0.4676258992805755,0.29358820143885467,0.4748201438848921,-0.33441251798560334,0.47302158273381295
0.1,8,3.0,SEG3,ANY,ALL,703,23.363243602525756,0.35913883221636045,5.182076813655761,6.466303570412534,9.038291635846363,9.905845533428181,0.43812233285917496,0.541816756756767,0.4722617354196302,0.6332296017069868,0.46799431009957326,0.693893755334309,0.48364153627311524,0.30619432432432425,0.47297297297297297
0.1,6,4.0,SEG3,HIGH_FIRST,HIGH,222,7.377866400797608,0.4480154944357233,4.441441441441442,8.513349279279305,10.611618783783756,10.895075630630664,0.42792792792792794,0.9535487837838077,0.4594594594594595,0.8639491891892335,0.46396396396396394,-0.06453400900896086,0.5045045045045045,-0.4050846846846771,0.47297297297297297
0.1,4,1.0,SEG3,HIGH_FIRST,HIGH,148,4.918577600531738,0.5334638671573455,3.3378378378378377,6.532731351351403,9.938808513513534,10.124471013513533,0.4797297297297297,0.09572351351353309,0.46621621621621623,0.09303277027029745,0.4527027027027027,0.10676398648654781,0.5202702702702703,-0.4748204729729927,0.4729729729729729
0.4,6,4.0,SEG3,ANY,ALL,175,5.81588567630442,0.5793340342369538,4.308571428571429,7.68561457142858,10.121909600000004,10.199909714285731,0.46285714285714286,0.38421314285713637,0.4685714285714286,0.6430460000000442,0.4514285714285714,0.35513554285715926,0.52,-0.28137371428569685,0.47285714285714286
0.4,6,4.0,SEG3,HIGH_FIRST,ALL,175,5.81588567630442,0.5793340342369538,4.308571428571429,7.68561457142858,10.121909600000004,10.199909714285731,0.46285714285714286,0.38421314285713637,0.4685714285714286,0.6430460000000442,0.4514285714285714,0.35513554285715926,0.52,-0.28137371428569685,0.47285714285714286
0.35,6,4.0,SEG3,ANY,HIGH,138,4.586241276171486,0.5782760356350282,4.297101449275362,8.382973985507249,11.051876884057958,11.32132768115945,0.427536231884058,1.1879758695652203,0.4420289855072464,1.0897274637681604,0.47101449275362317,-0.07545376811589304,0.5072463768115942,-0.20410579710145269,0.47282608695652173
0.35,6,4.0,SEG3,HIGH_FIRST,HIGH,138,4.586241276171486,0.5782760356350282,4.297101449275362,8.382973985507249,11.051876884057958,11.32132768115945,0.427536231884058,1.1879758695652203,0.4420289855072464,1.0897274637681604,0.47101449275362317,-0.07545376811589304,0.5072463768115942,-0.20410579710145269,0.47282608695652173
0.1,6,1.0,SEG2_SEG3,HIGH_FIRST,QUIET,156,5.18444666001994,0.3071785015684773,4.92948717948718,3.585739166666663,7.25499230769234,7.261823653846145,0.5128205128205128,0.09886608974357923,0.44871794871794873,0.13339557692308857,0.4807692307692308,0.11744243589742044,0.4807692307692308,0.02963096153845795,0.4727564102564103
0.1,6,3.0,SEG2_SEG3,ANY,HIGH,236,7.8431372549019605,0.47482699882027246,4.483050847457627,7.702165338983077,9.870025254237287,10.525850338983084,0.4449152542372881,0.7747440254237232,0.4661016949152542,0.8985976694915411,0.461864406779661,0.2421220338983114,0.5,-0.0680422881355934,0.47245762711864403
0.1,12,2.0,SEG2_SEG3,HIGH_FIRST,NORMAL,181,6.015287470920572,0.3515043690174792,5.430939226519337,5.011819281767931,7.926013093922679,9.76688093922651,0.430939226519337,0.40245276243094147,0.47513812154696133,0.6861534806629913,0.46408839779005523,1.5420593922651946,0.4861878453038674,0.5390822099447534,0.47237569060773477
0.4,6,0.0,SEG3,ANY,HIGH,243,8.075772681954138,0.6200055158620007,4.481481481481482,5.231434485596719,9.571427654320974,9.804194485596737,0.4732510288065844,0.4211917283950422,0.48559670781893005,0.6441417695473394,0.4567901234567901,0.5390721810699745,0.4897119341563786,0.6951473662551593,0.4722222222222222
0.4,6,0.0,SEG3,HIGH_FIRST,HIGH,243,8.075772681954138,0.6200055158620007,4.481481481481482,5.231434485596719,9.571427654320974,9.804194485596737,0.4732510288065844,0.4211917283950422,0.48559670781893005,0.6441417695473394,0.4567901234567901,0.5390721810699745,0.4897119341563786,0.6951473662551593,0.4722222222222222
0.1,4,0.0,SEG3,HIGH_FIRST,NORMAL,90,2.991026919242273,0.41431245558813806,3.3333333333333335,4.247703555555553,7.675170888888958,10.549070333333253,0.4111111111111111,0.9049405555555242,0.4444444444444444,1.5789398888888577,0.4888888888888889,2.641887888888813,0.4666666666666667,0.991323333333326,0.4722222222222222
0.3,8,1.0,SEG2_SEG3,HIGH_FIRST,QUIET,90,2.991026919242273,0.43844491820539244,5.544444444444444,3.3303213333333637,6.955894111111098,7.30871955555553,0.4888888888888889,0.4336684444444927,0.4888888888888889,0.016008333333386165,0.4888888888888889,0.33808211111113956,0.4222222222222222,0.1442176666666809,0.4722222222222222
0.35,10,0.0,SEG2_SEG3,ANY,QUIET,90,2.991026919242273,0.45908742265431995,5.666666666666667,2.794097444444464,6.434024444444402,6.947857222222224,0.4777777777777778,0.3744905555556064,0.5111111111111111,0.007220222222293968,0.45555555555555555,0.6140210000000025,0.4666666666666667,-1.023328999999977,0.4722222222222222
0.35,10,0.0,SEG2_SEG3,HIGH_FIRST,QUIET,90,2.991026919242273,0.45908742265431995,5.666666666666667,2.794097444444464,6.434024444444402,6.947857222222224,0.4777777777777778,0.3744905555556064,0.5111111111111111,0.007220222222293968,0.45555555555555555,0.6140210000000025,0.4666666666666667,-1.023328999999977,0.4722222222222222
0.35,12,0.0,SEG2_SEG3,ANY,QUIET,90,2.991026919242273,0.45908742265431995,5.666666666666667,2.794097444444464,6.434024444444402,6.947857222222224,0.4777777777777778,0.3744905555556064,0.5111111111111111,0.007220222222293968,0.45555555555555555,0.6140210000000025,0.4666666666666667,-1.023328999999977,0.4722222222222222
0.35,12,0.0,SEG2_SEG3,HIGH_FIRST,QUIET,90,2.991026919242273,0.45908742265431995,5.666666666666667,2.794097444444464,6.434024444444402,6.947857222222224,0.4777777777777778,0.3744905555556064,0.5111111111111111,0.007220222222293968,0.45555555555555555,0.6140210000000025,0.4666666666666667,-1.023328999999977,0.4722222222222222
0.1,8,3.0,SEG3,HIGH_FIRST,ALL,682,22.665337321369226,0.36578644705667424,5.181818181818182,6.516568020527873,9.079709105571837,9.93419825513198,0.4398826979472141,0.5364685190615941,0.47214076246334313,0.630558724340195,0.4662756598240469,0.7028857917888828,0.4838709677419355,0.43203973607038065,0.47214076246334313
0.1,6,2.0,SEG2_SEG3,HIGH_FIRST,QUIET,125,4.1542040545031576,0.30031607749207495,4.872,4.1117043199999825,7.537655040000045,7.6472299199999725,0.504,0.16320647999996798,0.456,0.10982367999999769,0.472,0.5427760799999706,0.488,-0.05247136000003593,0.472
0.1,4,0.0,SEG2_SEG3,ANY,NORMAL,62,2.060485211033566,0.4570536029367091,3.2903225806451615,4.305718548387118,7.526440000000078,10.494539516128901,0.3870967741935484,1.0029325806451213,0.43548387096774194,1.480541290322545,0.4838709677419355,2.980158064516071,0.4838709677419355,0.8860617741935174,0.4717741935483871
0.1,4,0.0,SEG2_SEG3,HIGH_FIRST,NORMAL,62,2.060485211033566,0.4570536029367091,3.2903225806451615,4.305718548387118,7.526440000000078,10.494539516128901,0.3870967741935484,1.0029325806451213,0.43548387096774194,1.480541290322545,0.4838709677419355,2.980158064516071,0.4838709677419355,0.8860617741935174,0.4717741935483871
0.1,10,3.0,SEG2_SEG3,HIGH_FIRST,HIGH,301,10.003323363243602,0.45494869496464896,5.186046511627907,7.465367774086379,9.961384418604654,10.258176279069797,0.44518272425249167,0.6836076744185958,0.46179401993355484,0.7642697009966826,0.46511627906976744,0.2519214617940274,0.4950166112956811,-0.27344392026578324,0.47176079734219273
0.1,12,3.0,SEG2_SEG3,HIGH_FIRST,HIGH,301,10.003323363243602,0.45494869496464896,5.186046511627907,7.465367774086379,9.961384418604654,10.258176279069797,0.44518272425249167,0.6836076744185958,0.46179401993355484,0.7642697009966826,0.46511627906976744,0.2519214617940274,0.4950166112956811,-0.27344392026578324,0.47176079734219273
0.1,4,4.0,SEG3,ANY,ALL,177,5.882352941176471,0.4243838664633557,3.2655367231638417,7.546412429378563,9.125054519774038,10.109317175141232,0.4745762711864407,0.3410309604519787,0.4632768361581921,0.6913714689265922,0.4576271186440678,0.6724504519774339,0.5084745762711864,-0.06509497175141349,0.4717514124293785
0.1,10,3.0,SEG3,ANY,ALL,737,24.493187105350614,0.35578675021215894,5.364993215739484,6.39706194029852,8.909953867028488,9.874336879240179,0.43826322930800543,0.5618422930800615,0.4708276797829037,0.6398376797829193,0.4654002713704206,0.7945263364993466,0.4843962008141113,0.36272833107191227,0.47150610583446406
0.1,8,3.0,SEG2_SEG3,HIGH_FIRST,QUIET,114,3.7886340977068795,0.27565693734883934,5.543859649122807,4.896500701754408,7.685870350877175,8.140587807017521,0.5,-0.1650709649122666,0.4824561403508772,0.02125710526317099,0.4473684210526316,0.6635794736842144,0.5087719298245614,-0.1808973684210805,0.47149122807017546
0.1,8,3.0,SEG2_SEG3,HIGH_FIRST,HIGH,288,9.571286141575275,0.45730561456031815,5.010416666666667,7.54577743055556,10.023743402777786,10.384081215277801,0.4409722222222222,0.722745798611099,0.4618055555555556,0.826273854166669,0.4652777777777778,0.22989395833333345,0.4930555555555556,-0.2946246875000058,0.4713541666666667
0.2,6,2.0,SEG3,ANY,NORMAL,157,5.217680292455966,0.39420124470428813,4.707006369426751,5.015606050955406,8.44679611464971,9.489054585987239,0.4267515923566879,0.6551660509554338,0.49044585987261147,0.24460426751595185,0.47770700636942676,0.5842991719745453,0.4394904458598726,0.25785821656053065,0.4713375796178344
0.4,6,3.0,SEG2_SEG3,ANY,ALL,209,6.945829179129279,0.5870680524515671,4.421052631578948,6.826983588516747,9.525636507177051,10.099241531100484,0.4688995215311005,0.23169210526313264,0.49760765550239233,0.49154444976078526,0.44976076555023925,0.5740721531100436,0.4880382775119617,0.9698363636363504,0.4712918660287081
0.4,6,3.0,SEG2_SEG3,HIGH_FIRST,ALL,209,6.945829179129279,0.5870680524515671,4.421052631578948,6.826983588516747,9.525636507177051,10.099241531100484,0.4688995215311005,0.23169210526313264,0.49760765550239233,0.49154444976078526,0.44976076555023925,0.5740721531100436,0.4880382775119617,0.9698363636363504,0.4712918660287081
0.2,6,4.0,SEG3,ANY,HIGH,191,6.347623795280824,0.49536977490990874,4.397905759162303,8.520544031413634,10.854255287958091,11.068173874345588,0.44502617801047123,0.8746585863874573,0.450261780104712,0.8321860209424627,0.4607329842931937,-0.06291397905754759,0.5130890052356021,-0.2591080104712091,0.4712041884816754
0.2,6,4.0,SEG3,HIGH_FIRST,HIGH,191,6.347623795280824,0.49536977490990874,4.397905759162303,8.520544031413634,10.854255287958091,11.068173874345588,0.44502617801047123,0.8746585863874573,0.450261780104712,0.8321860209424627,0.4607329842931937,-0.06291397905754759,0.5130890052356021,-0.2591080104712091,0.4712041884816754
0.3,6,4.0,SEG3,ANY,ALL,243,8.075772681954138,0.5127464839609847,4.382716049382716,7.524836666666684,10.161069135802473,10.261705720164615,0.46502057613168724,0.31801283950618114,0.48148148148148145,0.4345274485597211,0.4609053497942387,0.11975378600826293,0.48148148148148145,0.1963915226337582,0.47119341563786005
0.3,6,4.0,SEG3,HIGH_FIRST,ALL,243,8.075772681954138,0.5127464839609847,4.382716049382716,7.524836666666684,10.161069135802473,10.261705720164615,0.46502057613168724,0.31801283950618114,0.48148148148148145,0.4345274485597211,0.4609053497942387,0.11975378600826293,0.48148148148148145,0.1963915226337582,0.47119341563786005
0.35,8,2.0,SEG2_SEG3,ANY,QUIET,52,1.7281488866733135,0.46692558364874864,5.3076923076923075,4.025165384615416,7.647450384615345,7.462729615384599,0.5576923076923077,0.15421500000003072,0.5192307692307693,-0.21044365384608893,0.46153846153846156,0.5491250000000036,0.4423076923076923,-0.9084086538461477,0.4711538461538462
0.35,8,2.0,SEG2_SEG3,HIGH_FIRST,QUIET,52,1.7281488866733135,0.46692558364874864,5.3076923076923075,4.025165384615416,7.647450384615345,7.462729615384599,0.5576923076923077,0.15421500000003072,0.5192307692307693,-0.21044365384608893,0.46153846153846156,0.5491250000000036,0.4423076923076923,-0.9084086538461477,0.4711538461538462
0.35,10,2.0,SEG2_SEG3,ANY,QUIET,52,1.7281488866733135,0.46692558364874864,5.3076923076923075,4.025165384615416,7.647450384615345,7.462729615384599,0.5576923076923077,0.15421500000003072,0.5192307692307693,-0.21044365384608893,0.46153846153846156,0.5491250000000036,0.4423076923076923,-0.9084086538461477,0.4711538461538462
0.35,10,2.0,SEG2_SEG3,HIGH_FIRST,QUIET,52,1.7281488866733135,0.46692558364874864,5.3076923076923075,4.025165384615416,7.647450384615345,7.462729615384599,0.5576923076923077,0.15421500000003072,0.5192307692307693,-0.21044365384608893,0.46153846153846156,0.5491250000000036,0.4423076923076923,-0.9084086538461477,0.4711538461538462
0.35,12,2.0,SEG2_SEG3,ANY,QUIET,52,1.7281488866733135,0.46692558364874864,5.3076923076923075,4.025165384615416,7.647450384615345,7.462729615384599,0.5576923076923077,0.15421500000003072,0.5192307692307693,-0.21044365384608893,0.46153846153846156,0.5491250000000036,0.4423076923076923,-0.9084086538461477,0.4711538461538462
0.35,12,2.0,SEG2_SEG3,HIGH_FIRST,QUIET,52,1.7281488866733135,0.46692558364874864,5.3076923076923075,4.025165384615416,7.647450384615345,7.462729615384599,0.5576923076923077,0.15421500000003072,0.5192307692307693,-0.21044365384608893,0.46153846153846156,0.5491250000000036,0.4423076923076923,-0.9084086538461477,0.4711538461538462
0.4,8,4.0,SEG3,ANY,ALL,197,6.547025589896975,0.5705981734398351,4.644670050761421,7.633091269035531,9.885443096446702,10.218794822335038,0.45685279187817257,0.3545237563451679,0.45685279187817257,0.6806575634518156,0.45685279187817257,0.5827816751269187,0.5126903553299492,0.17206695431474228,0.4708121827411167
0.4,8,4.0,SEG3,HIGH_FIRST,ALL,197,6.547025589896975,0.5705981734398351,4.644670050761421,7.633091269035531,9.885443096446702,10.218794822335038,0.45685279187817257,0.3545237563451679,0.45685279187817257,0.6806575634518156,0.45685279187817257,0.5827816751269187,0.5126903553299492,0.17206695431474228,0.4708121827411167
0.1,4,0.0,SEG3,ANY,NORMAL,94,3.1239614489863743,0.4052832778519987,3.3297872340425534,4.141697340425538,7.943677978723478,10.507751063829705,0.425531914893617,0.6973060638297526,0.43617021276595747,1.382607234042509,0.48936170212765956,2.4157853191488616,0.46808510638297873,0.6107363829787138,0.4707446808510638
0.4,10,3.0,SEG2_SEG3,ANY,HIGH,162,5.383848454636092,0.6150009515799957,4.814814814814815,7.3030215432098755,9.895381358024684,11.031311111111137,0.4444444444444444,0.8830717901234219,0.4382716049382716,1.3722296296296514,0.47530864197530864,1.0183340740740934,0.49382716049382713,1.7087857407407507,0.470679012345679
0.4,10,3.0,SEG2_SEG3,HIGH_FIRST,HIGH,162,5.383848454636092,0.6150009515799957,4.814814814814815,7.3030215432098755,9.895381358024684,11.031311111111137,0.4444444444444444,0.8830717901234219,0.4382716049382716,1.3722296296296514,0.47530864197530864,1.0183340740740934,0.49382716049382713,1.7087857407407507,0.470679012345679
0.4,12,3.0,SEG2_SEG3,ANY,HIGH,162,5.383848454636092,0.6150009515799957,4.814814814814815,7.3030215432098755,9.895381358024684,11.031311111111137,0.4444444444444444,0.8830717901234219,0.4382716049382716,1.3722296296296514,0.47530864197530864,1.0183340740740934,0.49382716049382713,1.7087857407407507,0.470679012345679
0.4,12,3.0,SEG2_SEG3,HIGH_FIRST,HIGH,162,5.383848454636092,0.6150009515799957,4.814814814814815,7.3030215432098755,9.895381358024684,11.031311111111137,0.4444444444444444,0.8830717901234219,0.4382716049382716,1.3722296296296514,0.47530864197530864,1.0183340740740934,0.49382716049382713,1.7087857407407507,0.470679012345679
0.1,10,3.0,SEG3,HIGH_FIRST,ALL,716,23.795280824194084,0.36202038093702743,5.370111731843576,6.442908701117327,8.945640488826808,9.900419106145266,0.4399441340782123,0.557335363128499,0.47067039106145253,0.637487444134096,0.46368715083798884,0.8060428910614766,0.48463687150837986,0.48425596368714935,0.4706703910614525
0.2,6,2.0,SEG3,HIGH_FIRST,NORMAL,153,5.084745762711864,0.3986885149108826,4.673202614379085,5.0354147058823475,8.486044379084992,9.39026516339867,0.43137254901960786,0.651522287581723,0.49019607843137253,0.2996245751634287,0.477124183006536,0.4320071895425101,0.43790849673202614,0.3366162091503486,0.47058823529411764
0.1,8,4.0,SEG3,HIGH_FIRST,QUIET,110,3.6556995679627784,0.2640776345256737,5.372727272727273,5.883230090909158,7.821307454545414,8.430811181818212,0.5272727272727272,0.11106681818185445,0.4818181818181818,0.4155320909091229,0.45454545454545453,0.9697216363636678,0.4909090909090909,0.619757818181841,0.47045454545454546
0.35,8,4.0,SEG2_SEG3,ANY,HIGH,143,4.752409438351612,0.5778212902194381,4.671328671328672,8.423351188811186,10.855265244755234,11.192904195804228,0.43356643356643354,1.0057864335664366,0.44755244755244755,0.8737075524475846,0.46153846153846156,0.30372685314688913,0.5104895104895105,-0.08169713286713352,0.4702797202797203
0.35,8,4.0,SEG2_SEG3,HIGH_FIRST,HIGH,143,4.752409438351612,0.5778212902194381,4.671328671328672,8.423351188811186,10.855265244755234,11.192904195804228,0.43356643356643354,1.0057864335664366,0.44755244755244755,0.8737075524475846,0.46153846153846156,0.30372685314688913,0.5104895104895105,-0.08169713286713352,0.4702797202797203
0.1,12,3.0,SEG3,ANY,ALL,739,24.559654370222667,0.3562674299704368,5.380243572395129,6.392137699594058,8.8900046414073,9.906653112313954,0.4370771312584574,0.5703555209742969,0.469553450608931,0.650794898511518,0.46414073071718537,0.841178092016263,0.48308525033829497,0.40383140730717143,0.4702300405953992
0.4,6,3.0,SEG3,ANY,ALL,226,7.510800930541708,0.5821986135598712,4.433628318584071,6.737220000000003,9.38580805309736,10.016172522123906,0.4646017699115044,0.29666110619466285,0.48672566371681414,0.6103489380531143,0.4557522123893805,0.617686327433625,0.4823008849557522,0.8721586283185714,0.47013274336283184
0.4,6,3.0,SEG3,HIGH_FIRST,ALL,226,7.510800930541708,0.5821986135598712,4.433628318584071,6.737220000000003,9.38580805309736,10.016172522123906,0.4646017699115044,0.29666110619466285,0.48672566371681414,0.6103489380531143,0.4557522123893805,0.617686327433625,0.4823008849557522,0.8721586283185714,0.47013274336283184
0.1,8,3.0,SEG2_SEG3,ANY,QUIET,117,3.8883349950149553,0.27267070227588375,5.521367521367521,4.873704017094045,7.559919145299124,8.205020427350414,0.48717948717948717,-0.0071133333333150365,0.47863247863247865,0.19368230769232547,0.4444444444444444,0.7352534188034291,0.5128205128205128,-0.25287350427352145,0.4700854700854701
0.4,10,1.0,SEG3,ANY,HIGH,267,8.873379860418744,0.6046370000762509,5.0299625468164795,5.507890749063653,9.33189367041199,9.992142584269672,0.44569288389513106,0.6383379775280609,0.4606741573033708,0.9502246816479326,0.47191011235955055,0.6630832958801548,0.4756554307116105,1.1954326217228537,0.47003745318352064
0.4,10,1.0,SEG3,HIGH_FIRST,HIGH,267,8.873379860418744,0.6046370000762509,5.0299625468164795,5.507890749063653,9.33189367041199,9.992142584269672,0.44569288389513106,0.6383379775280609,0.4606741573033708,0.9502246816479326,0.47191011235955055,0.6630832958801548,0.4756554307116105,1.1954326217228537,0.47003745318352064
0.3,6,2.0,SEG2_SEG3,ANY,QUIET,50,1.6616816218012629,0.4388698705972851,4.8,4.154817600000006,7.788640200000027,7.813996399999942,0.5,0.6926194000000214,0.48,0.05780900000001566,0.48,0.47690319999999703,0.44,-0.12942380000001322,0.47
0.3,6,2.0,SEG2_SEG3,HIGH_FIRST,QUIET,50,1.6616816218012629,0.4388698705972851,4.8,4.154817600000006,7.788640200000027,7.813996399999942,0.5,0.6926194000000214,0.48,0.05780900000001566,0.48,0.47690319999999703,0.44,-0.12942380000001322,0.47
0.1,6,4.0,SEG3,ANY,QUIET,83,2.7583914921900963,0.2681899313899696,4.674698795180723,5.802092891566338,7.387015301204795,7.876009156626544,0.5180722891566265,-0.06516915662648416,0.4939759036144578,0.26819192771088374,0.46987951807228917,0.8552024096385764,0.4457831325301205,0.7136185542169011,0.46987951807228917
0.1,4,4.0,SEG3,HIGH_FIRST,ALL,174,5.782652043868395,0.429669250303234,3.2586206896551726,7.583465287356354,9.163570229885085,10.156365632183896,0.47126436781609193,0.3669794827586199,0.45977011494252873,0.7023418390805017,0.4540229885057471,0.6678118390804904,0.5114942528735632,-0.11783850574712473,0.4698275862068966
0.1,4,3.0,SEG3,ANY,HIGH,116,3.85510136257893,0.5012179827614416,3.310344827586207,7.822968534482823,10.14691155172414,10.65893206896554,0.49137931034482757,-0.0014047413792821254,0.4482758620689655,0.2142959482759054,0.45689655172413796,0.20044267241387936,0.5172413793103449,-0.031112327586227145,0.4698275862068966
0.3,8,1.0,SEG2_SEG3,ANY,QUIET,91,3.0242605516782985,0.4370693617849789,5.56043956043956,3.314692527472559,6.889956483516471,7.259272967032942,0.4835164835164835,0.43637373626378384,0.4835164835164835,0.040307032967085925,0.4835164835164835,0.35172428571431136,0.42857142857142855,0.14004384615386048,0.4697802197802198
0.1,4,3.0,SEG3,ANY,ALL,213,7.07876370887338,0.428039994263071,3.31924882629108,6.8606877464789005,8.821544460093932,9.9043672769953,0.47417840375586856,0.1993094366197182,0.4647887323943662,0.5857387793427536,0.4647887323943662,0.7527426291080082,0.4835680751173709,0.7909284037558526,0.4694835680751174
0.1,12,3.0,SEG3,HIGH_FIRST,ALL,718,23.861748089066136,0.3624977557001438,5.385793871866295,6.437712729805024,8.925008384401107,9.933607869080795,0.4387186629526462,0.5661101392757735,0.46935933147632314,0.6487716852367869,0.4623955431754875,0.8540270334262078,0.4832869080779944,0.5262227019498598,0.46935933147632314
0.1,6,3.0,SEG2_SEG3,HIGH_FIRST,ALL,424,14.091060152874709,0.41428321069003743,4.580188679245283,6.68267537735849,9.134845141509444,9.726349504716982,0.45754716981132076,0.3972021226415117,0.4716981132075472,0.5593592924528457,0.455188679245283,0.26618188679245613,0.49528301886792453,0.010423136792451689,0.4693396226415094
0.1,4,3.0,SEG3,HIGH_FIRST,HIGH,114,3.7886340977068795,0.5078663860289582,3.307017543859649,7.856948157894805,10.168567894736844,10.68754526315792,0.4824561403508772,0.04615271929827414,0.4473684210526316,0.20787385964917393,0.45614035087719296,0.15958929824569965,0.5175438596491229,-0.07371859649124178,0.4692982456140351
0.4,6,0.0,SEG3,ANY,QUIET,65,2.160186108341642,0.49491450104363,4.861538461538461,2.8549509230768937,6.363907384615406,6.875211076923082,0.46153846153846156,0.1421541538461567,0.47692307692307695,0.483046000000013,0.46153846153846156,0.308940615384605,0.47692307692307695,-1.210356615384626,0.4692307692307693
0.4,6,0.0,SEG3,HIGH_FIRST,QUIET,65,2.160186108341642,0.49491450104363,4.861538461538461,2.8549509230768937,6.363907384615406,6.875211076923082,0.46153846153846156,0.1421541538461567,0.47692307692307695,0.483046000000013,0.46153846153846156,0.308940615384605,0.47692307692307695,-1.210356615384626,0.4692307692307693
0.2,6,3.0,SEG3,ANY,HIGH,235,7.809903622465936,0.5047440825647561,4.48936170212766,7.577616468085137,10.071418936170195,10.873099659574507,0.451063829787234,0.7682707234042685,0.4595744680851064,0.8827742127659997,0.46382978723404256,0.3515986808510903,0.48936170212765956,0.6224239999999883,0.46914893617021275
0.2,6,3.0,SEG3,HIGH_FIRST,HIGH,235,7.809903622465936,0.5047440825647561,4.48936170212766,7.577616468085137,10.071418936170195,10.873099659574507,0.451063829787234,0.7682707234042685,0.4595744680851064,0.8827742127659997,0.46382978723404256,0.3515986808510903,0.48936170212765956,0.6224239999999883,0.46914893617021275
0.1,6,4.0,SEG3,HIGH_FIRST,QUIET,81,2.691924227318046,0.2721178484940713,4.666666666666667,5.828684444444521,7.466615432098737,7.933451975308675,0.5308641975308642,-0.0908671604938044,0.48148148148148145,0.351269629629668,0.4691358024691358,0.8848560493827363,0.4567901234567901,0.5503990123457124,0.4691358024691358
0.4,10,4.0,SEG3,ANY,ALL,202,6.713193752077102,0.5702177686493087,4.757425742574258,7.602660495049505,9.818403960396033,10.149904900990117,0.45544554455445546,0.39218262376236523,0.4504950495049505,0.742968316831726,0.45544554455445546,0.5184573762376473,0.5148514851485149,0.13404029702973286,0.4690594059405941
0.4,10,4.0,SEG3,HIGH_FIRST,ALL,202,6.713193752077102,0.5702177686493087,4.757425742574258,7.602660495049505,9.818403960396033,10.149904900990117,0.45544554455445546,0.39218262376236523,0.4504950495049505,0.742968316831726,0.45544554455445546,0.5184573762376473,0.5148514851485149,0.13404029702973286,0.4690594059405941
0.2,8,1.0,SEG2_SEG3,ANY,QUIET,169,5.616483881688269,0.34830995111392576,5.550295857988166,3.23980603550295,7.326832603550316,7.333543905325432,0.46745562130177515,0.3355935502958475,0.46745562130177515,-0.14745940828400647,0.47928994082840237,-0.09070017751479455,0.44970414201183434,0.19423674556212342,0.46893491124260356
0.1,10,3.0,SEG2_SEG3,HIGH_FIRST,ALL,563,18.71053506148222,0.3875684854825618,5.328596802841918,6.4670230550621595,8.9927475133215,9.862179129662527,0.4511545293072824,0.45339845470692597,0.46536412078152756,0.6787459680284266,0.4564831261101243,0.7579728596802928,0.49733570159857904,0.13619960923622437,0.4689165186500888
0.2,10,3.0,SEG3,ANY,HIGH,305,10.136257892987704,0.4781560489301157,5.19672131147541,7.459070622950825,10.123216918032776,10.636168327868882,0.4524590163934426,0.5710012459016472,0.4524590163934426,0.9043237704918269,0.46557377049180326,0.41013514754100083,0.4918032786885246,0.15252150819670815,0.4688524590163934
0.2,10,3.0,SEG3,HIGH_FIRST,HIGH,305,10.136257892987704,0.4781560489301157,5.19672131147541,7.459070622950825,10.123216918032776,10.636168327868882,0.4524590163934426,0.5710012459016472,0.4524590163934426,0.9043237704918269,0.46557377049180326,0.41013514754100083,0.4918032786885246,0.15252150819670815,0.4688524590163934
0.2,10,1.0,SEG2_SEG3,HIGH_FIRST,QUIET,168,5.583250249252243,0.3491266298581589,5.583333333333333,3.2398907142857123,7.0140667261905,7.360933035714273,0.4642857142857143,0.412911785714273,0.47023809523809523,0.12150863095239726,0.48214285714285715,0.20788065476190404,0.44047619047619047,0.5741465476190418,0.46875
0.2,12,1.0,SEG2_SEG3,HIGH_FIRST,QUIET,168,5.583250249252243,0.3491266298581589,5.583333333333333,3.2398907142857123,7.0140667261905,7.360933035714273,0.4642857142857143,0.412911785714273,0.47023809523809523,0.12150863095239726,0.48214285714285715,0.20788065476190404,0.44047619047619047,0.5741465476190418,0.46875
0.1,6,4.0,SEG2_SEG3,ANY,NORMAL,88,2.924559654370223,0.35289229787937737,4.6022727272727275,6.3752665909090585,8.847959090909136,10.219148977272674,0.45454545454545453,0.15818829545457386,0.4659090909090909,0.8374103409090956,0.4431818181818182,0.5579651136363695,0.5227272727272727,0.009081477272729899,0.46875
0.1,6,4.0,SEG2_SEG3,HIGH_FIRST,NORMAL,88,2.924559654370223,0.35289229787937737,4.6022727272727275,6.3752665909090585,8.847959090909136,10.219148977272674,0.45454545454545453,0.15818829545457386,0.4659090909090909,0.8374103409090956,0.4431818181818182,0.5579651136363695,0.5227272727272727,0.009081477272729899,0.46875
0.1,10,3.0,SEG2_SEG3,HIGH_FIRST,QUIET,119,3.9548022598870056,0.2702740658784858,5.689075630252101,4.886573109243704,7.6672156302520955,8.312283949579806,0.4957983193277311,-0.13854722689075824,0.4789915966386555,0.06615747899160637,0.44537815126050423,0.8189111764705947,0.5042016806722689,0.008633025210041096,0.4684873949579832
0.1,12,3.0,SEG2_SEG3,HIGH_FIRST,QUIET,119,3.9548022598870056,0.2702740658784858,5.689075630252101,4.886573109243704,7.6672156302520955,8.312283949579806,0.4957983193277311,-0.13854722689075824,0.4789915966386555,0.06615747899160637,0.44537815126050423,0.8189111764705947,0.5042016806722689,0.008633025210041096,0.4684873949579832
0.2,8,3.0,SEG3,ANY,HIGH,292,9.704220671319375,0.48109566582539004,5.023972602739726,7.527347020547953,10.268631335616432,10.778804554794547,0.4520547945205479,0.5465628082191845,0.4520547945205479,0.9003018835616633,0.4657534246575342,0.35296739726028625,0.4897260273972603,0.19777431506847515,0.4683219178082192
0.2,8,3.0,SEG3,HIGH_FIRST,HIGH,292,9.704220671319375,0.48109566582539004,5.023972602739726,7.527347020547953,10.268631335616432,10.778804554794547,0.4520547945205479,0.5465628082191845,0.4520547945205479,0.9003018835616633,0.4657534246575342,0.35296739726028625,0.4897260273972603,0.19777431506847515,0.4683219178082192
0.4,12,1.0,SEG3,ANY,HIGH,268,8.906613492854769,0.6056204917171347,5.052238805970149,5.508182313432819,9.276371417910452,9.976494701492545,0.44402985074626866,0.6571356716417625,0.458955223880597,0.9675442164179048,0.4701492537313433,0.6818280597014967,0.47388059701492535,1.212142276119412,0.46828358208955223
0.4,12,1.0,SEG3,HIGH_FIRST,HIGH,268,8.906613492854769,0.6056204917171347,5.052238805970149,5.508182313432819,9.276371417910452,9.976494701492545,0.44402985074626866,0.6571356716417625,0.458955223880597,0.9675442164179048,0.4701492537313433,0.6818280597014967,0.47388059701492535,1.212142276119412,0.46828358208955223
0.1,6,4.0,SEG2_SEG3,HIGH_FIRST,ALL,331,11.00033233632436,0.4107538351224464,4.462235649546828,7.586761419939591,9.605726072507563,9.995629093655593,0.4561933534743202,0.42273196374623784,0.4652567975830816,0.7709341389728304,0.4471299093655589,0.08468320241693034,0.513595166163142,-0.45684196374621333,0.46827794561933533
0.4,8,1.0,SEG3,ANY,HIGH,260,8.640744433366567,0.605863278049656,4.915384615384616,5.524402423076904,9.435561269230778,10.095658115384618,0.4423076923076923,0.6311393846153578,0.46153846153846156,0.9213089615384485,0.46923076923076923,0.6859633846153796,0.47307692307692306,1.145677653846157,0.46826923076923077
0.4,8,1.0,SEG3,HIGH_FIRST,HIGH,260,8.640744433366567,0.605863278049656,4.915384615384616,5.524402423076904,9.435561269230778,10.095658115384618,0.4423076923076923,0.6311393846153578,0.46153846153846156,0.9213089615384485,0.46923076923076923,0.6859633846153796,0.47307692307692306,1.145677653846157,0.46826923076923077
0.1,8,3.0,SEG2_SEG3,HIGH_FIRST,ALL,535,17.77999335327351,0.39176547397705724,5.130841121495327,6.541684299065415,9.089717962616833,9.906126990654206,0.4485981308411215,0.45065069158878357,0.4654205607476635,0.6976582616822483,0.45607476635514016,0.6836398691588864,0.4953271028037383,0.08168095327101862,0.4682242990654205
0.2,8,2.0,SEG2_SEG3,ANY,QUIET,118,3.9215686274509802,0.348387264460101,5.313559322033898,3.9852144067796593,7.788458728813586,7.922649406779648,0.4745762711864407,0.20320254237286478,0.4830508474576271,-0.16090559322032338,0.4576271186440678,0.4061770338982947,0.4745762711864407,-0.21652508474578824,0.4682203389830509
0.2,10,2.0,SEG2_SEG3,ANY,QUIET,118,3.9215686274509802,0.348387264460101,5.313559322033898,3.9852144067796593,7.788458728813586,7.922649406779648,0.4745762711864407,0.20320254237286478,0.4830508474576271,-0.16090559322032338,0.4576271186440678,0.4061770338982947,0.4745762711864407,-0.21652508474578824,0.4682203389830509
0.2,12,2.0,SEG2_SEG3,ANY,QUIET,118,3.9215686274509802,0.348387264460101,5.313559322033898,3.9852144067796593,7.788458728813586,7.922649406779648,0.4745762711864407,0.20320254237286478,0.4830508474576271,-0.16090559322032338,0.4576271186440678,0.4061770338982947,0.4745762711864407,-0.21652508474578824,0.4682203389830509
0.4,8,3.0,SEG2_SEG3,ANY,HIGH,157,5.217680292455966,0.6151725650489527,4.67515923566879,7.339435414012737,9.977776242038223,11.174280000000016,0.4394904458598726,0.869804331210156,0.4394904458598726,1.3364572611465109,0.4713375796178344,1.1160532484076477,0.49044585987261147,1.8027221656050956,0.4681528662420382
0.4,8,3.0,SEG2_SEG3,HIGH_FIRST,HIGH,157,5.217680292455966,0.6151725650489527,4.67515923566879,7.339435414012737,9.977776242038223,11.174280000000016,0.4394904458598726,0.869804331210156,0.4394904458598726,1.3364572611465109,0.4713375796178344,1.1160532484076477,0.49044585987261147,1.8027221656050956,0.4681528662420382
0.1,10,3.0,SEG2_SEG3,ANY,HIGH,306,10.169491525423728,0.44978959046850553,5.1797385620915035,7.451653725490198,9.884185686274513,10.276389248366044,0.4444444444444444,0.7118819607843037,0.45751633986928103,0.844506960784316,0.46078431372549017,0.3682246732026191,0.4934640522875817,-0.25213330065359957,0.4681372549019608
0.1,12,3.0,SEG2_SEG3,ANY,HIGH,306,10.169491525423728,0.44978959046850553,5.1797385620915035,7.451653725490198,9.884185686274513,10.276389248366044,0.4444444444444444,0.7118819607843037,0.45751633986928103,0.844506960784316,0.46078431372549017,0.3682246732026191,0.4934640522875817,-0.25213330065359957,0.4681372549019608
0.3,10,3.0,SEG3,ANY,HIGH,243,8.075772681954138,0.533715498673665,5.098765432098766,7.235414979423869,10.072689012345666,10.723120946502084,0.448559670781893,0.6319075308641868,0.448559670781893,0.948670823045289,0.4732510288065844,0.4173811522633877,0.4773662551440329,0.6521853086419638,0.46810699588477367
0.3,10,3.0,SEG3,HIGH_FIRST,HIGH,243,8.075772681954138,0.533715498673665,5.098765432098766,7.235414979423869,10.072689012345666,10.723120946502084,0.448559670781893,0.6319075308641868,0.448559670781893,0.948670823045289,0.4732510288065844,0.4173811522633877,0.4773662551440329,0.6521853086419638,0.46810699588477367
0.1,12,3.0,SEG2_SEG3,HIGH_FIRST,ALL,564,18.743768693918245,0.38723340497985964,5.338652482269503,6.461884858156021,8.992096365248235,9.911770762411352,0.450354609929078,0.4556776063829775,0.4645390070921986,0.684253865248234,0.45567375886524825,0.810490673758874,0.49645390070921985,0.1810414716311954,0.46808510638297873
0.1,6,4.0,SEG3,ANY,HIGH,227,7.544034562977734,0.4412136443336297,4.4493392070484585,8.471779207048487,10.493231189427286,10.90559841409695,0.42731277533039647,0.9857171806167615,0.45374449339207046,0.969914845815018,0.4581497797356828,0.09921515418506559,0.5022026431718062,-0.3734580176211411,0.4680616740088106
0.35,8,3.0,SEG3,ANY,HIGH,203,6.746427384513127,0.5675527615425825,4.832512315270936,7.318350541871911,10.261345960591138,11.152761822660112,0.42857142857142855,0.9246446305418534,0.4433497536945813,1.0964038916256291,0.47783251231527096,0.4964769950739098,0.4729064039408867,0.8074728571428333,0.46798029556650245
0.35,8,3.0,SEG3,HIGH_FIRST,HIGH,203,6.746427384513127,0.5675527615425825,4.832512315270936,7.318350541871911,10.261345960591138,11.152761822660112,0.42857142857142855,0.9246446305418534,0.4433497536945813,1.0964038916256291,0.47783251231527096,0.4964769950739098,0.4729064039408867,0.8074728571428333,0.46798029556650245
0.35,10,3.0,SEG3,ANY,HIGH,209,6.945829179129279,0.5676538689379477,4.956937799043062,7.28136014354066,10.159476315789467,11.016340239234472,0.430622009569378,0.9325128708133784,0.44019138755980863,1.1263466985646136,0.4784688995215311,0.45989148325361817,0.47368421052631576,0.7851223923444804,0.4677033492822966
0.35,10,3.0,SEG3,HIGH_FIRST,HIGH,209,6.945829179129279,0.5676538689379477,4.956937799043062,7.28136014354066,10.159476315789467,11.016340239234472,0.430622009569378,0.9325128708133784,0.44019138755980863,1.1263466985646136,0.4784688995215311,0.45989148325361817,0.47368421052631576,0.7851223923444804,0.4677033492822966
0.1,6,3.0,SEG2_SEG3,ANY,ALL,433,14.390162844798937,0.40886230180906624,4.586605080831409,6.656441339491918,9.080287274826798,9.743014942263283,0.45496535796766746,0.4398596997690549,0.46882217090069284,0.6182346882217247,0.45265588914549654,0.35297930715935555,0.49653579676674364,-0.0648532332563503,0.4676674364896074
0.1,10,3.0,SEG2_SEG3,ANY,ALL,572,19.009637753406448,0.3838852319535526,5.321678321678322,6.450557202797197,8.953683391608399,9.872657569930077,0.4493006993006993,0.48480573426573276,0.4632867132867133,0.7214357692307769,0.45454545454545453,0.8159399300699377,0.4982517482517482,0.07723692307691457,0.4676573426573426
0.1,6,3.0,SEG3,HIGH_FIRST,HIGH,270,8.97308075772682,0.4594955353108288,4.525925925925926,7.61749788888892,9.897902629629609,10.680691185185225,0.43703703703703706,0.8393224814814976,0.4666666666666667,0.8793360740741112,0.46296296296296297,0.3002003703704034,0.4777777777777778,0.4858567777777757,0.4675925925925926
0.1,8,3.0,SEG2_SEG3,ANY,HIGH,293,9.7374543037554,0.4518773873459897,5.006825938566553,7.530082730375433,9.94205532423209,10.400953720136542,0.4402730375426621,0.7516066894197818,0.45733788395904434,0.9090130375426617,0.46075085324232085,0.35173327645050934,0.49146757679180886,-0.27200709897611736,0.46757679180887374
0.2,10,0.0,SEG2_SEG3,ANY,QUIET,207,6.879361914257228,0.3459283435823229,5.763285024154589,2.7390433333332886,7.1793387922705465,7.011182512077284,0.45893719806763283,0.18419768115940763,0.46859903381642515,-0.21327149758452732,0.46859903381642515,-0.16519724637682973,0.463768115942029,0.32254990338163486,0.4673913043478261
0.2,12,0.0,SEG2_SEG3,ANY,QUIET,207,6.879361914257228,0.3459283435823229,5.763285024154589,2.7390433333332886,7.1793387922705465,7.011182512077284,0.45893719806763283,0.18419768115940763,0.46859903381642515,-0.21327149758452732,0.46859903381642515,-0.16519724637682973,0.463768115942029,0.32254990338163486,0.4673913043478261
0.1,4,3.0,SEG3,HIGH_FIRST,ALL,207,6.879361914257228,0.43691181616702696,3.3091787439613527,6.927141932367179,8.885577681159456,9.914496859903375,0.47342995169082125,0.2175945893719771,0.463768115942029,0.5407735265700845,0.45893719806763283,0.7978362801932608,0.48792270531400966,0.7517081642511976,0.46739130434782605
0.2,12,3.0,SEG3,ANY,HIGH,306,10.169491525423728,0.4794307440637856,5.215686274509804,7.452949575163404,10.072003562091494,10.620358986928133,0.45098039215686275,0.587684640522884,0.45098039215686275,0.9196425163398942,0.46405228758169936,0.42737875816995113,0.49019607843137253,0.17056431372547867,0.4673202614379085
0.2,12,3.0,SEG3,HIGH_FIRST,HIGH,306,10.169491525423728,0.4794307440637856,5.215686274509804,7.452949575163404,10.072003562091494,10.620358986928133,0.45098039215686275,0.587684640522884,0.45098039215686275,0.9196425163398942,0.46405228758169936,0.42737875816995113,0.49019607843137253,0.17056431372547867,0.4673202614379085
0.1,10,3.0,SEG2_SEG3,ANY,QUIET,122,4.054503157195081,0.26754258318074187,5.663934426229508,4.8649548360655865,7.546885081967204,8.369853852458998,0.48360655737704916,0.01228450819672378,0.47540983606557374,0.23041196721312907,0.4426229508196721,0.8838280327868978,0.5081967213114754,-0.06505385245904868,0.4672131147540983
0.1,12,3.0,SEG2_SEG3,ANY,QUIET,122,4.054503157195081,0.26754258318074187,5.663934426229508,4.8649548360655865,7.546885081967204,8.369853852458998,0.48360655737704916,0.01228450819672378,0.47540983606557374,0.23041196721312907,0.4426229508196721,0.8838280327868978,0.5081967213114754,-0.06505385245904868,0.4672131147540983
0.1,10,3.0,SEG2_SEG3,ANY,NORMAL,144,4.785643070787637,0.3424065475417979,5.333333333333333,5.66658465277774,8.168236805555587,10.287936458333311,0.4305555555555556,0.4025992361111245,0.4652777777777778,0.8759157638889027,0.4513888888888889,1.7098185416666765,0.5,0.8977005555555593,0.4670138888888889
0.2,8,3.0,SEG3,ANY,ALL,529,17.58059155865736,0.4285967361764051,5.069943289224953,6.604114461247648,9.35255035916824,10.09587387523631,0.44801512287334594,0.5268471266540757,0.4706994328922495,0.5614165595463336,0.46313799621928164,0.6187267107750664,0.4706994328922495,0.5896480151228674,0.4669187145557656
0.1,8,3.0,SEG2_SEG3,ANY,ALL,544,18.07909604519774,0.387823205750874,5.126838235294118,6.5231357352941135,9.047038897058833,9.91641768382353,0.44669117647058826,0.48371998161764523,0.4632352941176471,0.7422324448529468,0.4540441176470588,0.745820312500007,0.4963235294117647,0.020585386029403994,0.46691176470588236
0.1,12,3.0,SEG2_SEG3,ANY,ALL,573,19.042871385842474,0.3835618425120255,5.331588132635253,6.445528446771373,8.953110645724266,9.921451989528803,0.44851657940663175,0.4869942757417088,0.462478184991274,0.7267826527050685,0.4537521815008726,0.867531692844685,0.4973821989528796,0.12147736474693721,0.4668411867364747
0.1,6,3.0,SEG2_SEG3,ANY,NORMAL,113,3.755400465270854,0.35852003482039596,4.663716814159292,5.727270265486665,8.735757964601804,9.894901061946857,0.4336283185840708,0.2848575221239108,0.4778761061946903,0.45315893805311325,0.45132743362831856,0.5808683185840835,0.48672566371681414,0.2844238938053189,0.4668141592920354
0.35,6,3.0,SEG3,ANY,HIGH,173,5.749418411432369,0.5840353882684497,4.398843930635838,7.392385086705212,10.238663005780339,11.082945202312166,0.4393063583815029,0.8759409826589508,0.45664739884393063,0.9980950867052343,0.4682080924855491,0.3847447398844304,0.47398843930635837,1.1681825433525863,0.4667630057803468
0.35,6,3.0,SEG3,HIGH_FIRST,HIGH,173,5.749418411432369,0.5840353882684497,4.398843930635838,7.392385086705212,10.238663005780339,11.082945202312166,0.4393063583815029,0.8759409826589508,0.45664739884393063,0.9980950867052343,0.4682080924855491,0.3847447398844304,0.47398843930635837,1.1681825433525863,0.4667630057803468
0.4,12,4.0,SEG3,ANY,ALL,203,6.746427384513127,0.5716857242709039,4.788177339901478,7.5927263546798045,9.742707044334969,10.128469458128096,0.45320197044334976,0.41821187192117176,0.4482758620689655,0.7668544827586656,0.45320197044334976,0.5439166009852442,0.5123152709359606,0.16132886699510599,0.4667487684729064
0.4,12,4.0,SEG3,HIGH_FIRST,ALL,203,6.746427384513127,0.5716857242709039,4.788177339901478,7.5927263546798045,9.742707044334969,10.128469458128096,0.45320197044334976,0.41821187192117176,0.4482758620689655,0.7668544827586656,0.45320197044334976,0.5439166009852442,0.5123152709359606,0.16132886699510599,0.4667487684729064
0.2,10,3.0,SEG3,ANY,ALL,548,18.212030574941842,0.42720545984498703,5.20985401459854,6.560474452554754,9.238560036496345,9.996860255474472,0.4470802919708029,0.5399017518248317,0.46897810218978103,0.5751236313868855,0.46167883211678834,0.6680694708029403,0.4744525547445255,0.5088033029197051,0.4666970802919708
0.35,10,1.0,SEG2_SEG3,ANY,QUIET,75,2.4925224327018944,0.4629098945221026,5.546666666666667,3.2469516000000596,6.7605298666666265,7.1773781333333195,0.49333333333333335,0.33692680000004355,0.5066666666666667,-0.06987613333326105,0.4666666666666667,0.5290556000000166,0.4266666666666667,-1.026999199999985,0.4666666666666667
0.35,10,1.0,SEG2_SEG3,HIGH_FIRST,QUIET,75,2.4925224327018944,0.4629098945221026,5.546666666666667,3.2469516000000596,6.7605298666666265,7.1773781333333195,0.49333333333333335,0.33692680000004355,0.5066666666666667,-0.06987613333326105,0.4666666666666667,0.5290556000000166,0.4266666666666667,-1.026999199999985,0.4666666666666667
0.35,12,1.0,SEG2_SEG3,ANY,QUIET,75,2.4925224327018944,0.4629098945221026,5.546666666666667,3.2469516000000596,6.7605298666666265,7.1773781333333195,0.49333333333333335,0.33692680000004355,0.5066666666666667,-0.06987613333326105,0.4666666666666667,0.5290556000000166,0.4266666666666667,-1.026999199999985,0.4666666666666667
0.35,12,1.0,SEG2_SEG3,HIGH_FIRST,QUIET,75,2.4925224327018944,0.4629098945221026,5.546666666666667,3.2469516000000596,6.7605298666666265,7.1773781333333195,0.49333333333333335,0.33692680000004355,0.5066666666666667,-0.06987613333326105,0.4666666666666667,0.5290556000000166,0.4266666666666667,-1.026999199999985,0.4666666666666667
0.2,6,3.0,SEG3,ANY,ALL,434,14.423396477234961,0.44339224832089824,4.594470046082949,6.601378732718914,9.301506129032255,10.07365822580647,0.45161290322580644,0.5893040783410287,0.47235023041474655,0.49210827188943357,0.46543778801843316,0.46115244239633624,0.4631336405529954,0.7336808064516126,0.4665898617511521
0.1,10,4.0,SEG3,ANY,QUIET,119,3.9548022598870056,0.2545389078422771,5.571428571428571,5.80180554621854,7.66229697478989,8.468435714285736,0.5042016806722689,0.16631218487395735,0.4789915966386555,0.36952722689077083,0.453781512605042,1.0394775630252335,0.4789915966386555,0.8829401680672346,0.46638655462184875
0.1,12,4.0,SEG3,ANY,QUIET,119,3.9548022598870056,0.2545389078422771,5.571428571428571,5.80180554621854,7.66229697478989,8.468435714285736,0.5042016806722689,0.16631218487395735,0.4789915966386555,0.36952722689077083,0.453781512605042,1.0394775630252335,0.4789915966386555,0.8829401680672346,0.46638655462184875
0.35,8,0.0,SEG2_SEG3,ANY,QUIET,89,2.9577932868062478,0.460262823081905,5.629213483146067,2.8091368539326087,6.380557303370741,6.989778539325849,0.48314606741573035,0.37826910112364737,0.5056179775280899,0.03706808988772026,0.449438202247191,0.6892510112359641,0.4606741573033708,-0.8858395505617715,0.4662921348314607
0.35,8,0.0,SEG2_SEG3,HIGH_FIRST,QUIET,89,2.9577932868062478,0.460262823081905,5.629213483146067,2.8091368539326087,6.380557303370741,6.989778539325849,0.48314606741573035,0.37826910112364737,0.5056179775280899,0.03706808988772026,0.449438202247191,0.6892510112359641,0.4606741573033708,-0.8858395505617715,0.4662921348314607
0.35,10,4.0,SEG2_SEG3,ANY,HIGH,148,4.918577600531738,0.5759164296799553,4.824324324324325,8.362906216216214,10.751172364864845,11.074058243243282,0.43243243243243246,1.0211022297297294,0.4391891891891892,0.9322854729730107,0.4594594594594595,0.2626626351351833,0.5067567567567568,-0.07730831081080335,0.46621621621621623
0.35,10,4.0,SEG2_SEG3,HIGH_FIRST,HIGH,148,4.918577600531738,0.5759164296799553,4.824324324324325,8.362906216216214,10.751172364864845,11.074058243243282,0.43243243243243246,1.0211022297297294,0.4391891891891892,0.9322854729730107,0.4594594594594595,0.2626626351351833,0.5067567567567568,-0.07730831081080335,0.46621621621621623
0.35,12,4.0,SEG2_SEG3,ANY,HIGH,148,4.918577600531738,0.5759164296799553,4.824324324324325,8.362906216216214,10.751172364864845,11.074058243243282,0.43243243243243246,1.0211022297297294,0.4391891891891892,0.9322854729730107,0.4594594594594595,0.2626626351351833,0.5067567567567568,-0.07730831081080335,0.46621621621621623
0.35,12,4.0,SEG2_SEG3,HIGH_FIRST,HIGH,148,4.918577600531738,0.5759164296799553,4.824324324324325,8.362906216216214,10.751172364864845,11.074058243243282,0.43243243243243246,1.0211022297297294,0.4391891891891892,0.9322854729730107,0.4594594594594595,0.2626626351351833,0.5067567567567568,-0.07730831081080335,0.46621621621621623
0.3,12,3.0,SEG3,ANY,HIGH,244,8.109006314390163,0.5350863890882528,5.122950819672131,7.228655204918034,10.008669508196709,10.702938114754122,0.44672131147540983,0.652580532786875,0.44672131147540983,0.9677002868852692,0.4713114754098361,0.4389766393442746,0.47540983606557374,0.6727649590163839,0.4661885245901639
0.3,12,3.0,SEG3,HIGH_FIRST,HIGH,244,8.109006314390163,0.5350863890882528,5.122950819672131,7.228655204918034,10.008669508196709,10.702938114754122,0.44672131147540983,0.652580532786875,0.44672131147540983,0.9677002868852692,0.4713114754098361,0.4389766393442746,0.47540983606557374,0.6727649590163839,0.4661885245901639
0.1,6,4.0,SEG2_SEG3,ANY,ALL,337,11.199734130940511,0.4058295363286597,4.465875370919881,7.56311023738874,9.520854213649862,9.998524747774486,0.4540059347181009,0.4567556676558001,0.4629080118694362,0.8384501780415621,0.44510385756676557,0.18588970326410495,0.5103857566765578,-0.4209900890207627,0.4658753709198813
0.2,12,3.0,SEG3,ANY,ALL,549,18.245264207377865,0.4280087518303935,5.22040072859745,6.558699508196732,9.211626284153002,9.989212987249564,0.44626593806921677,0.5492573406193221,0.4681238615664845,0.5842615846994785,0.46083788706739526,0.6772108378870876,0.47358834244080145,0.5182109836065554,0.4658469945355191
0.2,8,3.0,SEG3,HIGH_FIRST,ALL,526,17.480890661349285,0.42984185967922384,5.064638783269962,6.614938250950583,9.352903555133077,10.107041197718647,0.44866920152091255,0.5364989353612291,0.4695817490494297,0.5970860456273968,0.4619771863117871,0.6054057414448878,0.4695817490494297,0.6416647338402995,0.46577946768060835
0.3,6,4.0,SEG3,ANY,HIGH,153,5.084745762711864,0.5536951473670026,4.34640522875817,8.410165882352953,10.96475732026142,11.27414111111114,0.43790849673202614,0.997859934640524,0.4444444444444444,1.0309501960784824,0.46405228758169936,-0.012045490196042426,0.49019607843137253,0.2322399346405196,0.46568627450980393
0.3,6,4.0,SEG3,HIGH_FIRST,HIGH,153,5.084745762711864,0.5536951473670026,4.34640522875817,8.410165882352953,10.96475732026142,11.27414111111114,0.43790849673202614,0.997859934640524,0.4444444444444444,1.0309501960784824,0.46405228758169936,-0.012045490196042426,0.49019607843137253,0.2322399346405196,0.46568627450980393
0.3,6,3.0,SEG3,ANY,NORMAL,80,2.6586905948820205,0.4556568896219182,4.4,5.574093249999976,8.386328250000059,9.939124499999963,0.425,0.12225550000001703,0.5125,0.20855825000002143,0.45,1.1212991250000357,0.45,1.643722000000014,0.465625
0.3,6,3.0,SEG3,HIGH_FIRST,NORMAL,80,2.6586905948820205,0.4556568896219182,4.4,5.574093249999976,8.386328250000059,9.939124499999963,0.425,0.12225550000001703,0.5125,0.20855825000002143,0.45,1.1212991250000357,0.45,1.643722000000014,0.465625
0.2,10,3.0,SEG3,HIGH_FIRST,ALL,545,18.112329677633767,0.4283995169706538,5.205504587155963,6.570680678899095,9.238273449541277,10.00709322935782,0.44770642201834865,0.5492889357798316,0.46788990825688076,0.6096250458715844,0.46055045871559636,0.6554845137614902,0.47339449541284406,0.5585615779816497,0.4655963302752294
0.2,10,0.0,SEG2_SEG3,HIGH_FIRST,QUIET,203,6.746427384513127,0.34780618506722044,5.763546798029557,2.7637799014777973,6.953003251231543,7.054004679802947,0.458128078817734,0.24398975369456982,0.46798029556650245,0.01470852216750151,0.46798029556650245,0.10751453201968786,0.458128078817734,0.6487803448275811,0.46551724137931033
0.2,12,0.0,SEG2_SEG3,HIGH_FIRST,QUIET,203,6.746427384513127,0.34780618506722044,5.763546798029557,2.7637799014777973,6.953003251231543,7.054004679802947,0.458128078817734,0.24398975369456982,0.46798029556650245,0.01470852216750151,0.46798029556650245,0.10751453201968786,0.458128078817734,0.6487803448275811,0.46551724137931033
0.35,12,3.0,SEG3,ANY,HIGH,210,6.979062811565304,0.5690851017517343,4.985714285714286,7.273287142857134,10.08467847619047,10.991493428571449,0.42857142857142855,0.9551014761904579,0.4380952380952381,1.14761104761907,0.47619047619047616,0.48478095238098096,0.4714285714285714,0.8084009523809376,0.4654761904761905
0.35,12,3.0,SEG3,HIGH_FIRST,HIGH,210,6.979062811565304,0.5690851017517343,4.985714285714286,7.273287142857134,10.08467847619047,10.991493428571449,0.42857142857142855,0.9551014761904579,0.4380952380952381,1.14761104761907,0.47619047619047616,0.48478095238098096,0.4714285714285714,0.8084009523809376,0.4654761904761905
0.2,10,3.0,SEG2_SEG3,ANY,ALL,448,14.888667331339315,0.44829211658325924,5.176339285714286,6.605761874999993,9.318299196428578,9.782790223214297,0.45535714285714285,0.41911287946428744,0.4642857142857143,0.5437084375000205,0.453125,0.4672353571428656,0.49107142857142855,-0.09747029017857958,0.46540178571428575
0.2,12,3.0,SEG2_SEG3,ANY,ALL,448,14.888667331339315,0.44829211658325924,5.176339285714286,6.605761874999993,9.318299196428578,9.782790223214297,0.45535714285714285,0.41911287946428744,0.4642857142857143,0.5437084375000205,0.453125,0.4672353571428656,0.49107142857142855,-0.09747029017857958,0.46540178571428575
0.2,8,0.0,SEG2_SEG3,ANY,QUIET,202,6.713193752077102,0.34751884874886096,5.678217821782178,2.7868506435643168,7.161885594059416,7.055444059405934,0.45544554455445546,0.24385990099009033,0.46534653465346537,-0.1763202970296874,0.46534653465346537,-0.14813054455447233,0.46534653465346537,0.29658975247524283,0.46534653465346537
0.35,10,1.0,SEG3,ANY,QUIET,101,3.356596876038551,0.4614103985695011,5.584158415841584,3.0915531683168447,6.858190792079191,7.255644554455453,0.48514851485148514,0.3112289108911151,0.49504950495049505,0.20325663366340882,0.45544554455445546,0.6770007920792235,0.45544554455445546,-0.6282966336633502,0.4653465346534653
0.35,10,1.0,SEG3,HIGH_FIRST,QUIET,101,3.356596876038551,0.4614103985695011,5.584158415841584,3.0915531683168447,6.858190792079191,7.255644554455453,0.48514851485148514,0.3112289108911151,0.49504950495049505,0.20325663366340882,0.45544554455445546,0.6770007920792235,0.45544554455445546,-0.6282966336633502,0.4653465346534653
0.35,12,1.0,SEG3,ANY,QUIET,101,3.356596876038551,0.4614103985695011,5.584158415841584,3.0915531683168447,6.858190792079191,7.255644554455453,0.48514851485148514,0.3112289108911151,0.49504950495049505,0.20325663366340882,0.45544554455445546,0.6770007920792235,0.45544554455445546,-0.6282966336633502,0.4653465346534653
0.35,12,1.0,SEG3,HIGH_FIRST,QUIET,101,3.356596876038551,0.4614103985695011,5.584158415841584,3.0915531683168447,6.858190792079191,7.255644554455453,0.48514851485148514,0.3112289108911151,0.49504950495049505,0.20325663366340882,0.45544554455445546,0.6770007920792235,0.45544554455445546,-0.6282966336633502,0.4653465346534653
0.2,6,2.0,SEG2_SEG3,ANY,NORMAL,115,3.8218677301429045,0.4218766494074484,4.695652173913044,4.91048713043474,8.725467304347852,9.101055043478237,0.4434782608695652,0.21721991304348984,0.4782608695652174,0.024110347826128576,0.46956521739130436,0.10792286956523679,0.4434782608695652,-0.5173552173912946,0.4652173913043478
0.2,6,3.0,SEG3,HIGH_FIRST,ALL,431,14.323695579926886,0.4450148040028382,4.5846867749419955,6.61456923433877,9.301581879350344,10.087132389791202,0.45243619489559167,0.6015180510440996,0.4709976798143852,0.5351575174014255,0.46403712296983757,0.4437984918793754,0.4617169373549884,0.7981654756380524,0.46519721577726214
0.2,12,3.0,SEG3,HIGH_FIRST,ALL,546,18.14556331006979,0.4292050357304752,5.216117216117216,6.568877289377302,9.211192234432229,9.999385201465222,0.4468864468864469,0.5586787362637514,0.46703296703296704,0.6187500183150438,0.4597069597069597,0.6646991575091794,0.4725274725274725,0.5679298168498161,0.46474358974358976
0.3,8,3.0,SEG3,ANY,HIGH,234,7.7766699900299106,0.5353657904267098,4.944444444444445,7.307610085470085,10.160699871794865,10.92802970085472,0.4444444444444444,0.6316414529914406,0.4444444444444444,1.0053451709401868,0.4700854700854701,0.46282756410257136,0.47435897435897434,0.6815433760683608,0.46474358974358976
0.3,8,3.0,SEG3,HIGH_FIRST,HIGH,234,7.7766699900299106,0.5353657904267098,4.944444444444445,7.307610085470085,10.160699871794865,10.92802970085472,0.4444444444444444,0.6316414529914406,0.4444444444444444,1.0053451709401868,0.4700854700854701,0.46282756410257136,0.47435897435897434,0.6815433760683608,0.46474358974358976
0.2,8,3.0,SEG2_SEG3,ANY,ALL,432,14.35692921236291,0.4495132403705874,5.030092592592593,6.650415208333325,9.41198590277779,9.923583981481487,0.4537037037037037,0.4362392361111073,0.4652777777777778,0.5496241666666806,0.4537037037037037,0.4542621759259307,0.4861111111111111,-0.0008393055555670883,0.46469907407407407
0.35,8,1.0,SEG3,ANY,QUIET,99,3.2901296111665004,0.4623943904686265,5.505050505050505,3.1259458585858773,6.870513636363615,7.29277969696971,0.494949494949495,0.28429515151517787,0.494949494949495,0.19386949494954556,0.45454545454545453,0.7275303030303234,0.45454545454545453,-0.6003370707070543,0.46464646464646464
0.35,8,1.0,SEG3,HIGH_FIRST,QUIET,99,3.2901296111665004,0.4623943904686265,5.505050505050505,3.1259458585858773,6.870513636363615,7.29277969696971,0.494949494949495,0.28429515151517787,0.494949494949495,0.19386949494954556,0.45454545454545453,0.7275303030303234,0.45454545454545453,-0.6003370707070543,0.46464646464646464
0.4,4,3.0,SEG3,ANY,ALL,106,3.5227650382186773,0.6131850579938605,3.2735849056603774,7.146736415094374,9.785166886792501,10.392332641509428,0.5,-0.000934056603785582,0.44339622641509435,0.4907356603773936,0.46226415094339623,0.6720550000000132,0.49056603773584906,0.3156992452829983,0.464622641509434
0.4,4,3.0,SEG3,HIGH_FIRST,ALL,106,3.5227650382186773,0.6131850579938605,3.2735849056603774,7.146736415094374,9.785166886792501,10.392332641509428,0.5,-0.000934056603785582,0.44339622641509435,0.4907356603773936,0.46226415094339623,0.6720550000000132,0.49056603773584906,0.3156992452829983,0.464622641509434
0.2,6,0.0,SEG2_SEG3,ANY,QUIET,141,4.685942173479561,0.34944996747520557,4.9361702127659575,3.1071285106382636,7.449288652482303,7.427639219858149,0.48936170212765956,-0.028565106383002335,0.44680851063829785,-0.12295014184397549,0.475177304964539,-0.011523475177316429,0.46099290780141844,0.3234945390071007,0.46453900709219864
0.3,8,4.0,SEG3,ANY,ALL,289,9.6045197740113,0.49772800660540667,4.83044982698962,7.492436989619388,9.881526816608993,10.305493702422151,0.4602076124567474,0.29369349480969575,0.46366782006920415,0.6274947058823918,0.4532871972318339,0.4656316608996846,0.48788927335640137,0.1580268512110876,0.46453287197231835
0.3,8,4.0,SEG3,HIGH_FIRST,ALL,289,9.6045197740113,0.49772800660540667,4.83044982698962,7.492436989619388,9.881526816608993,10.305493702422151,0.4602076124567474,0.29369349480969575,0.46366782006920415,0.6274947058823918,0.4532871972318339,0.4656316608996846,0.48788927335640137,0.1580268512110876,0.46453287197231835
0.2,10,3.0,SEG2_SEG3,HIGH_FIRST,ALL,447,14.85543369890329,0.4488304511992492,5.174496644295302,6.612414340044737,9.28526492170023,9.79141201342283,0.4541387024608501,0.43797051454138936,0.46308724832214765,0.58538158836691,0.4519015659955257,0.4844910514541481,0.4899328859060403,-0.03350313199106041,0.46420581655480986
0.2,12,3.0,SEG2_SEG3,HIGH_FIRST,ALL,447,14.85543369890329,0.4488304511992492,5.174496644295302,6.612414340044737,9.28526492170023,9.79141201342283,0.4541387024608501,0.43797051454138936,0.46308724832214765,0.58538158836691,0.4519015659955257,0.4844910514541481,0.4899328859060403,-0.03350313199106041,0.46420581655480986
0.2,6,0.0,SEG2_SEG3,HIGH_FIRST,QUIET,139,4.61947490860751,0.35116078848769666,4.942446043165468,3.1340415827337877,7.212880863309385,7.441043381294961,0.4892086330935252,0.040543381294944524,0.4460431654676259,0.098065035971218,0.4748201438848921,0.2778899280575427,0.460431654676259,0.6644769784172777,0.46402877697841727
0.1,10,3.0,SEG3,HIGH_FIRST,HIGH,354,11.764705882352942,0.43368938354894004,5.245762711864407,7.436067683615827,9.905285790960443,10.471477570621502,0.4350282485875706,0.6866258474576381,0.4548022598870056,0.8655286723164041,0.4632768361581921,0.49153418079098204,0.4745762711864407,0.3269402824858718,0.4639830508474576
0.3,8,4.0,SEG2_SEG3,ANY,ALL,249,8.275174476570289,0.5127194042523914,4.803212851405623,7.505209156626507,9.990057550200808,10.221006827309237,0.46184738955823296,0.28778489959839787,0.46586345381526106,0.5618083534136823,0.4497991967871486,0.4291594779116737,0.4899598393574297,0.16461518072289352,0.463855421686747
0.3,8,4.0,SEG2_SEG3,HIGH_FIRST,ALL,249,8.275174476570289,0.5127194042523914,4.803212851405623,7.505209156626507,9.990057550200808,10.221006827309237,0.46184738955823296,0.28778489959839787,0.46586345381526106,0.5618083534136823,0.4497991967871486,0.4291594779116737,0.4899598393574297,0.16461518072289352,0.463855421686747
0.2,8,1.0,SEG2_SEG3,HIGH_FIRST,QUIET,166,5.5167829843801925,0.3497891176942318,5.542168674698795,3.262963975903617,7.012920963855443,7.4204145180722785,0.463855421686747,0.43168126506023063,0.463855421686747,0.15289240963857192,0.4759036144578313,0.26096518072289193,0.4397590361445783,0.6098481325301176,0.4638554216867469
0.4,6,1.0,SEG3,ANY,HIGH,221,7.344632768361582,0.6194615895920242,4.497737556561086,5.702463076923065,9.510424208144803,10.14758914027151,0.45701357466063347,0.6728087330316445,0.47058823529411764,0.9573178280542939,0.45248868778280543,0.7286046606334851,0.4796380090497738,1.098668597285075,0.4638009049773756
0.4,6,1.0,SEG3,HIGH_FIRST,HIGH,221,7.344632768361582,0.6194615895920242,4.497737556561086,5.702463076923065,9.510424208144803,10.14758914027151,0.45701357466063347,0.6728087330316445,0.47058823529411764,0.9573178280542939,0.45248868778280543,0.7286046606334851,0.4796380090497738,1.098668597285075,0.4638009049773756
0.1,12,3.0,SEG2_SEG3,ANY,NORMAL,145,4.818876703223662,0.34141466157225814,5.372413793103449,5.65211910344824,8.171390344827618,10.477894551724116,0.42758620689655175,0.4118146896551856,0.46206896551724136,0.8959797931034605,0.4482758620689655,1.9075302758620793,0.496551724137931,1.0668682068965547,0.46379310344827585
0.2,8,2.0,SEG2_SEG3,HIGH_FIRST,QUIET,117,3.8883349950149553,0.34916004054668287,5.3247863247863245,3.9986445299145377,7.451730854700879,7.97993376068375,0.4700854700854701,0.3178110256410122,0.47863247863247865,0.12946923076924577,0.452991452991453,0.7761339316239212,0.4700854700854701,0.2108872649572436,0.4636752136752137
0.2,10,2.0,SEG2_SEG3,HIGH_FIRST,QUIET,117,3.8883349950149553,0.34916004054668287,5.3247863247863245,3.9986445299145377,7.451730854700879,7.97993376068375,0.4700854700854701,0.3178110256410122,0.47863247863247865,0.12946923076924577,0.452991452991453,0.7761339316239212,0.4700854700854701,0.2108872649572436,0.4636752136752137
0.2,12,2.0,SEG2_SEG3,HIGH_FIRST,QUIET,117,3.8883349950149553,0.34916004054668287,5.3247863247863245,3.9986445299145377,7.451730854700879,7.97993376068375,0.4700854700854701,0.3178110256410122,0.47863247863247865,0.12946923076924577,0.452991452991453,0.7761339316239212,0.4700854700854701,0.2108872649572436,0.4636752136752137
0.3,6,3.0,SEG3,ANY,HIGH,192,6.380857427716849,0.5586393998335354,4.442708333333333,7.410676718750021,10.160952499999985,11.023083802083365,0.4479166666666667,0.7337782291666622,0.4583333333333333,0.9532548958333749,0.4635416666666667,0.41056937500002516,0.46875,1.1334989062499876,0.4635416666666667
0.3,6,3.0,SEG3,HIGH_FIRST,HIGH,192,6.380857427716849,0.5586393998335354,4.442708333333333,7.410676718750021,10.160952499999985,11.023083802083365,0.4479166666666667,0.7337782291666622,0.4583333333333333,0.9532548958333749,0.4635416666666667,0.41056937500002516,0.46875,1.1334989062499876,0.4635416666666667
0.2,8,3.0,SEG2_SEG3,HIGH_FIRST,ALL,431,14.323695579926886,0.45007439280013456,5.027842227378191,6.657418236658925,9.37794266821347,9.932852505800469,0.45243619489559167,0.4558366589327114,0.46403712296983757,0.5928580742459526,0.45243619489559167,0.4721283526682192,0.48491879350348027,0.06572670533641455,0.4634570765661253
0.2,8,0.0,SEG2_SEG3,HIGH_FIRST,QUIET,198,6.580259222333001,0.34947624189078197,5.6767676767676765,2.813177676767647,6.929481919191929,7.1002417676767635,0.45454545454545453,0.3063671717171644,0.46464646464646464,0.05816328282829853,0.46464646464646464,0.1318126767676615,0.4595959595959596,0.6305338888888868,0.4633838383838384
0.1,10,3.0,SEG2_SEG3,HIGH_FIRST,NORMAL,143,4.752409438351612,0.3433488552642179,5.328671328671328,5.680811748251713,8.05693342657346,10.318419580419556,0.42657342657342656,0.461430349650365,0.46153846153846156,1.008503916083927,0.44755244755244755,1.7724470629370757,0.4965034965034965,1.1046130769230782,0.4632867132867133
0.1,8,3.0,SEG3,HIGH_FIRST,HIGH,339,11.266201395812562,0.435984476980937,5.07669616519174,7.513023687315647,9.997488289085538,10.561003421828937,0.4336283185840708,0.6888835988200682,0.45427728613569324,0.9032452507374816,0.4631268436578171,0.4345529498525238,0.471976401179941,0.3686402654867181,0.4631268436578171
0.4,4,4.0,SEG3,ANY,ALL,88,2.924559654370223,0.6086456548854904,3.227272727272727,7.894158409090928,10.415165454545491,10.294741818181809,0.48863636363636365,0.2823753409090893,0.4318181818181818,0.5278777272727718,0.45454545454545453,0.2720847727272929,0.5113636363636364,-1.1794154545454645,0.46306818181818177
0.4,4,4.0,SEG3,HIGH_FIRST,ALL,88,2.924559654370223,0.6086456548854904,3.227272727272727,7.894158409090928,10.415165454545491,10.294741818181809,0.48863636363636365,0.2823753409090893,0.4318181818181818,0.5278777272727718,0.45454545454545453,0.2720847727272929,0.5113636363636364,-1.1794154545454645,0.46306818181818177
0.3,10,4.0,SEG3,ANY,ALL,297,9.8703888334995,0.4971307749491454,4.946127946127946,7.444390808080817,9.835619393939387,10.198512525252536,0.45791245791245794,0.3194369360269435,0.4612794612794613,0.6073713468013884,0.4511784511784512,0.43707882154885525,0.4882154882154882,0.20284814814816615,0.462962962962963
0.3,10,4.0,SEG3,HIGH_FIRST,ALL,297,9.8703888334995,0.4971307749491454,4.946127946127946,7.444390808080817,9.835619393939387,10.198512525252536,0.45791245791245794,0.3194369360269435,0.4612794612794613,0.6073713468013884,0.4511784511784512,0.43707882154885525,0.4882154882154882,0.20284814814816615,0.462962962962963
0.1,8,3.0,SEG2_SEG3,ANY,NORMAL,134,4.453306746427384,0.34830803932703047,5.044776119402985,5.7615539552238255,8.388480671641826,10.351226791044745,0.4253731343283582,0.3265311194029912,0.4626865671641791,0.856513432835829,0.44776119402985076,1.6167444029850997,0.4925373134328358,0.8991248507462699,0.4626865671641791
0.1,12,3.0,SEG3,HIGH_FIRST,HIGH,355,11.797939514788967,0.4349133930595997,5.261971830985916,7.430856309859164,9.861755211267596,10.458314281690171,0.43380281690140843,0.7006807605633915,0.4535211267605634,0.878842281690162,0.4619718309859155,0.5061683943662181,0.4732394366197183,0.3420013521126735,0.46267605633802816
0.1,8,4.0,SEG2_SEG3,HIGH_FIRST,HIGH,233,7.743436357593885,0.447104354907186,4.901287553648069,8.509700987124466,10.299993304721033,10.677284334763973,0.4291845493562232,0.878977038626605,0.44635193133047213,1.0023605150214678,0.44635193133047213,0.35229034334765136,0.5107296137339056,-0.6117291845493569,0.46244635193133043
0.1,10,3.0,SEG3,ANY,NORMAL,193,6.414091060152875,0.3211244330894441,5.253886010362694,5.840136994818651,8.240326735751315,10.423759378238332,0.39896373056994816,0.6683080829015728,0.47150259067357514,0.6271414507772312,0.45595854922279794,1.6744882383419974,0.46632124352331605,1.3303674093264413,0.46243523316062174
0.2,6,4.0,SEG3,HIGH_FIRST,ALL,331,11.00033233632436,0.44361754266016934,4.474320241691843,7.568690966767405,9.974431087613286,10.393264350453194,0.4561933534743202,0.5597393655589381,0.4622356495468278,0.604259425981925,0.4561933534743202,0.25629809667677894,0.4743202416918429,0.22258610271904403,0.4622356495468278
0.3,10,4.0,SEG2_SEG3,ANY,ALL,257,8.541043536058492,0.51156255996023,4.937743190661479,7.4492873929961085,9.933626614785991,10.10000482490273,0.4591439688715953,0.3177190272373588,0.46303501945525294,0.540597665369681,0.4474708171206226,0.3972979377432214,0.490272373540856,0.21620747081712655,0.46206225680933855
0.3,10,4.0,SEG2_SEG3,HIGH_FIRST,ALL,257,8.541043536058492,0.51156255996023,4.937743190661479,7.4492873929961085,9.933626614785991,10.10000482490273,0.4591439688715953,0.3177190272373588,0.46303501945525294,0.540597665369681,0.4474708171206226,0.3972979377432214,0.490272373540856,0.21620747081712655,0.46206225680933855
0.3,12,4.0,SEG2_SEG3,ANY,ALL,257,8.541043536058492,0.51156255996023,4.937743190661479,7.4492873929961085,9.933626614785991,10.10000482490273,0.4591439688715953,0.3177190272373588,0.46303501945525294,0.540597665369681,0.4474708171206226,0.3972979377432214,0.490272373540856,0.21620747081712655,0.46206225680933855
0.3,12,4.0,SEG2_SEG3,HIGH_FIRST,ALL,257,8.541043536058492,0.51156255996023,4.937743190661479,7.4492873929961085,9.933626614785991,10.10000482490273,0.4591439688715953,0.3177190272373588,0.46303501945525294,0.540597665369681,0.4474708171206226,0.3972979377432214,0.490272373540856,0.21620747081712655,0.46206225680933855
0.1,6,3.0,SEG2_SEG3,HIGH_FIRST,NORMAL,112,3.7221668328348287,0.3598670302809732,4.651785714285714,5.745977053571372,8.598714553571467,9.930312232142809,0.42857142857142855,0.3589209821428767,0.4732142857142857,0.6186709821428694,0.44642857142857145,0.6507516071428735,0.48214285714285715,0.5431311607142918,0.46205357142857145
0.1,6,3.0,SEG3,ANY,HIGH,276,9.172482552342972,0.4526274329186496,4.532608695652174,7.585945797101483,9.790178840579689,10.69765072463772,0.43478260869565216,0.8864725362318973,0.4601449275362319,0.973002644927569,0.45652173913043476,0.4699596739130729,0.4746376811594203,0.49715826086956283,0.4619565217391304
0.1,8,4.0,SEG3,HIGH_FIRST,ALL,523,17.38118976404121,0.36512426388339725,5.055449330783939,7.445184321223738,9.416147609942627,10.27690321223711,0.4397705544933078,0.5916703824092018,0.45506692160611856,0.8900821223709661,0.44933078393881454,0.7550160038241261,0.4933078393881453,0.19324269598471447,0.46175908221797324
0.4,8,4.0,SEG2_SEG3,ANY,HIGH,124,4.120970422067132,0.6095523656261386,4.580645161290323,8.36598951612903,10.335688467741923,11.355671048387128,0.4274193548387097,1.1266576612903052,0.41935483870967744,1.5669459677419728,0.45161290322580644,1.027218306451639,0.5241935483870968,1.0016673387097055,0.46169354838709675
0.4,8,4.0,SEG2_SEG3,HIGH_FIRST,HIGH,124,4.120970422067132,0.6095523656261386,4.580645161290323,8.36598951612903,10.335688467741923,11.355671048387128,0.4274193548387097,1.1266576612903052,0.41935483870967744,1.5669459677419728,0.45161290322580644,1.027218306451639,0.5241935483870968,1.0016673387097055,0.46169354838709675
0.1,8,4.0,SEG3,HIGH_FIRST,NORMAL,137,4.5530076437354605,0.322457536866456,4.9416058394160585,6.700134233576671,8.721097299270077,10.570145620437946,0.40145985401459855,0.5980176642336046,0.46715328467153283,1.0210423357664589,0.43795620437956206,1.2975377372263277,0.5036496350364964,0.14129014598542744,0.4616788321167884
0.1,8,4.0,SEG3,ANY,ALL,534,17.74675972083749,0.3603733444734541,5.063670411985019,7.413044662921378,9.375033520599239,10.245955898876424,0.4400749063670412,0.5822282958801726,0.45692883895131087,0.871403970037479,0.449438202247191,0.7707783895131435,0.49063670411985016,0.16597481273409234,0.46161048689138573
0.3,12,4.0,SEG3,ANY,ALL,298,9.903622465935527,0.49837601650915875,4.966442953020135,7.438154697986588,9.783996275167778,10.183747416107392,0.4563758389261745,0.3374123825503433,0.4597315436241611,0.6240978187919892,0.44966442953020136,0.45469493288593893,0.4865771812080537,0.2212064429530397,0.4614093959731544
0.3,12,4.0,SEG3,HIGH_FIRST,ALL,298,9.903622465935527,0.49837601650915875,4.966442953020135,7.438154697986588,9.783996275167778,10.183747416107392,0.4563758389261745,0.3374123825503433,0.4597315436241611,0.6240978187919892,0.44966442953020136,0.45469493288593893,0.4865771812080537,0.2212064429530397,0.4614093959731544
0.1,10,3.0,SEG3,ANY,HIGH,361,11.997341309405117,0.42804957589457376,5.246537396121884,7.412849002770094,9.861822603878107,10.475839750692554,0.43490304709141275,0.688654099723001,0.4515235457063712,0.9043640443213466,0.4598337950138504,0.5542069252077771,0.47368421052631576,0.25027493074791923,0.46121883656509693
0.1,10,4.0,SEG3,HIGH_FIRST,QUIET,116,3.85510136257893,0.25830174843700937,5.568965517241379,5.834067413793158,7.676327672413765,8.56990482758623,0.5086206896551724,0.17066508620691115,0.46551724137931033,0.521806551724157,0.4482758620689655,1.1434995689655414,0.4827586206896552,0.8318252586206991,0.46120689655172414
0.1,12,4.0,SEG3,HIGH_FIRST,QUIET,116,3.85510136257893,0.25830174843700937,5.568965517241379,5.834067413793158,7.676327672413765,8.56990482758623,0.5086206896551724,0.17066508620691115,0.46551724137931033,0.521806551724157,0.4482758620689655,1.1434995689655414,0.4827586206896552,0.8318252586206991,0.46120689655172414
0.4,10,4.0,SEG2_SEG3,ANY,HIGH,128,4.253904951811233,0.6079163582600142,4.7265625,8.321661093749999,10.287183906249975,11.256128984375039,0.4296875,1.1430253124999794,0.4140625,1.617033671875042,0.453125,0.91588648437504,0.5234375,0.9224228906250396,0.4609375
0.4,10,4.0,SEG2_SEG3,HIGH_FIRST,HIGH,128,4.253904951811233,0.6079163582600142,4.7265625,8.321661093749999,10.287183906249975,11.256128984375039,0.4296875,1.1430253124999794,0.4140625,1.617033671875042,0.453125,0.91588648437504,0.5234375,0.9224228906250396,0.4609375
0.4,12,4.0,SEG2_SEG3,ANY,HIGH,128,4.253904951811233,0.6079163582600142,4.7265625,8.321661093749999,10.287183906249975,11.256128984375039,0.4296875,1.1430253124999794,0.4140625,1.617033671875042,0.453125,0.91588648437504,0.5234375,0.9224228906250396,0.4609375
0.4,12,4.0,SEG2_SEG3,HIGH_FIRST,HIGH,128,4.253904951811233,0.6079163582600142,4.7265625,8.321661093749999,10.287183906249975,11.256128984375039,0.4296875,1.1430253124999794,0.4140625,1.617033671875042,0.453125,0.91588648437504,0.5234375,0.9224228906250396,0.4609375
0.1,10,4.0,SEG2_SEG3,HIGH_FIRST,HIGH,243,8.075772681954138,0.444718189489547,5.074074074074074,8.422755596707814,10.296898436213992,10.520031399176986,0.43209876543209874,0.8145704526748947,0.4444444444444444,0.8974631275720262,0.4444444444444444,0.30442477366256937,0.5102880658436214,-0.5796196296296255,0.4609053497942387
0.1,12,4.0,SEG2_SEG3,HIGH_FIRST,HIGH,243,8.075772681954138,0.444718189489547,5.074074074074074,8.422755596707814,10.296898436213992,10.520031399176986,0.43209876543209874,0.8145704526748947,0.4444444444444444,0.8974631275720262,0.4444444444444444,0.30442477366256937,0.5102880658436214,-0.5796196296296255,0.4609053497942387
0.2,6,4.0,SEG3,ANY,ALL,332,11.033565968760385,0.4429296169068403,4.478915662650603,7.567265873494009,9.94827430722891,10.414374909638575,0.45481927710843373,0.570829879518098,0.4608433734939759,0.6075221686747485,0.45481927710843373,0.30633674698799357,0.47289156626506024,0.23337801204820197,0.46084337349397586
0.35,8,4.0,SEG3,ANY,HIGH,159,5.284147557328016,0.565960086880145,4.6918238993710695,8.381687295597478,10.694115408805025,11.431619056603799,0.42138364779874216,1.122152641509434,0.42138364779874216,1.2625469811321082,0.46540880503144655,0.3182796226415464,0.49056603773584906,0.18013553459118528,0.460691823899371
0.35,8,4.0,SEG3,HIGH_FIRST,HIGH,159,5.284147557328016,0.565960086880145,4.6918238993710695,8.381687295597478,10.694115408805025,11.431619056603799,0.42138364779874216,1.122152641509434,0.42138364779874216,1.2625469811321082,0.46540880503144655,0.3182796226415464,0.49056603773584906,0.18013553459118528,0.460691823899371
0.2,6,2.0,SEG2_SEG3,HIGH_FIRST,NORMAL,114,3.7886340977068795,0.4237557731457967,4.684210526315789,4.921700964912241,8.590737894736872,9.128881403508746,0.43859649122807015,0.2893907017544,0.47368421052631576,0.18295508771933655,0.4649122807017544,0.17243149122809323,0.43859649122807015,-0.27021982456139676,0.4605263157894737
0.1,8,4.0,SEG3,ANY,NORMAL,139,4.61947490860751,0.3201035655034391,4.9496402877697845,6.684788057553989,8.668190287769791,10.561301942446036,0.4028776978417266,0.6031764028777302,0.4676258992805755,0.9995047482014722,0.43884892086330934,1.3609630215827886,0.49640287769784175,0.17706007194247314,0.460431654676259
0.4,6,4.0,SEG3,ANY,HIGH,120,3.988035892323031,0.6096396516522016,4.258333333333334,8.417427250000006,10.49322066666665,11.262367000000037,0.425,1.2778862499999795,0.4166666666666667,1.5899779166667145,0.45,0.7198531666666971,0.525,0.44983633333335243,0.4604166666666667
0.4,6,4.0,SEG3,HIGH_FIRST,HIGH,120,3.988035892323031,0.6096396516522016,4.258333333333334,8.417427250000006,10.49322066666665,11.262367000000037,0.425,1.2778862499999795,0.4166666666666667,1.5899779166667145,0.45,0.7198531666666971,0.525,0.44983633333335243,0.4604166666666667
0.4,6,3.0,SEG3,ANY,HIGH,151,5.018278497839814,0.6151466841192874,4.377483443708609,7.4104034437086135,9.859173178807945,11.065149403973534,0.44370860927152317,0.8811650993377151,0.44370860927152317,1.3393447019867826,0.45695364238410596,1.00758761589405,0.48344370860927155,1.8408164238410563,0.4602649006622517
0.4,6,3.0,SEG3,HIGH_FIRST,HIGH,151,5.018278497839814,0.6151466841192874,4.377483443708609,7.4104034437086135,9.859173178807945,11.065149403973534,0.44370860927152317,0.8811650993377151,0.44370860927152317,1.3393447019867826,0.45695364238410596,1.00758761589405,0.48344370860927155,1.8408164238410563,0.4602649006622517
0.1,8,3.0,SEG3,ANY,HIGH,346,11.498836822864739,0.43005373646865314,5.08092485549133,7.487241502890189,9.95027549132947,10.563743497109856,0.43352601156069365,0.6909541040462502,0.4508670520231214,0.9430011849711137,0.4595375722543353,0.5010955202312297,0.47109826589595377,0.2878076300577967,0.4602601156069364
0.1,12,3.0,SEG2_SEG3,HIGH_FIRST,NORMAL,144,4.785643070787637,0.3423435373940395,5.368055555555555,5.666146944444411,8.060881805555589,10.509485138888866,0.4236111111111111,0.47030125000001516,0.4583333333333333,1.0277865277777873,0.4444444444444444,1.9710968750000133,0.4930555555555556,1.2735186111111116,0.4600694444444444
0.1,12,3.0,SEG3,ANY,NORMAL,194,6.4473246925889,0.32049277664031567,5.283505154639175,5.828430515463916,8.242312164948473,10.565038247422672,0.39690721649484534,0.6738262886598121,0.4690721649484536,0.6434201030928115,0.4536082474226804,1.8224445876288948,0.4639175257731959,1.4545769072165105,0.4600515463917526
0.4,10,3.0,SEG3,ANY,HIGH,175,5.81588567630442,0.6058412224327427,4.8342857142857145,7.343925485714281,9.783052571428565,11.011354628571452,0.4342857142857143,0.9162822857142471,0.4228571428571429,1.4369423428571644,0.4685714285714286,1.0759709142857277,0.48,1.7813938857142888,0.46
0.4,10,3.0,SEG3,HIGH_FIRST,HIGH,175,5.81588567630442,0.6058412224327427,4.8342857142857145,7.343925485714281,9.783052571428565,11.011354628571452,0.4342857142857143,0.9162822857142471,0.4228571428571429,1.4369423428571644,0.4685714285714286,1.0759709142857277,0.48,1.7813938857142888,0.46
0.1,12,3.0,SEG3,ANY,HIGH,362,12.030574941841143,0.429265496292194,5.262430939226519,7.407802541436476,9.819253839778996,10.462918950276276,0.43370165745856354,0.7024316298342637,0.45027624309392267,0.9173129281768138,0.4585635359116022,0.5683850276243296,0.4723756906077348,0.2652565469613241,0.45994475138121543
0.3,8,4.0,SEG2_SEG3,ANY,HIGH,162,5.383848454636092,0.5481841458580701,4.777777777777778,8.369154320987654,10.622798395061727,10.854442654321009,0.4444444444444444,0.7502532098765327,0.4382716049382716,0.9316201234568112,0.4506172839506173,0.26314876543211474,0.5,0.11500876543209135,0.45987654320987653
0.3,8,4.0,SEG2_SEG3,HIGH_FIRST,HIGH,162,5.383848454636092,0.5481841458580701,4.777777777777778,8.369154320987654,10.622798395061727,10.854442654321009,0.4444444444444444,0.7502532098765327,0.4382716049382716,0.9316201234568112,0.4506172839506173,0.26314876543211474,0.5,0.11500876543209135,0.45987654320987653
0.2,10,3.0,SEG2_SEG3,ANY,NORMAL,112,3.7221668328348287,0.39751494878031945,5.196428571428571,5.55018526785709,8.352563928571458,9.812927410714277,0.4107142857142857,0.5955998214285907,0.45535714285714285,0.5510080357143262,0.45535714285714285,1.0520214285714522,0.4732142857142857,0.23783607142857882,0.4598214285714286
0.2,12,3.0,SEG2_SEG3,ANY,NORMAL,112,3.7221668328348287,0.39751494878031945,5.196428571428571,5.55018526785709,8.352563928571458,9.812927410714277,0.4107142857142857,0.5955998214285907,0.45535714285714285,0.5510080357143262,0.45535714285714285,1.0520214285714522,0.4732142857142857,0.23783607142857882,0.4598214285714286
0.35,8,1.0,SEG2_SEG3,ANY,QUIET,74,2.459288800265869,0.4643752068183573,5.5,3.2711591891892553,6.700637027026982,7.230898648648641,0.5,0.34096364864869333,0.5,-0.03501986486478288,0.4594594594594595,0.6183867567567816,0.4189189189189189,-0.8616898648648461,0.45945945945945943
0.35,8,1.0,SEG2_SEG3,HIGH_FIRST,QUIET,74,2.459288800265869,0.4643752068183573,5.5,3.2711591891892553,6.700637027026982,7.230898648648641,0.5,0.34096364864869333,0.5,-0.03501986486478288,0.4594594594594595,0.6183867567567816,0.4189189189189189,-0.8616898648648461,0.45945945945945943
0.4,8,0.0,SEG3,ANY,QUIET,86,2.858092389498172,0.4915882101745017,5.5,2.68131220930232,6.285347674418571,6.592188255813997,0.5,-0.08186197674415802,0.4883720930232558,0.2173608139535296,0.4418604651162791,0.5555982558139635,0.46511627906976744,-0.42351953488371186,0.45930232558139533
0.4,8,0.0,SEG3,HIGH_FIRST,QUIET,86,2.858092389498172,0.4915882101745017,5.5,2.68131220930232,6.285347674418571,6.592188255813997,0.5,-0.08186197674415802,0.4883720930232558,0.2173608139535296,0.4418604651162791,0.5555982558139635,0.46511627906976744,-0.42351953488371186,0.45930232558139533
0.2,6,3.0,SEG2_SEG3,ANY,ALL,354,11.764705882352942,0.46653558976402204,4.553672316384181,6.698069180790961,9.418551158192102,9.934072824858767,0.4576271186440678,0.4285430508474577,0.4661016949152542,0.4792467231638696,0.4463276836158192,0.3286789548022666,0.4774011299435028,0.24627884180790588,0.4590395480225989
0.1,8,3.0,SEG3,ANY,NORMAL,183,6.0817547357926225,0.32428278694025076,5.038251366120218,5.919161092896162,8.405537540983628,10.477525136612007,0.39344262295081966,0.6271275409836199,0.46994535519125685,0.5993400546448346,0.453551912568306,1.6044049726776364,0.45901639344262296,1.3550533333333485,0.45901639344262296
0.1,8,3.0,SEG2_SEG3,HIGH_FIRST,NORMAL,133,4.420073113991359,0.34936556937282964,5.037593984962406,5.777564812030023,8.270464586466204,10.38447774436087,0.42105263157894735,0.3892136842105345,0.45864661654135336,0.9989247368421104,0.44360902255639095,1.6833820300752163,0.48872180451127817,1.1216054135338334,0.45864661654135336
0.3,10,4.0,SEG2_SEG3,ANY,HIGH,169,5.616483881688269,0.5447510609471529,4.958579881656805,8.267717514792896,10.565443254437861,10.678067100591742,0.4437869822485207,0.7618837278106405,0.4378698224852071,0.8677794674556467,0.44970414201183434,0.2237453254438097,0.4970414201183432,0.200544319526625,0.45857988165680474
0.3,10,4.0,SEG2_SEG3,HIGH_FIRST,HIGH,169,5.616483881688269,0.5447510609471529,4.958579881656805,8.267717514792896,10.565443254437861,10.678067100591742,0.4437869822485207,0.7618837278106405,0.4378698224852071,0.8677794674556467,0.44970414201183434,0.2237453254438097,0.4970414201183432,0.200544319526625,0.45857988165680474
0.3,12,4.0,SEG2_SEG3,ANY,HIGH,169,5.616483881688269,0.5447510609471529,4.958579881656805,8.267717514792896,10.565443254437861,10.678067100591742,0.4437869822485207,0.7618837278106405,0.4378698224852071,0.8677794674556467,0.44970414201183434,0.2237453254438097,0.4970414201183432,0.200544319526625,0.45857988165680474
0.3,12,4.0,SEG2_SEG3,HIGH_FIRST,HIGH,169,5.616483881688269,0.5447510609471529,4.958579881656805,8.267717514792896,10.565443254437861,10.678067100591742,0.4437869822485207,0.7618837278106405,0.4378698224852071,0.8677794674556467,0.44970414201183434,0.2237453254438097,0.4970414201183432,0.200544319526625,0.45857988165680474
0.1,8,4.0,SEG3,HIGH_FIRST,HIGH,276,9.172482552342972,0.42657524515394274,4.9855072463768115,8.437527898550737,10.396779166666656,10.867105797101475,0.42391304347826086,0.7800646376811765,0.4384057971014493,1.014208768115967,0.4528985507246377,0.4001497101449552,0.4891304347826087,0.04904282608695509,0.4583333333333333
0.2,8,4.0,SEG2_SEG3,ANY,HIGH,204,6.779661016949152,0.48841732100913565,4.877450980392157,8.55675098039215,10.557879607843146,10.80745279411767,0.44607843137254904,0.7152814705882297,0.44607843137254904,0.9076152450980552,0.4362745098039216,0.4143579411764837,0.5147058823529411,-0.42707524509805184,0.4583333333333333
0.2,8,4.0,SEG2_SEG3,HIGH_FIRST,HIGH,204,6.779661016949152,0.48841732100913565,4.877450980392157,8.55675098039215,10.557879607843146,10.80745279411767,0.44607843137254904,0.7152814705882297,0.44607843137254904,0.9076152450980552,0.4362745098039216,0.4143579411764837,0.5147058823529411,-0.42707524509805184,0.4583333333333333
0.1,8,4.0,SEG2_SEG3,ANY,HIGH,238,7.909604519774011,0.4406360176150324,4.899159663865547,8.470128865546224,10.19362415966387,10.69189621848742,0.42857142857142855,0.9112252941176409,0.4411764705882353,1.100520798319333,0.4411764705882353,0.49971445378152085,0.5084033613445378,-0.5772229831932809,0.4579831932773109
0.2,8,3.0,SEG2_SEG3,ANY,NORMAL,107,3.5559986706547027,0.3994618924117883,5.009345794392523,5.613914766355074,8.506764579439295,10.003171121495305,0.411214953271028,0.6545804672897231,0.45794392523364486,0.5643089719626438,0.45794392523364486,1.0252356074766606,0.45794392523364486,0.6587681308411261,0.45794392523364486
0.1,10,4.0,SEG3,HIGH_FIRST,NORMAL,142,4.719175805915587,0.3200848026023595,5.091549295774648,6.653759507042295,8.54991887323944,10.70973795774648,0.4014084507042254,0.7069292957746839,0.4647887323943662,1.1412781690141247,0.4295774647887324,1.4942520422535663,0.5070422535211268,0.4518807042253857,0.45774647887323944
0.1,12,4.0,SEG3,HIGH_FIRST,NORMAL,142,4.719175805915587,0.3200848026023595,5.091549295774648,6.653759507042295,8.54991887323944,10.70973795774648,0.4014084507042254,0.7069292957746839,0.4647887323943662,1.1412781690141247,0.4295774647887324,1.4942520422535663,0.5070422535211268,0.4518807042253857,0.45774647887323944
0.2,6,4.0,SEG2_SEG3,ANY,ALL,272,9.03954802259887,0.4669649173874981,4.4338235294117645,7.670840992647074,10.02278408088237,10.137944117647068,0.45955882352941174,0.3950784191176574,0.45955882352941174,0.6117912867647469,0.4411764705882353,0.07417525735295986,0.4889705882352941,-0.1430238970588224,0.4577205882352941
0.2,6,4.0,SEG2_SEG3,HIGH_FIRST,ALL,272,9.03954802259887,0.4669649173874981,4.4338235294117645,7.670840992647074,10.02278408088237,10.137944117647068,0.45955882352941174,0.3950784191176574,0.45955882352941174,0.6117912867647469,0.4411764705882353,0.07417525735295986,0.4889705882352941,-0.1430238970588224,0.4577205882352941
0.2,6,1.0,SEG2_SEG3,ANY,QUIET,124,4.120970422067132,0.3480883433014125,4.903225806451613,3.4621764516128906,7.5627767741935905,7.590206290322576,0.5080645161290323,0.11268435483868283,0.45161290322580644,-0.030655403225805896,0.46774193548387094,0.057757903225801634,0.4435483870967742,0.5047730645161254,0.4576612903225806
0.2,6,3.0,SEG2_SEG3,HIGH_FIRST,ALL,353,11.731472249916916,0.4672689581677849,4.54957507082153,6.706754617563742,9.377004220963185,9.945419065155816,0.45609065155807366,0.45244898016997254,0.46458923512747874,0.531834362606259,0.4447592067988669,0.3501371388102062,0.47592067988668557,0.3282535410764825,0.45750708215297453
0.1,10,3.0,SEG3,HIGH_FIRST,NORMAL,188,6.247922897972749,0.32514229273423134,5.25531914893617,5.877192765957448,8.262645957446825,10.526141117021265,0.39893617021276595,0.7072012765957623,0.46808510638297873,0.7330973936170504,0.44680851063829785,1.7018798404255613,0.46808510638297873,1.4812042021276768,0.4574468085106383
0.2,8,4.0,SEG3,ANY,HIGH,235,7.809903622465936,0.47364020539922835,4.923404255319149,8.511355276595749,10.668020553191479,11.088559744680877,0.44680851063829785,0.6234239148936331,0.4340425531914894,1.0079949787234348,0.44680851063829785,0.34089391489364296,0.502127659574468,-0.08791055319150357,0.45744680851063824
0.2,8,4.0,SEG3,HIGH_FIRST,HIGH,235,7.809903622465936,0.47364020539922835,4.923404255319149,8.511355276595749,10.668020553191479,11.088559744680877,0.44680851063829785,0.6234239148936331,0.4340425531914894,1.0079949787234348,0.44680851063829785,0.34089391489364296,0.502127659574468,-0.08791055319150357,0.45744680851063824
0.4,12,3.0,SEG3,ANY,HIGH,176,5.849119308740446,0.6073319698043358,4.869318181818182,7.333937443181815,9.695943920454539,10.981736193181838,0.4318181818181818,0.9433268181817802,0.42045454545454547,1.4605498295454786,0.4659090909090909,1.1021681250000122,0.4772727272727273,1.8035088068181877,0.45738636363636365
0.4,12,3.0,SEG3,HIGH_FIRST,HIGH,176,5.849119308740446,0.6073319698043358,4.869318181818182,7.333937443181815,9.695943920454539,10.981736193181838,0.4318181818181818,0.9433268181817802,0.42045454545454547,1.4605498295454786,0.4659090909090909,1.1021681250000122,0.4772727272727273,1.8035088068181877,0.45738636363636365
0.4,8,3.0,SEG3,ANY,HIGH,170,5.649717514124294,0.6057303087203308,4.705882352941177,7.378757823529406,9.855842882352945,11.142803647058837,0.4294117647058823,0.9050061764705494,0.4235294117647059,1.4058088235294262,0.4647058823529412,1.167912647058823,0.4764705882352941,1.8702824705882288,0.45735294117647063
0.4,8,3.0,SEG3,HIGH_FIRST,HIGH,170,5.649717514124294,0.6057303087203308,4.705882352941177,7.378757823529406,9.855842882352945,11.142803647058837,0.4294117647058823,0.9050061764705494,0.4235294117647059,1.4058088235294262,0.4647058823529412,1.167912647058823,0.4764705882352941,1.8702824705882288,0.45735294117647063
0.1,10,4.0,SEG3,HIGH_FIRST,ALL,545,18.112329677633767,0.3620522032458111,5.220183486238532,7.379719486238558,9.319102036697236,10.285906862385342,0.43669724770642204,0.6176652477064444,0.44954128440366975,0.9090181467890184,0.44403669724770645,0.8551812293578324,0.4917431192660551,0.38723979816515,0.4573394495412844
0.35,10,4.0,SEG3,ANY,HIGH,164,5.450315719508143,0.5646026884463219,4.829268292682927,8.328409634146336,10.60509103658535,11.317089939024422,0.42073170731707316,1.1324264634146313,0.4146341463414634,1.3035551219512571,0.4634146341463415,0.28077798780492597,0.4878048780487805,0.17611347560975402,0.4573170731707317
0.35,10,4.0,SEG3,HIGH_FIRST,HIGH,164,5.450315719508143,0.5646026884463219,4.829268292682927,8.328409634146336,10.60509103658535,11.317089939024422,0.42073170731707316,1.1324264634146313,0.4146341463414634,1.3035551219512571,0.4634146341463415,0.28077798780492597,0.4878048780487805,0.17611347560975402,0.4573170731707317
0.1,10,4.0,SEG3,ANY,ALL,556,18.47789963443004,0.3575500480337676,5.224820143884892,7.350146708633121,9.281534730215816,10.256005953237432,0.4370503597122302,0.6080824820144096,0.45143884892086333,0.8907044244604561,0.4442446043165468,0.8683382374101065,0.4892086330935252,0.35721278776979565,0.45728417266187055
0.1,6,3.0,SEG2_SEG3,HIGH_FIRST,QUIET,81,2.691924227318046,0.2961464162780976,4.777777777777778,5.00400308641976,7.49353654320988,7.216550493827134,0.5308641975308642,-0.5253712345679055,0.4691358024691358,-0.1952828395061642,0.43209876543209874,0.24301888888885514,0.49382716049382713,-0.4345613580247141,0.4567901234567901
0.1,10,4.0,SEG2_SEG3,ANY,HIGH,248,8.241940844134264,0.43855878042323915,5.068548387096774,8.38653205645161,10.194880766129032,10.537224516129063,0.4314516129032258,0.8468168951612861,0.43951612903225806,0.9937802016129097,0.43951612903225806,0.44686939516130464,0.5080645161290323,-0.5471521774193536,0.4566532258064516
0.1,12,4.0,SEG2_SEG3,ANY,HIGH,248,8.241940844134264,0.43855878042323915,5.068548387096774,8.38653205645161,10.194880766129032,10.537224516129063,0.4314516129032258,0.8468168951612861,0.43951612903225806,0.9937802016129097,0.43951612903225806,0.44686939516130464,0.5080645161290323,-0.5471521774193536,0.4566532258064516
0.1,10,4.0,SEG3,ANY,NORMAL,144,4.785643070787637,0.317845520998671,5.097222222222222,6.639590277777823,8.501226388888893,10.69926256944445,0.4027777777777778,0.7103962500000401,0.4652777777777778,1.1188184722222603,0.4305555555555556,1.5527429166667162,0.5,0.4820948611111457,0.4565972222222222
0.1,12,4.0,SEG3,ANY,NORMAL,144,4.785643070787637,0.317845520998671,5.097222222222222,6.639590277777823,8.501226388888893,10.69926256944445,0.4027777777777778,0.7103962500000401,0.4652777777777778,1.1188184722222603,0.4305555555555556,1.5527429166667162,0.5,0.4820948611111457,0.4565972222222222
0.1,8,4.0,SEG3,ANY,HIGH,282,9.371884346959122,0.42045852245207244,4.99290780141844,8.399155886524838,10.353497517730487,10.859203404255346,0.425531914893617,0.7619043971631362,0.43617021276595747,1.0540632978723623,0.450354609929078,0.4422004964539275,0.48936170212765956,-0.04515003546099567,0.45656028368794327
0.1,12,4.0,SEG3,HIGH_FIRST,ALL,546,18.14556331006979,0.36297923723223485,5.230769230769231,7.376434340659367,9.29187278388277,10.277688186813208,0.4358974358974359,0.6269298168498393,0.44871794871794873,0.9175947802198086,0.4432234432234432,0.8640301282051619,0.4908424908424908,0.3969218131868264,0.4565018315018315
0.1,12,4.0,SEG3,ANY,ALL,557,18.511133266866068,0.3584668572111453,5.235188509874327,7.3469795332136725,9.254910664272881,10.248003267504512,0.4362657091561939,0.6171812926391596,0.4506283662477558,0.8991445601436517,0.44344703770197486,0.87698876122086,0.4883303411131059,0.3667575044883427,0.45646319569120286
0.1,10,4.0,SEG3,HIGH_FIRST,HIGH,287,9.538052509139249,0.42475054348689534,5.142857142857143,8.363628745644606,10.363651986062704,10.769782195121982,0.4250871080139373,0.7541688153310292,0.4355400696864111,0.9506056794425334,0.44947735191637633,0.4224530662021233,0.4878048780487805,0.1755641114982609,0.45557491289198604
0.1,6,3.0,SEG2_SEG3,ANY,QUIET,84,2.7916251246261217,0.29125525032186456,4.773809523809524,4.968411190476207,7.32497357142857,7.339297261904746,0.5119047619047619,-0.29249095238095013,0.4642857142857143,0.05261440476192006,0.42857142857142855,0.3578704761904527,0.5,-0.5257544047619127,0.45535714285714285
0.1,12,3.0,SEG3,HIGH_FIRST,NORMAL,189,6.281156530408774,0.32447266728039165,5.285714285714286,5.864980529100531,8.264565820105837,10.670615820105809,0.3968253968253968,0.7126596825396999,0.4656084656084656,0.7492460846561125,0.4444444444444444,1.8536054497354795,0.4656084656084656,1.6079015873016038,0.455026455026455
0.2,10,3.0,SEG2_SEG3,HIGH_FIRST,NORMAL,111,3.688933200398804,0.39922538486630665,5.1891891891891895,5.567465225225177,8.210833693693727,9.847919099099087,0.40540540540540543,0.6731300000000219,0.45045045045045046,0.7188927027027397,0.45045045045045046,1.1267789189189463,0.46846846846846846,0.4984543243243287,0.45495495495495497
0.2,12,3.0,SEG2_SEG3,HIGH_FIRST,NORMAL,111,3.688933200398804,0.39922538486630665,5.1891891891891895,5.567465225225177,8.210833693693727,9.847919099099087,0.40540540540540543,0.6731300000000219,0.45045045045045046,0.7188927027027397,0.45045045045045046,1.1267789189189463,0.46846846846846846,0.4984543243243287,0.45495495495495497
0.1,8,4.0,SEG2_SEG3,HIGH_FIRST,ALL,409,13.59255566633433,0.39269226444741523,4.985330073349633,7.48766975550123,9.333398753056242,10.352012689486559,0.4449877750611247,0.5135473594132147,0.4474327628361858,1.061496088019573,0.4352078239608802,0.8863711735941456,0.5012224938875306,0.23090789731051595,0.4547677261613692
0.35,12,4.0,SEG3,ANY,HIGH,165,5.483549351944167,0.5664427494850298,4.866666666666666,8.311789151515148,10.507193090909077,11.283644000000029,0.41818181818181815,1.1599639999999978,0.4121212121212121,1.3295448484848886,0.46060606060606063,0.3135410303030767,0.48484848484848486,0.20943169696969782,0.4545454545454546
0.35,12,4.0,SEG3,HIGH_FIRST,HIGH,165,5.483549351944167,0.5664427494850298,4.866666666666666,8.311789151515148,10.507193090909077,11.283644000000029,0.41818181818181815,1.1599639999999978,0.4121212121212121,1.3295448484848886,0.46060606060606063,0.3135410303030767,0.48484848484848486,0.20943169696969782,0.4545454545454546
0.2,10,4.0,SEG2_SEG3,ANY,HIGH,213,7.07876370887338,0.485177730295524,5.056338028169014,8.470720469483556,10.477798732394369,10.654120845070453,0.4460093896713615,0.7043449295774608,0.4413145539906103,0.8939973708920383,0.431924882629108,0.4297835680751372,0.5117370892018779,-0.3301230985915564,0.454225352112676
0.2,10,4.0,SEG2_SEG3,HIGH_FIRST,HIGH,213,7.07876370887338,0.485177730295524,5.056338028169014,8.470720469483556,10.477798732394369,10.654120845070453,0.4460093896713615,0.7043449295774608,0.4413145539906103,0.8939973708920383,0.431924882629108,0.4297835680751372,0.5117370892018779,-0.3301230985915564,0.454225352112676
0.2,12,4.0,SEG2_SEG3,ANY,HIGH,213,7.07876370887338,0.485177730295524,5.056338028169014,8.470720469483556,10.477798732394369,10.654120845070453,0.4460093896713615,0.7043449295774608,0.4413145539906103,0.8939973708920383,0.431924882629108,0.4297835680751372,0.5117370892018779,-0.3301230985915564,0.454225352112676
0.2,12,4.0,SEG2_SEG3,HIGH_FIRST,HIGH,213,7.07876370887338,0.485177730295524,5.056338028169014,8.470720469483556,10.477798732394369,10.654120845070453,0.4460093896713615,0.7043449295774608,0.4413145539906103,0.8939973708920383,0.431924882629108,0.4297835680751372,0.5117370892018779,-0.3301230985915564,0.454225352112676
0.4,10,0.0,SEG3,ANY,QUIET,87,2.8913260219341974,0.49135074585670674,5.551724137931035,2.665695287356315,6.22808873563215,6.603979770114986,0.4942528735632184,-0.04355666666663836,0.4827586206896552,0.2606679310345227,0.4367816091954023,0.5771779310344943,0.45977011494252873,-0.31249862068964296,0.4540229885057472
0.4,10,0.0,SEG3,HIGH_FIRST,QUIET,87,2.8913260219341974,0.49135074585670674,5.551724137931035,2.665695287356315,6.22808873563215,6.603979770114986,0.4942528735632184,-0.04355666666663836,0.4827586206896552,0.2606679310345227,0.4367816091954023,0.5771779310344943,0.45977011494252873,-0.31249862068964296,0.4540229885057472
0.4,12,0.0,SEG3,ANY,QUIET,87,2.8913260219341974,0.49135074585670674,5.551724137931035,2.665695287356315,6.22808873563215,6.603979770114986,0.4942528735632184,-0.04355666666663836,0.4827586206896552,0.2606679310345227,0.4367816091954023,0.5771779310344943,0.45977011494252873,-0.31249862068964296,0.4540229885057472
0.4,12,0.0,SEG3,HIGH_FIRST,QUIET,87,2.8913260219341974,0.49135074585670674,5.551724137931035,2.665695287356315,6.22808873563215,6.603979770114986,0.4942528735632184,-0.04355666666663836,0.4827586206896552,0.2606679310345227,0.4367816091954023,0.5771779310344943,0.45977011494252873,-0.31249862068964296,0.4540229885057472
0.1,12,4.0,SEG3,HIGH_FIRST,HIGH,288,9.571286141575275,0.4262903428492087,5.163194444444445,8.353984305555564,10.308402951388876,10.752520833333362,0.4236111111111111,0.77125892361113,0.4340277777777778,0.9667211458333596,0.4479166666666667,0.44073163194447634,0.4861111111111111,0.19465458333333807,0.4539930555555556
0.1,10,4.0,SEG3,ANY,HIGH,293,9.7374543037554,0.4189008247431235,5.146757679180888,8.328210614334479,10.322673617747427,10.764169453924946,0.42662116040955633,0.7372206484641811,0.4334470989761092,0.9902664163822742,0.447098976109215,0.46246843003416144,0.4880546075085324,0.08231662116041125,0.4539249146757679
0.1,8,4.0,SEG2_SEG3,ANY,NORMAL,103,3.4230641409106015,0.34361358125935076,4.961165048543689,6.44712097087377,8.38953757281557,11.093915825242684,0.42718446601941745,0.3584974757281777,0.44660194174757284,1.5527334951456377,0.42718446601941745,2.0284274757281864,0.5145631067961165,1.0318670873786457,0.45388349514563103
0.1,8,4.0,SEG2_SEG3,HIGH_FIRST,NORMAL,103,3.4230641409106015,0.34361358125935076,4.961165048543689,6.44712097087377,8.38953757281557,11.093915825242684,0.42718446601941745,0.3584974757281777,0.44660194174757284,1.5527334951456377,0.42718446601941745,2.0284274757281864,0.5145631067961165,1.0318670873786457,0.45388349514563103
0.1,8,3.0,SEG3,HIGH_FIRST,NORMAL,178,5.9155865736124955,0.32861508684179036,5.033707865168539,5.960518426966281,8.4337514044944,10.587168932584252,0.39325842696629215,0.6670489887640573,0.46629213483146065,0.710467640449464,0.4438202247191011,1.631366797752851,0.4606741573033708,1.5150575280899037,0.4536516853932584
0.2,10,3.0,SEG3,ANY,NORMAL,145,4.818876703223662,0.37745821104722216,5.117241379310345,5.736053310344816,8.274315793103478,10.087641448275857,0.38620689655172413,0.8229709655172694,0.47586206896551725,0.40939000000003817,0.4482758620689655,1.351340000000029,0.4413793103448276,1.163401793103464,0.453448275862069
0.2,12,3.0,SEG3,ANY,NORMAL,145,4.818876703223662,0.37745821104722216,5.117241379310345,5.736053310344816,8.274315793103478,10.087641448275857,0.38620689655172413,0.8229709655172694,0.47586206896551725,0.40939000000003817,0.4482758620689655,1.351340000000029,0.4413793103448276,1.163401793103464,0.453448275862069
0.2,6,1.0,SEG2_SEG3,HIGH_FIRST,QUIET,123,4.087736789631107,0.3488209927402042,4.9105691056910565,3.470699105691053,7.240639837398414,7.6419934959349565,0.5040650406504065,0.2209662601625777,0.44715447154471544,0.24661373983739823,0.4634146341463415,0.40683544715446673,0.43902439024390244,0.9172002439024395,0.4532520325203252
0.1,8,4.0,SEG2_SEG3,ANY,ALL,415,13.791957460950481,0.38895462765354555,4.980722891566265,7.469896506024106,9.268415975903622,10.349211566265065,0.4433734939759036,0.5398632530120595,0.4457831325301205,1.1121214698795299,0.43373493975903615,0.9569650602409758,0.4987951807228916,0.2500779759036159,0.4530120481927711
0.2,8,3.0,SEG2_SEG3,HIGH_FIRST,NORMAL,106,3.5227650382186773,0.4012713768379774,5.0,5.632611037735786,8.35980367924533,10.041608113207522,0.4056603773584906,0.7363241509434022,0.4528301886792453,0.7402382075471932,0.4528301886792453,1.1032666981132369,0.4528301886792453,0.9356507547169824,0.4528301886792453
0.1,10,4.0,SEG2_SEG3,HIGH_FIRST,ALL,428,14.22399468261881,0.3888134887816985,5.168224299065421,7.414701401869165,9.26760149532711,10.34313820093459,0.4439252336448598,0.5295845794392634,0.4439252336448598,1.0513344158878641,0.4322429906542056,0.9517873130841272,0.5023364485981309,0.35990158878505063,0.4526869158878505
0.1,12,4.0,SEG2_SEG3,HIGH_FIRST,ALL,428,14.22399468261881,0.3888134887816985,5.168224299065421,7.414701401869165,9.26760149532711,10.34313820093459,0.4439252336448598,0.5295845794392634,0.4439252336448598,1.0513344158878641,0.4322429906542056,0.9517873130841272,0.5023364485981309,0.35990158878505063,0.4526869158878505
0.1,12,4.0,SEG3,ANY,HIGH,294,9.770687936191425,0.4204290966311848,5.166666666666667,8.318883469387766,10.268691496598628,10.747279455782344,0.42517006802721086,0.7540196258503576,0.43197278911564624,1.0059180952381184,0.445578231292517,0.4802378571428881,0.48639455782312924,0.1013346598639489,0.4523809523809524
0.2,8,4.0,SEG3,HIGH_FIRST,ALL,402,13.359920239282154,0.4292404362036136,4.95771144278607,7.5874596019900755,9.792740323383079,10.581701542288576,0.4502487562189055,0.5417656965174383,0.4502487562189055,0.8356364676617285,0.4427860696517413,0.7288939800995382,0.472636815920398,0.5167910696517464,0.4521144278606965
0.2,10,4.0,SEG3,ANY,HIGH,245,8.142239946826187,0.4705657318431297,5.093877551020408,8.434649877551019,10.561460040816312,10.993733959183704,0.4448979591836735,0.6474380000000175,0.42857142857142855,1.0225119183673792,0.44081632653061226,0.4328003673469706,0.49795918367346936,0.12781183673468502,0.4520408163265306
0.2,10,4.0,SEG3,HIGH_FIRST,HIGH,245,8.142239946826187,0.4705657318431297,5.093877551020408,8.434649877551019,10.561460040816312,10.993733959183704,0.4448979591836735,0.6474380000000175,0.42857142857142855,1.0225119183673792,0.44081632653061226,0.4328003673469706,0.49795918367346936,0.12781183673468502,0.4520408163265306
0.2,8,3.0,SEG3,ANY,NORMAL,140,4.652708541043536,0.378229920189377,4.9714285714285715,5.791398999999979,8.38937457142861,10.2428532142857,0.38571428571428573,0.8761694285714449,0.4785714285714286,0.41449792857145634,0.45,1.341557928571459,0.42857142857142855,1.5181700714285853,0.4517857142857143
0.2,6,4.0,SEG3,HIGH_FIRST,NORMAL,88,2.924559654370223,0.3925894014206039,4.488636363636363,6.614319659090918,9.239291136363677,10.111225340909062,0.4318181818181818,0.5136229545454967,0.4772727272727273,0.46456852272732685,0.4431818181818182,0.33733102272730714,0.4431818181818182,0.3758201136363885,0.45170454545454547
0.3,8,4.0,SEG3,ANY,HIGH,184,6.114988368228647,0.5330092836375159,4.826086956521739,8.350431847826087,10.52002456521738,11.255693260869585,0.43478260869565216,0.8571758695652163,0.41847826086956524,1.2312671739130752,0.45108695652173914,0.4337441304348021,0.483695652173913,0.4695490217391249,0.45108695652173914
0.3,8,4.0,SEG3,HIGH_FIRST,HIGH,184,6.114988368228647,0.5330092836375159,4.826086956521739,8.350431847826087,10.52002456521738,11.255693260869585,0.43478260869565216,0.8571758695652163,0.41847826086956524,1.2312671739130752,0.45108695652173914,0.4337441304348021,0.483695652173913,0.4695490217391249,0.45108695652173914
0.1,10,4.0,SEG2_SEG3,ANY,ALL,434,14.423396477234961,0.385293104875105,5.161290322580645,7.398715023041482,9.206373225806459,10.340582396313376,0.4423963133640553,0.5545266820276605,0.4423963133640553,1.099883963133653,0.4308755760368664,1.018386313364069,0.5,0.3764491013824914,0.451036866359447
0.1,12,4.0,SEG2_SEG3,ANY,ALL,434,14.423396477234961,0.385293104875105,5.161290322580645,7.398715023041482,9.206373225806459,10.340582396313376,0.4423963133640553,0.5545266820276605,0.4423963133640553,1.099883963133653,0.4308755760368664,1.018386313364069,0.5,0.3764491013824914,0.451036866359447
0.2,8,4.0,SEG3,ANY,ALL,403,13.393153871718178,0.4287093834898452,4.960297766749379,7.586239007444194,9.771642655086843,10.598625285359823,0.4491315136476427,0.5509468982630528,0.4491315136476427,0.837750248138993,0.44168734491315137,0.7689441935484229,0.47146401985111663,0.5249516377171253,0.4509925558312655
0.4,8,4.0,SEG3,ANY,HIGH,136,4.519774011299435,0.5988866718489523,4.617647058823529,8.350607058823524,10.186681617647048,11.362607352941204,0.41911764705882354,1.1462274264705656,0.39705882352941174,1.6519205147059177,0.4485294117647059,1.0975006617647243,0.5073529411764706,1.0953111764706056,0.45036764705882354
0.4,8,4.0,SEG3,HIGH_FIRST,HIGH,136,4.519774011299435,0.5988866718489523,4.617647058823529,8.350607058823524,10.186681617647048,11.362607352941204,0.41911764705882354,1.1462274264705656,0.39705882352941174,1.6519205147059177,0.4485294117647059,1.0975006617647243,0.5073529411764706,1.0953111764706056,0.45036764705882354
0.3,10,4.0,SEG3,ANY,HIGH,191,6.347623795280824,0.5305277793736356,4.984293193717278,8.261365026178009,10.473042356020926,11.084927696335104,0.43455497382198954,0.8635481151832447,0.418848167539267,1.1637980628272604,0.450261780104712,0.3926271204188735,0.4816753926701571,0.5322386910994754,0.450261780104712
0.3,10,4.0,SEG3,HIGH_FIRST,HIGH,191,6.347623795280824,0.5305277793736356,4.984293193717278,8.261365026178009,10.473042356020926,11.084927696335104,0.43455497382198954,0.8635481151832447,0.418848167539267,1.1637980628272604,0.450261780104712,0.3926271204188735,0.4816753926701571,0.5322386910994754,0.450261780104712
0.2,12,4.0,SEG3,ANY,HIGH,246,8.175473579262214,0.4721821831764223,5.117886178861789,8.42307012195122,10.49597414634145,10.972615162601654,0.44308943089430897,0.6678797967479853,0.4268292682926829,1.0410865040650745,0.43902439024390244,0.45415760162604707,0.4959349593495935,0.15035577235771672,0.4502032520325203
0.2,12,4.0,SEG3,HIGH_FIRST,HIGH,246,8.175473579262214,0.4721821831764223,5.117886178861789,8.42307012195122,10.49597414634145,10.972615162601654,0.44308943089430897,0.6678797967479853,0.4268292682926829,1.0410865040650745,0.43902439024390244,0.45415760162604707,0.4959349593495935,0.15035577235771672,0.4502032520325203
0.4,10,4.0,SEG3,ANY,HIGH,140,4.652708541043536,0.5976956277935583,4.75,8.31051771428571,10.146591928571407,11.27139928571432,0.42142857142857143,1.1606329999999747,0.39285714285714285,1.6952871428571825,0.45,0.9937035000000313,0.5071428571428571,1.0201835714285998,0.45
0.4,10,4.0,SEG3,HIGH_FIRST,HIGH,140,4.652708541043536,0.5976956277935583,4.75,8.31051771428571,10.146591928571407,11.27139928571432,0.42142857142857143,1.1606329999999747,0.39285714285714285,1.6952871428571825,0.45,0.9937035000000313,0.5071428571428571,1.0201835714285998,0.45
0.1,10,4.0,SEG2_SEG3,ANY,NORMAL,108,3.5892323030907276,0.33951442859762687,5.157407407407407,6.397860370370373,8.17981962962966,11.25320527777776,0.42592592592592593,0.5127850000000334,0.4444444444444444,1.6862060185185328,0.4166666666666667,2.253232870370396,0.5185185185185185,1.3990057407407566,0.44907407407407407
0.1,10,4.0,SEG2_SEG3,HIGH_FIRST,NORMAL,108,3.5892323030907276,0.33951442859762687,5.157407407407407,6.397860370370373,8.17981962962966,11.25320527777776,0.42592592592592593,0.5127850000000334,0.4444444444444444,1.6862060185185328,0.4166666666666667,2.253232870370396,0.5185185185185185,1.3990057407407566,0.44907407407407407
0.1,12,4.0,SEG2_SEG3,ANY,NORMAL,108,3.5892323030907276,0.33951442859762687,5.157407407407407,6.397860370370373,8.17981962962966,11.25320527777776,0.42592592592592593,0.5127850000000334,0.4444444444444444,1.6862060185185328,0.4166666666666667,2.253232870370396,0.5185185185185185,1.3990057407407566,0.44907407407407407
0.1,12,4.0,SEG2_SEG3,HIGH_FIRST,NORMAL,108,3.5892323030907276,0.33951442859762687,5.157407407407407,6.397860370370373,8.17981962962966,11.25320527777776,0.42592592592592593,0.5127850000000334,0.4444444444444444,1.6862060185185328,0.4166666666666667,2.253232870370396,0.5185185185185185,1.3990057407407566,0.44907407407407407
0.2,10,3.0,SEG3,HIGH_FIRST,NORMAL,142,4.719175805915587,0.38099003771690604,5.098591549295775,5.757807746478869,8.252844507042278,10.1288338028169,0.3873239436619718,0.8649795774648206,0.47183098591549294,0.5383059859155336,0.44366197183098594,1.3174738732394724,0.43661971830985913,1.368205000000021,0.448943661971831
0.2,12,3.0,SEG3,HIGH_FIRST,NORMAL,142,4.719175805915587,0.38099003771690604,5.098591549295775,5.757807746478869,8.252844507042278,10.1288338028169,0.3873239436619718,0.8649795774648206,0.47183098591549294,0.5383059859155336,0.44366197183098594,1.3174738732394724,0.43661971830985913,1.368205000000021,0.448943661971831
0.2,10,4.0,SEG3,HIGH_FIRST,ALL,414,13.758723828514457,0.4283483048749722,5.0772946859903385,7.555001231884082,9.72324736714975,10.512909371980703,0.4492753623188406,0.5441413526570332,0.4468599033816425,0.8473977777778179,0.43719806763285024,0.7847639855072853,0.47342995169082125,0.6244686714975931,0.44867149758454106
0.3,12,4.0,SEG3,ANY,HIGH,192,6.380857427716849,0.5322865553135286,5.015625,8.247430989583334,10.389599062499984,11.057394270833356,0.4322916666666667,0.8886135937499992,0.4166666666666667,1.186860885416704,0.4479166666666667,0.42020031250002415,0.4791666666666667,0.5590167187500015,0.4479166666666667
0.3,12,4.0,SEG3,HIGH_FIRST,HIGH,192,6.380857427716849,0.5322865553135286,5.015625,8.247430989583334,10.389599062499984,11.057394270833356,0.4322916666666667,0.8886135937499992,0.4166666666666667,1.186860885416704,0.4479166666666667,0.42020031250002415,0.4791666666666667,0.5590167187500015,0.4479166666666667
0.2,10,4.0,SEG3,ANY,ALL,415,13.791957460950481,0.4278347576163698,5.079518072289156,7.5538941445783365,9.702927204819268,10.529509518072315,0.44819277108433736,0.5530513493976188,0.4457831325301205,0.8494220963855805,0.43614457831325304,0.8235214939759427,0.472289156626506,0.632133807228923,0.4475903614457831
0.2,12,4.0,SEG3,HIGH_FIRST,ALL,415,13.791957460950481,0.42940821922426897,5.091566265060241,7.550256722891591,9.686449012048184,10.501549373494,0.44819277108433736,0.5565075662650888,0.4457831325301205,0.8588302168675109,0.43614457831325304,0.7965758313253396,0.472289156626506,0.6366353012048289,0.4475903614457831
0.2,4,2.0,SEG3,ANY,NORMAL,57,1.8943170488534398,0.4523852425817136,3.1578947368421053,5.208280701754431,7.952908596491294,11.039641578947316,0.38596491228070173,1.3992192982456098,0.43859649122807015,1.4406631578947606,0.45614035087719296,2.9875671929824246,0.43859649122807015,1.638448070175456,0.4473684210526316
0.2,4,2.0,SEG3,HIGH_FIRST,NORMAL,57,1.8943170488534398,0.4523852425817136,3.1578947368421053,5.208280701754431,7.952908596491294,11.039641578947316,0.38596491228070173,1.3992192982456098,0.43859649122807015,1.4406631578947606,0.45614035087719296,2.9875671929824246,0.43859649122807015,1.638448070175456,0.4473684210526316
0.2,6,4.0,SEG3,ANY,QUIET,52,1.7281488866733135,0.3398829286098145,4.730769230769231,5.687551346153966,7.986852115384592,8.391566538461584,0.5384615384615384,-0.5189399999999907,0.4807692307692308,0.0034675000000386437,0.46153846153846156,1.2916559615385075,0.38461538461538464,1.7325665384615831,0.44711538461538464
0.2,6,4.0,SEG3,HIGH_FIRST,QUIET,52,1.7281488866733135,0.3398829286098145,4.730769230769231,5.687551346153966,7.986852115384592,8.391566538461584,0.5384615384615384,-0.5189399999999907,0.4807692307692308,0.0034675000000386437,0.46153846153846156,1.2916559615385075,0.38461538461538464,1.7325665384615831,0.44711538461538464
0.2,8,3.0,SEG3,HIGH_FIRST,NORMAL,137,4.5530076437354605,0.3819075443829652,4.9489051094890515,5.815159343065679,8.369639197080325,10.288947737226266,0.38686131386861317,0.9208761313868813,0.4744525547445255,0.5482307299270374,0.44525547445255476,1.3062416058394535,0.4233576642335766,1.7382164963503843,0.4470802919708029
0.2,8,4.0,SEG2_SEG3,ANY,ALL,330,10.967098703888334,0.45028370916456933,4.912121212121212,7.631854212121215,9.686479212121224,10.413844848484857,0.4484848484848485,0.5136933030303116,0.44545454545454544,0.9190433030303308,0.4303030303030303,0.6962376363636547,0.4818181818181818,0.26717584848484516,0.446969696969697
0.2,8,4.0,SEG2_SEG3,HIGH_FIRST,ALL,330,10.967098703888334,0.45028370916456933,4.912121212121212,7.631854212121215,9.686479212121224,10.413844848484857,0.4484848484848485,0.5136933030303116,0.44545454545454544,0.9190433030303308,0.4303030303030303,0.6962376363636547,0.4818181818181818,0.26717584848484516,0.446969696969697
0.4,12,4.0,SEG3,ANY,HIGH,141,4.685942173479561,0.599614189013697,4.794326241134752,8.291195106382977,10.035282269503526,11.232584468085138,0.41843971631205673,1.1926577304964292,0.3900709219858156,1.7229224113475603,0.44680851063829785,1.0269870212766254,0.5035460992907801,1.0531866666666982,0.44680851063829785
0.4,12,4.0,SEG3,HIGH_FIRST,HIGH,141,4.685942173479561,0.599614189013697,4.794326241134752,8.291195106382977,10.035282269503526,11.232584468085138,0.41843971631205673,1.1926577304964292,0.3900709219858156,1.7229224113475603,0.44680851063829785,1.0269870212766254,0.5035460992907801,1.0531866666666982,0.44680851063829785
0.2,6,4.0,SEG3,ANY,NORMAL,89,2.9577932868062478,0.3905965563771694,4.50561797752809,6.6197268539325895,9.149977528089932,10.19314382022469,0.42696629213483145,0.5555124719101544,0.47191011235955055,0.47830921348319216,0.43820224719101125,0.5230815730337424,0.43820224719101125,0.414355842696648,0.44662921348314605
0.2,12,4.0,SEG3,ANY,ALL,416,13.825191093386508,0.42889335858323696,5.09375,7.549163701923101,9.666266153846145,10.518136923076948,0.44711538461538464,0.5653664182692594,0.44471153846153844,0.8608221875000394,0.43509615384615385,0.8352117788461922,0.47115384615384615,0.6442527644230853,0.44651442307692313
0.2,6,3.0,SEG3,ANY,NORMAL,121,4.021269524759056,0.3868800698307209,4.628099173553719,5.7759027272727055,8.647215206611616,10.143153305785095,0.39669421487603307,0.7920674380165607,0.4793388429752066,0.31290198347111176,0.4462809917355372,0.8697769421487878,0.4132231404958678,1.3555681818181993,0.4462809917355372
0.1,4,2.0,SEG3,ANY,NORMAL,69,2.293120638085743,0.40085942403120417,3.1884057971014492,5.298306086956525,7.663719420289928,10.68578536231877,0.391304347826087,1.414172173913021,0.4057971014492754,1.7246092753623443,0.4782608695652174,2.799127826086902,0.42028985507246375,2.2755557971014517,0.44565217391304346
0.2,8,4.0,SEG3,HIGH_FIRST,NORMAL,101,3.356596876038551,0.38356983001345324,4.8316831683168315,6.6589114851485425,8.810235148514876,10.552024455445544,0.40594059405940597,0.7865365346535039,0.46534653465346537,0.8745541584158933,0.43564356435643564,1.1673544554455926,0.44554455445544555,0.8990182178218125,0.44554455445544555
0.1,4,2.0,SEG3,HIGH_FIRST,NORMAL,68,2.2598870056497176,0.4050349678483979,3.1911764705882355,5.3182285294117735,7.77147985294125,10.755453235294045,0.39705882352941174,1.4076949999999764,0.4117647058823529,1.7068385294117916,0.47058823529411764,2.842971617647001,0.4264705882352941,2.2731776470588274,0.4448529411764706
0.2,10,4.0,SEG2_SEG3,ANY,ALL,341,11.332668660684613,0.44896696165111,5.0469208211143695,7.590877331378302,9.626603372434026,10.299188709677436,0.44868035190615835,0.4955831671554373,0.44281524926686217,0.9085408797654283,0.4252199413489736,0.7118011436950371,0.4838709677419355,0.30434692082111525,0.4442815249266862
0.2,10,4.0,SEG2_SEG3,HIGH_FIRST,ALL,341,11.332668660684613,0.44896696165111,5.0469208211143695,7.590877331378302,9.626603372434026,10.299188709677436,0.44868035190615835,0.4955831671554373,0.44281524926686217,0.9085408797654283,0.4252199413489736,0.7118011436950371,0.4838709677419355,0.30434692082111525,0.4442815249266862
0.2,12,4.0,SEG2_SEG3,ANY,ALL,341,11.332668660684613,0.44896696165111,5.0469208211143695,7.590877331378302,9.626603372434026,10.299188709677436,0.44868035190615835,0.4955831671554373,0.44281524926686217,0.9085408797654283,0.4252199413489736,0.7118011436950371,0.4838709677419355,0.30434692082111525,0.4442815249266862
0.2,12,4.0,SEG2_SEG3,HIGH_FIRST,ALL,341,11.332668660684613,0.44896696165111,5.0469208211143695,7.590877331378302,9.626603372434026,10.299188709677436,0.44868035190615835,0.4955831671554373,0.44281524926686217,0.9085408797654283,0.4252199413489736,0.7118011436950371,0.4838709677419355,0.30434692082111525,0.4442815249266862
0.2,10,4.0,SEG3,HIGH_FIRST,NORMAL,103,3.4230641409106015,0.3838732006116168,4.912621359223301,6.639233786407804,8.718482233009732,10.452443203883504,0.4077669902912621,0.7262835922330577,0.46601941747572817,0.8698076699029734,0.42718446601941745,1.2024630097087856,0.4563106796116505,0.8699803883495476,0.44417475728155337
0.2,12,4.0,SEG3,HIGH_FIRST,NORMAL,103,3.4230641409106015,0.3838732006116168,4.912621359223301,6.639233786407804,8.718482233009732,10.452443203883504,0.4077669902912621,0.7262835922330577,0.46601941747572817,0.8698076699029734,0.42718446601941745,1.2024630097087856,0.4563106796116505,0.8699803883495476,0.44417475728155337
0.2,6,2.0,SEG2_SEG3,ANY,QUIET,97,3.22366234629445,0.3452000867988901,4.865979381443299,4.008049690721635,7.823986082474277,8.123232061855658,0.4845360824742268,0.2550328865978963,0.4536082474226804,-0.02542453608247783,0.44329896907216493,0.6207510309278151,0.4329896907216495,0.5885051546391428,0.44329896907216493
0.2,8,4.0,SEG3,ANY,QUIET,66,2.193419740777667,0.3410402159647762,5.2727272727272725,5.7187910606061605,8.179742878787836,8.822394090909125,0.5303030303030303,-0.12356060606056775,0.48484848484848486,0.16237984848488518,0.4393939393939394,1.439431969697022,0.4090909090909091,2.0849719696970044,0.44318181818181823
0.2,8,4.0,SEG3,HIGH_FIRST,QUIET,66,2.193419740777667,0.3410402159647762,5.2727272727272725,5.7187910606061605,8.179742878787836,8.822394090909125,0.5303030303030303,-0.12356060606056775,0.48484848484848486,0.16237984848488518,0.4393939393939394,1.439431969697022,0.4090909090909091,2.0849719696970044,0.44318181818181823
0.2,10,4.0,SEG3,ANY,QUIET,66,2.193419740777667,0.3410402159647762,5.2727272727272725,5.7187910606061605,8.179742878787836,8.822394090909125,0.5303030303030303,-0.12356060606056775,0.48484848484848486,0.16237984848488518,0.4393939393939394,1.439431969697022,0.4090909090909091,2.0849719696970044,0.44318181818181823
0.2,10,4.0,SEG3,HIGH_FIRST,QUIET,66,2.193419740777667,0.3410402159647762,5.2727272727272725,5.7187910606061605,8.179742878787836,8.822394090909125,0.5303030303030303,-0.12356060606056775,0.48484848484848486,0.16237984848488518,0.4393939393939394,1.439431969697022,0.4090909090909091,2.0849719696970044,0.44318181818181823
0.2,12,4.0,SEG3,ANY,QUIET,66,2.193419740777667,0.3410402159647762,5.2727272727272725,5.7187910606061605,8.179742878787836,8.822394090909125,0.5303030303030303,-0.12356060606056775,0.48484848484848486,0.16237984848488518,0.4393939393939394,1.439431969697022,0.4090909090909091,2.0849719696970044,0.44318181818181823
0.2,12,4.0,SEG3,HIGH_FIRST,QUIET,66,2.193419740777667,0.3410402159647762,5.2727272727272725,5.7187910606061605,8.179742878787836,8.822394090909125,0.5303030303030303,-0.12356060606056775,0.48484848484848486,0.16237984848488518,0.4393939393939394,1.439431969697022,0.4090909090909091,2.0849719696970044,0.44318181818181823
0.2,8,4.0,SEG2_SEG3,ANY,NORMAL,78,2.59222333000997,0.4074121220644057,4.897435897435898,6.411142179487162,8.492910897435946,10.663620256410228,0.4230769230769231,0.7450875641025866,0.4358974358974359,1.292133076923112,0.4358974358974359,1.3442880769231147,0.46153846153846156,0.8357467948717968,0.4423076923076923
0.2,8,4.0,SEG2_SEG3,HIGH_FIRST,NORMAL,78,2.59222333000997,0.4074121220644057,4.897435897435898,6.411142179487162,8.492910897435946,10.663620256410228,0.4230769230769231,0.7450875641025866,0.4358974358974359,1.292133076923112,0.4358974358974359,1.3442880769231147,0.46153846153846156,0.8357467948717968,0.4423076923076923
0.2,8,4.0,SEG3,ANY,NORMAL,102,3.389830508474576,0.38191940219523246,4.8431372549019605,6.663192352941201,8.7365110784314,10.619180784313723,0.4019607843137255,0.8204115686274895,0.46078431372549017,0.8825241176471037,0.43137254901960786,1.321293431372597,0.4411764705882353,0.9275131372549269,0.4411764705882353
0.2,6,3.0,SEG3,HIGH_FIRST,NORMAL,118,3.9215686274509802,0.39136977291076847,4.593220338983051,5.803094915254224,8.630857372881396,10.194135084745737,0.3983050847457627,0.84183449152546,0.4745762711864407,0.46558508474580296,0.4406779661016949,0.8167796610169847,0.4067796610169492,1.6069118644068034,0.4406779661016949
0.2,10,4.0,SEG2_SEG3,ANY,NORMAL,80,2.6586905948820205,0.40720665440826737,5.0,6.392001374999995,8.382712125000046,10.532619499999987,0.425,0.668548125000035,0.4375,1.2755825000000471,0.425,1.3850670000000378,0.475,0.7999423750000062,0.44062500000000004
0.2,10,4.0,SEG2_SEG3,HIGH_FIRST,NORMAL,80,2.6586905948820205,0.40720665440826737,5.0,6.392001374999995,8.382712125000046,10.532619499999987,0.425,0.668548125000035,0.4375,1.2755825000000471,0.425,1.3850670000000378,0.475,0.7999423750000062,0.44062500000000004
0.2,12,4.0,SEG2_SEG3,ANY,NORMAL,80,2.6586905948820205,0.40720665440826737,5.0,6.392001374999995,8.382712125000046,10.532619499999987,0.425,0.668548125000035,0.4375,1.2755825000000471,0.425,1.3850670000000378,0.475,0.7999423750000062,0.44062500000000004
0.2,12,4.0,SEG2_SEG3,HIGH_FIRST,NORMAL,80,2.6586905948820205,0.40720665440826737,5.0,6.392001374999995,8.382712125000046,10.532619499999987,0.425,0.668548125000035,0.4375,1.2755825000000471,0.425,1.3850670000000378,0.475,0.7999423750000062,0.44062500000000004
0.2,8,3.0,SEG2_SEG3,ANY,QUIET,71,2.3595879029577933,0.3525168739947446,5.23943661971831,4.978342253521173,7.596470281690101,7.699007042253514,0.5070422535211268,-0.316454225352092,0.4788732394366197,-0.16239535211264755,0.4084507042253521,0.4265092957746379,0.4647887323943662,-0.12578422535213102,0.44014084507042256
0.2,8,3.0,SEG2_SEG3,HIGH_FIRST,QUIET,71,2.3595879029577933,0.3525168739947446,5.23943661971831,4.978342253521173,7.596470281690101,7.699007042253514,0.5070422535211268,-0.316454225352092,0.4788732394366197,-0.16239535211264755,0.4084507042253521,0.4265092957746379,0.4647887323943662,-0.12578422535213102,0.44014084507042256
0.2,10,3.0,SEG2_SEG3,ANY,QUIET,71,2.3595879029577933,0.3525168739947446,5.23943661971831,4.978342253521173,7.596470281690101,7.699007042253514,0.5070422535211268,-0.316454225352092,0.4788732394366197,-0.16239535211264755,0.4084507042253521,0.4265092957746379,0.4647887323943662,-0.12578422535213102,0.44014084507042256
0.2,10,3.0,SEG2_SEG3,HIGH_FIRST,QUIET,71,2.3595879029577933,0.3525168739947446,5.23943661971831,4.978342253521173,7.596470281690101,7.699007042253514,0.5070422535211268,-0.316454225352092,0.4788732394366197,-0.16239535211264755,0.4084507042253521,0.4265092957746379,0.4647887323943662,-0.12578422535213102,0.44014084507042256
0.2,12,3.0,SEG2_SEG3,ANY,QUIET,71,2.3595879029577933,0.3525168739947446,5.23943661971831,4.978342253521173,7.596470281690101,7.699007042253514,0.5070422535211268,-0.316454225352092,0.4788732394366197,-0.16239535211264755,0.4084507042253521,0.4265092957746379,0.4647887323943662,-0.12578422535213102,0.44014084507042256
0.2,12,3.0,SEG2_SEG3,HIGH_FIRST,QUIET,71,2.3595879029577933,0.3525168739947446,5.23943661971831,4.978342253521173,7.596470281690101,7.699007042253514,0.5070422535211268,-0.316454225352092,0.4788732394366197,-0.16239535211264755,0.4084507042253521,0.4265092957746379,0.4647887323943662,-0.12578422535213102,0.44014084507042256
0.2,10,4.0,SEG3,ANY,NORMAL,104,3.456297773346627,0.3822515947649178,4.923076923076923,6.643621538461573,8.64705817307695,10.519265576923086,0.40384615384615385,0.7600865384615864,0.46153846153846156,0.8776700000000539,0.4230769230769231,1.3531040384615862,0.4519230769230769,0.8982065384615663,0.43990384615384615
0.2,12,4.0,SEG3,ANY,NORMAL,104,3.456297773346627,0.3822515947649178,4.923076923076923,6.643621538461573,8.64705817307695,10.519265576923086,0.40384615384615385,0.7600865384615864,0.46153846153846156,0.8776700000000539,0.4230769230769231,1.3531040384615862,0.4519230769230769,0.8982065384615663,0.43990384615384615
0.2,6,3.0,SEG2_SEG3,ANY,NORMAL,91,3.0242605516782985,0.4101915135549133,4.637362637362638,5.551742637362567,8.790235824175866,9.903813626373589,0.4175824175824176,0.5570054945055145,0.45054945054945056,0.4884261538461962,0.43956043956043955,0.5073114285714537,0.42857142857142855,0.6070291208791306,0.43956043956043955
0.2,6,2.0,SEG2_SEG3,HIGH_FIRST,QUIET,96,3.1904287138584246,0.34610870788710746,4.875,4.02465552083333,7.4139690625000485,8.195136770833324,0.4791666666666667,0.39525187499996167,0.4479166666666667,0.32988104166666216,0.4375,1.0738711458333132,0.4270833333333333,1.1177996874999725,0.4375
0.2,6,4.0,SEG2_SEG3,ANY,NORMAL,67,2.226653373213692,0.4187535336504249,4.537313432835821,6.305934477611904,8.97082656716424,10.189144477611888,0.44776119402985076,0.4381432835821215,0.43283582089552236,0.8867319402985475,0.43283582089552236,0.40281268656718877,0.44776119402985076,0.4246659701492473,0.43656716417910446
0.2,6,4.0,SEG2_SEG3,HIGH_FIRST,NORMAL,67,2.226653373213692,0.4187535336504249,4.537313432835821,6.305934477611904,8.97082656716424,10.189144477611888,0.44776119402985076,0.4381432835821215,0.43283582089552236,0.8867319402985475,0.43283582089552236,0.40281268656718877,0.44776119402985076,0.4246659701492473,0.43656716417910446
0.1,10,4.0,SEG2_SEG3,ANY,QUIET,78,2.59222333000997,0.27932143182421193,5.461538461538462,5.643762179487223,7.484808076923073,8.451729615384611,0.5,-0.31701012820510116,0.44871794871794873,0.6254089743590029,0.4230769230769231,1.1257294871794818,0.44871794871794873,1.8971798717948622,0.4358974358974359
0.1,12,4.0,SEG2_SEG3,ANY,QUIET,78,2.59222333000997,0.27932143182421193,5.461538461538462,5.643762179487223,7.484808076923073,8.451729615384611,0.5,-0.31701012820510116,0.44871794871794873,0.6254089743590029,0.4230769230769231,1.1257294871794818,0.44871794871794873,1.8971798717948622,0.4358974358974359
0.1,8,4.0,SEG2_SEG3,ANY,QUIET,74,2.459288800265869,0.28584593802879155,5.27027027027027,5.676525945946006,7.516050135135113,8.210515810810813,0.5135135135135135,-0.4020758108107583,0.4594594594594595,0.5361474324324718,0.4189189189189189,0.9362220270270243,0.44594594594594594,1.822690810810824,0.43581081081081086
0.4,8,0.0,SEG2_SEG3,ANY,QUIET,64,2.1269524759056164,0.4929651639372271,5.578125,3.011236718750034,5.991816718749952,6.637521093750017,0.5,0.07107296875004465,0.5,0.11146765625007049,0.40625,0.9559564062500101,0.421875,0.03186093750001362,0.43359375
0.4,8,0.0,SEG2_SEG3,HIGH_FIRST,QUIET,64,2.1269524759056164,0.4929651639372271,5.578125,3.011236718750034,5.991816718749952,6.637521093750017,0.5,0.07107296875004465,0.5,0.11146765625007049,0.40625,0.9559564062500101,0.421875,0.03186093750001362,0.43359375
0.4,10,0.0,SEG2_SEG3,ANY,QUIET,64,2.1269524759056164,0.4929651639372271,5.578125,3.011236718750034,5.991816718749952,6.637521093750017,0.5,0.07107296875004465,0.5,0.11146765625007049,0.40625,0.9559564062500101,0.421875,0.03186093750001362,0.43359375
0.4,10,0.0,SEG2_SEG3,HIGH_FIRST,QUIET,64,2.1269524759056164,0.4929651639372271,5.578125,3.011236718750034,5.991816718749952,6.637521093750017,0.5,0.07107296875004465,0.5,0.11146765625007049,0.40625,0.9559564062500101,0.421875,0.03186093750001362,0.43359375
0.4,12,0.0,SEG2_SEG3,ANY,QUIET,64,2.1269524759056164,0.4929651639372271,5.578125,3.011236718750034,5.991816718749952,6.637521093750017,0.5,0.07107296875004465,0.5,0.11146765625007049,0.40625,0.9559564062500101,0.421875,0.03186093750001362,0.43359375
0.4,12,0.0,SEG2_SEG3,HIGH_FIRST,QUIET,64,2.1269524759056164,0.4929651639372271,5.578125,3.011236718750034,5.991816718749952,6.637521093750017,0.5,0.07107296875004465,0.5,0.11146765625007049,0.40625,0.9559564062500101,0.421875,0.03186093750001362,0.43359375
0.2,6,3.0,SEG2_SEG3,HIGH_FIRST,NORMAL,90,2.991026919242273,0.4124419021140152,4.622222222222222,5.573071888888823,8.620298222222269,9.947979888888849,0.4111111111111111,0.6521972222222454,0.4444444444444444,0.6947885555555937,0.43333333333333335,0.5934600000000299,0.4222222222222222,0.9325604444444505,0.43333333333333335
0.1,10,4.0,SEG2_SEG3,HIGH_FIRST,QUIET,77,2.558989697573945,0.2815336995332898,5.48051948051948,5.659658051948093,7.545020779220776,8.508433116883108,0.5064935064935064,-0.34622337662335373,0.44155844155844154,0.6464589610389859,0.4155844155844156,1.1693584415584333,0.45454545454545453,1.8674393506493372,0.4318181818181818
0.1,12,4.0,SEG2_SEG3,HIGH_FIRST,QUIET,77,2.558989697573945,0.2815336995332898,5.48051948051948,5.659658051948093,7.545020779220776,8.508433116883108,0.5064935064935064,-0.34622337662335373,0.44155844155844154,0.6464589610389859,0.4155844155844156,1.1693584415584333,0.45454545454545453,1.8674393506493372,0.4318181818181818
0.1,8,4.0,SEG2_SEG3,HIGH_FIRST,QUIET,73,2.4260551678298437,0.288268802683635,5.287671232876712,5.693741643835675,7.579990136986279,8.267022054794518,0.5205479452054794,-0.4340550684931022,0.4520547945205479,0.5571280821918164,0.410958904109589,0.9796456164383502,0.4520547945205479,1.790300273972612,0.4315068493150685
0.4,6,1.0,SEG3,ANY,QUIET,55,1.8278497839813892,0.4986886020019188,4.763636363636364,3.2544023636363155,6.059318545454558,7.195467454545468,0.45454545454545453,0.43593836363635835,0.43636363636363634,1.159404545454568,0.41818181818181815,0.9721165454545205,0.43636363636363634,-0.49766690909092093,0.42727272727272725
0.4,6,1.0,SEG3,HIGH_FIRST,QUIET,55,1.8278497839813892,0.4986886020019188,4.763636363636364,3.2544023636363155,6.059318545454558,7.195467454545468,0.45454545454545453,0.43593836363635835,0.43636363636363634,1.159404545454568,0.41818181818181815,0.9721165454545205,0.43636363636363634,-0.49766690909092093,0.42727272727272725
0.2,6,3.0,SEG2_SEG3,ANY,QUIET,58,1.927550681289465,0.35431670438979523,4.775862068965517,5.039282068965553,7.576935172413783,7.470762758620689,0.5172413793103449,-0.5125256896551804,0.46551724137931033,-0.22801189655171647,0.39655172413793105,0.42936793103445653,0.4482758620689655,-0.2179955172413868,0.4267241379310345
0.2,6,3.0,SEG2_SEG3,HIGH_FIRST,QUIET,58,1.927550681289465,0.35431670438979523,4.775862068965517,5.039282068965553,7.576935172413783,7.470762758620689,0.5172413793103449,-0.5125256896551804,0.46551724137931033,-0.22801189655171647,0.39655172413793105,0.42936793103445653,0.4482758620689655,-0.2179955172413868,0.4267241379310345
0.4,8,1.0,SEG3,ANY,QUIET,71,2.3595879029577933,0.4957545428208165,5.366197183098592,3.124704366197164,6.205839436619691,6.9421025352112915,0.4788732394366197,0.12761676056339946,0.4507042253521127,0.7692340845070812,0.4225352112676056,1.0100269014084506,0.4084507042253521,0.25542478873240454,0.426056338028169
0.4,8,1.0,SEG3,HIGH_FIRST,QUIET,71,2.3595879029577933,0.4957545428208165,5.366197183098592,3.124704366197164,6.205839436619691,6.9421025352112915,0.4788732394366197,0.12761676056339946,0.4507042253521127,0.7692340845070812,0.4225352112676056,1.0100269014084506,0.4084507042253521,0.25542478873240454,0.426056338028169
0.4,10,1.0,SEG3,ANY,QUIET,72,2.3928215353938187,0.4954097410389486,5.430555555555555,3.0996756944444237,6.1377558333333075,6.951490694444469,0.4722222222222222,0.17099291666668628,0.4444444444444444,0.8138986111111485,0.4166666666666667,1.0297908333333352,0.4027777777777778,0.3801452777777917,0.42013888888888884
0.4,10,1.0,SEG3,HIGH_FIRST,QUIET,72,2.3928215353938187,0.4954097410389486,5.430555555555555,3.0996756944444237,6.1377558333333075,6.951490694444469,0.4722222222222222,0.17099291666668628,0.4444444444444444,0.8138986111111485,0.4166666666666667,1.0297908333333352,0.4027777777777778,0.3801452777777917,0.42013888888888884
0.4,12,1.0,SEG3,ANY,QUIET,72,2.3928215353938187,0.4954097410389486,5.430555555555555,3.0996756944444237,6.1377558333333075,6.951490694444469,0.4722222222222222,0.17099291666668628,0.4444444444444444,0.8138986111111485,0.4166666666666667,1.0297908333333352,0.4027777777777778,0.3801452777777917,0.42013888888888884
0.4,12,1.0,SEG3,HIGH_FIRST,QUIET,72,2.3928215353938187,0.4954097410389486,5.430555555555555,3.0996756944444237,6.1377558333333075,6.951490694444469,0.4722222222222222,0.17099291666668628,0.4444444444444444,0.8138986111111485,0.4166666666666667,1.0297908333333352,0.4027777777777778,0.3801452777777917,0.42013888888888884
0.1,6,4.0,SEG2_SEG3,ANY,QUIET,55,1.8278497839813892,0.2964386317962789,4.527272727272727,5.746180363636433,7.142275818181836,7.64002836363638,0.509090909090909,-0.5477414545454188,0.45454545454545453,0.7107412727273104,0.4,0.707738727272714,0.41818181818181815,1.6565794545454826,0.4181818181818182
0.4,8,1.0,SEG2_SEG3,ANY,QUIET,55,1.8278497839813892,0.4939742873144518,5.472727272727273,3.41394109090914,6.061937272727226,6.931482363636356,0.4909090909090909,0.09081218181821565,0.4727272727272727,0.25374200000007313,0.4,1.139655636363651,0.38181818181818183,0.38989981818183217,0.41363636363636364
0.4,8,1.0,SEG2_SEG3,HIGH_FIRST,QUIET,55,1.8278497839813892,0.4939742873144518,5.472727272727273,3.41394109090914,6.061937272727226,6.931482363636356,0.4909090909090909,0.09081218181821565,0.4727272727272727,0.25374200000007313,0.4,1.139655636363651,0.38181818181818183,0.38989981818183217,0.41363636363636364
0.4,10,1.0,SEG2_SEG3,ANY,QUIET,55,1.8278497839813892,0.4939742873144518,5.472727272727273,3.41394109090914,6.061937272727226,6.931482363636356,0.4909090909090909,0.09081218181821565,0.4727272727272727,0.25374200000007313,0.4,1.139655636363651,0.38181818181818183,0.38989981818183217,0.41363636363636364
0.4,10,1.0,SEG2_SEG3,HIGH_FIRST,QUIET,55,1.8278497839813892,0.4939742873144518,5.472727272727273,3.41394109090914,6.061937272727226,6.931482363636356,0.4909090909090909,0.09081218181821565,0.4727272727272727,0.25374200000007313,0.4,1.139655636363651,0.38181818181818183,0.38989981818183217,0.41363636363636364
0.4,12,1.0,SEG2_SEG3,ANY,QUIET,55,1.8278497839813892,0.4939742873144518,5.472727272727273,3.41394109090914,6.061937272727226,6.931482363636356,0.4909090909090909,0.09081218181821565,0.4727272727272727,0.25374200000007313,0.4,1.139655636363651,0.38181818181818183,0.38989981818183217,0.41363636363636364
0.4,12,1.0,SEG2_SEG3,HIGH_FIRST,QUIET,55,1.8278497839813892,0.4939742873144518,5.472727272727273,3.41394109090914,6.061937272727226,6.931482363636356,0.4909090909090909,0.09081218181821565,0.4727272727272727,0.25374200000007313,0.4,1.139655636363651,0.38181818181818183,0.38989981818183217,0.41363636363636364
0.1,4,3.0,SEG3,ANY,NORMAL,57,1.8943170488534398,0.39444567716318785,3.192982456140351,5.868187017543868,7.291322807017639,11.428677017543777,0.3333333333333333,1.725716140350853,0.38596491228070173,2.169710175438643,0.43859649122807015,3.3830517543859364,0.38596491228070173,4.289741929824574,0.4122807017543859
0.1,6,4.0,SEG2_SEG3,HIGH_FIRST,QUIET,54,1.7946161515453638,0.29991014686240963,4.537037037037037,5.7707433333334,7.2217914814815,7.70585185185186,0.5185185185185185,-0.5936701851851551,0.4444444444444444,0.7423372222222547,0.3888888888888889,0.7622098148147971,0.42592592592592593,1.6097161111111342,0.4120370370370371
0.1,4,3.0,SEG3,HIGH_FIRST,NORMAL,56,1.8610834164174144,0.3994014491757086,3.1964285714285716,5.902555000000015,7.415524821428668,11.526539642857058,0.3392857142857143,1.7234142857142598,0.39285714285714285,2.156079642857191,0.42857142857142855,3.446717857142825,0.39285714285714285,4.322821785714301,0.4107142857142857
