model_time,cyprus_time,utc_hour,cyprus_hour,session_utc,open,high,low,close,body,body_abs,range,upper_wick,lower_wick,up_moves,down_moves,flat_moves,direction_changes,total_travel,directional_efficiency,early_net_1_5,middle_net_6_10,late_net_11_15,early_sell,middle_sell,late_sell,early_buy,middle_buy,late_buy,early_travel,middle_travel,late_travel,sell_acceleration_to_close,buy_acceleration_to_close,high_low_sequence,high_minute,low_minute,avg_reversal_size,max_reversal_size,event_regime,atr14,range_atr_ratio,volatility_regime,break_prev_high,break_prev_low,high_break_continuation,high_break_rejection,low_break_continuation,low_break_rejection,resistance_48,support_48,distance_to_resistance_atr,distance_to_support_atr,bearish_candidate,bullish_candidate,forward_15m,sell_mfe_15m,sell_mae_15m,forward_30m,sell_mfe_30m,sell_mae_30m,forward_60m,sell_mfe_60m,sell_mae_60m,forward_120m,sell_mfe_120m,sell_mae_120m,forward_240m,sell_mfe_240m,sell_mae_240m,false_sell_60m
2026-09-23 05:30:00+00:00,2026-09-23 08:30:00+03:00,5,8,ASIA_00_07,4341.8227,4342.20064,4330.31255,4331.46188,-10.360819999999876,10.360819999999876,11.888090000000375,0.3779400000003079,1.149330000000191,4,10,0,5,14.83038999999826,0.6986208724113857,-2.8758600000001024,-3.5353699999996024,-4.111370000000534,3.444789999999557,2.854190000000017,4.711040000000139,1.4302199999992808,0.0,1.2352099999998245,4.875009999998838,2.854190000000017,5.946249999999964,1.266250000000582,-0.19500999999945634,HIGH_FIRST,2,15,2.0238699999996244,4.009129999999459,UNKNOWN,,,NORMAL,False,True,False,False,True,False,,,,,True,False,3.0764200000003257,2.8323199999995268,4.111499999999978,-1.2797300000001997,2.8323199999995268,5.072689999999966,2.2264100000002145,4.125989999999547,5.072689999999966,-8.543609999999717,12.288429999999607,5.992030000000341,-16.02556999999979,17.95629000000008,5.992030000000341,True
2026-09-23 14:00:00+00:00,2026-09-23 17:00:00+03:00,14,17,EU_US_12_17,4286.34273,4293.68828,4283.45458,4284.50112,-1.8416100000004008,1.8416100000004008,10.233700000000681,7.345550000000003,1.0465400000002774,8,6,0,7,34.94578000000001,0.0526990669545908,2.10225999999966,2.5373799999997573,-5.88933999999972,1.4317000000000917,4.604519999999866,11.281680000000051,5.685550000000148,5.163439999999355,2.405340000000251,7.11725000000024,9.76795999999922,13.687020000000302,9.84997999999996,-3.2802099999998973,LOW_FIRST,11,1,4.448245714285674,7.473619999999755,UNKNOWN,10.528068571428776,0.9720396415134532,NORMAL,True,False,False,True,False,False,,,,,True,False,-5.436579999999594,5.710769999999684,3.0121399999998175,2.747269999999844,5.710769999999684,6.607700000000477,10.28661000000011,5.710769999999684,13.985810000000129,-0.8788699999995515,6.975239999999758,13.985810000000129,5.000060000000303,13.774429999999484,13.985810000000129,True
2026-09-23 18:15:00+00:00,2026-09-23 21:15:00+03:00,18,21,US_LATE_17_22,4289.10894,4290.92469,4284.67372,4284.93919,-4.169750000000022,4.169750000000022,6.250970000000052,1.8157499999997526,0.26547000000027765,5,9,0,5,8.841259999999238,0.47162395405184115,1.6829999999999927,-2.0633099999995466,-4.184690000000046,0.417859999999564,2.439809999999852,3.406170000000202,1.4981499999994412,0.0,0.440190000000257,1.9160099999990052,2.439809999999852,3.846360000000459,2.988310000000638,-1.0579599999991842,HIGH_FIRST,5,15,1.0870179999998073,2.9828299999999217,UNKNOWN,7.859770714285722,0.7953120042851181,NORMAL,False,True,False,False,True,False,4337.45391,4270.72669,6.681456992702177,1.8082588559698507,True,False,0.39922999999998865,0.45204000000012456,2.771349999999984,5.111450000000332,1.7336400000003778,5.466319999999541,1.878219999999601,2.06908999999996,8.196090000000368,-0.325619999999617,3.567439999999806,8.196090000000368,3.9886999999998807,3.567439999999806,9.302230000000236,True
2026-09-23 21:00:00+00:00,2026-09-24 00:00:00+03:00,21,0,US_LATE_17_22,4287.26647,4287.65024,4286.6941,4286.83577,-0.43069999999988795,0.43069999999988795,0.9561400000002322,0.3837700000003679,0.14166999999997643,7,7,0,7,2.2938300000023446,0.18776456842898023,-0.1275999999998021,0.3466600000001563,-0.6191400000006979,0.3123300000006566,0.016239999999925203,0.7308300000004238,0.7066600000007384,0.4383699999998498,0.033910000000105356,1.018990000001395,0.454609999999775,0.7647400000005291,0.41849999999976717,-0.672750000000633,LOW_FIRST,10,1,0.2232857142859887,0.7066600000007384,UNKNOWN,5.000657857142869,0.19120284316882336,QUIET,False,False,False,False,False,False,4321.31388,4270.72669,6.894714852517248,3.2213921568317825,True,False,-0.22330999999940104,0.32542000000012195,0.225879999999961,0.7413700000006429,0.3848099999995611,0.9611600000007456,0.8626700000004348,2.2529999999997017,7.405650000000605,4.121509999999944,2.2529999999997017,7.405650000000605,14.886340000000018,3.017559999999321,15.147870000000694,True
2026-09-24 00:00:00+00:00,2026-09-24 03:00:00+03:00,0,3,ASIA_00_07,4290.25091,4291.77031,4287.79693,4289.086,-1.1649099999995087,1.1649099999995087,3.9733799999994517,1.5194000000001324,1.2890699999998105,7,7,0,9,14.160729999999603,0.08226341438609036,-0.2764600000000428,-0.06759999999940192,-0.7530799999994997,2.775840000000244,1.3234299999994619,3.156130000000303,3.0119999999997162,1.2690199999997276,1.759820000000218,5.78783999999996,2.5924499999991895,4.915950000000521,0.3802900000000591,-1.2521799999994982,HIGH_FIRST,3,14,1.450365555555436,3.156130000000303,UNKNOWN,3.6571350000000558,1.086473427970089,HIGH,True,False,False,True,False,False,4318.53515,4270.72669,8.052519253459064,5.020134613570334,True,False,-3.327009999999973,5.267789999999877,1.2982499999998254,4.662119999999959,5.267789999999877,5.8931699999993725,12.636109999999462,5.267789999999877,12.897640000000138,-8.282470000000103,15.033770000000004,15.019760000000133,-5.185040000000299,15.033770000000004,15.019760000000133,True
2026-09-24 00:15:00+00:00,2026-09-24 03:15:00+03:00,0,3,ASIA_00_07,4288.7086,4290.38425,4283.81821,4285.75899,-2.949609999999666,2.949609999999666,6.566039999999703,1.6756500000001324,1.9407799999999042,6,8,0,7,16.876389999998537,0.17477730723217,-0.48541000000022905,-3.7118899999995847,0.14372000000003027,2.4648600000000442,4.316879999999401,3.5520699999997305,1.137829999999667,0.0,0.6184599999996863,3.6026899999997113,4.316879999999401,4.170529999999417,1.0872099999996863,-0.5193699999999808,LOW_FIRST,15,10,1.9034742857141151,4.798759999999675,UNKNOWN,3.731299285714288,1.7597194696063507,HIGH,False,True,False,False,True,False,4318.53515,4270.72669,8.78411445725803,4.028703904174279,True,False,7.989129999999932,-1.129570000000058,9.220179999999345,12.785259999999653,-1.129570000000058,13.836849999999686,13.11293999999998,-1.129570000000058,18.346770000000106,0.36107999999967433,11.706760000000031,18.346770000000106,-1.0047800000002098,11.706760000000031,18.346770000000106,True
2026-09-24 01:30:00+00:00,2026-09-24 04:30:00+03:00,1,4,ASIA_00_07,4298.44872,4300.6813,4289.82026,4290.24975,-8.198970000000372,8.198970000000372,10.861039999999775,2.232579999999871,0.4294899999995323,4,10,0,5,15.777139999999235,0.5196740347110294,0.5104099999998652,-5.285719999999856,-3.9428900000002614,1.5345099999995,5.4538400000001275,5.268380000000434,0.8096699999996417,0.0,2.1228399999999965,2.3441799999991417,5.4538400000001275,7.3912200000004304,3.733870000000934,1.3131700000003548,HIGH_FIRST,7,15,2.2512739999998304,6.5504000000000815,UNKNOWN,6.126035714285665,1.7729312244576494,HIGH,False,True,False,False,True,False,4312.3895,4270.72669,3.6140419404299724,3.1868994747243398,True,False,-12.658400000000256,13.272719999999936,1.9494800000002215,-9.446219999999812,16.197519999999713,1.9494800000002215,6.148460000000341,16.197519999999713,6.574899999999616,-7.810720000000401,16.197519999999713,6.574899999999616,-8.35884999999962,16.197519999999713,6.7850799999996525,True
2026-09-24 01:45:00+00:00,2026-09-24 04:45:00+03:00,1,4,ASIA_00_07,4291.05525,4292.19923,4276.97703,4277.59135,-13.463900000000649,13.463900000000649,15.222200000000157,1.1439799999998286,0.6143199999996796,4,10,0,6,35.13130000000092,0.3832451403734077,-2.7509600000003047,0.3445099999999002,-9.613839999999982,4.866009999999733,1.4139299999997093,8.426030000001447,2.9208300000000236,6.104779999999664,2.2109800000007453,7.786839999999756,7.518709999999373,10.637010000002192,3.560020000001714,-0.7098499999992782,HIGH_FIRST,2,15,4.699775000000045,6.390980000000127,UNKNOWN,6.9038142857142315,2.2048970858759636,HIGH,False,True,False,False,True,False,4304.10576,4270.72669,3.8405450817044455,0.9943286009596208,True,False,3.212180000000444,3.539119999999457,3.88637000000017,8.528720000000249,3.539119999999457,9.757990000000063,14.068630000000667,3.539119999999457,19.233299999999872,6.1224700000002485,3.539119999999457,19.233299999999872,1.4974900000006528,3.539119999999457,19.44347999999991,True
2026-09-24 03:30:00+00:00,2026-09-24 06:30:00+03:00,3,6,ASIA_00_07,4286.33713,4286.60911,4282.24464,4282.43903,-3.8981000000003405,3.8981000000003405,4.364470000000438,0.27198000000043976,0.19438999999965745,4,10,0,5,9.91540999999961,0.39313553347773755,-0.3729299999995419,-1.1392699999996694,-1.8515500000003158,0.9976199999991877,1.8219899999994595,3.1915100000005623,0.41629999999986467,1.7207399999997506,0.0,1.4139199999990524,3.54272999999921,3.1915100000005623,2.1938900000013746,-0.41629999999986467,HIGH_FIRST,1,15,1.3447799999998096,2.9933799999998882,UNKNOWN,8.590089285714255,0.5080820297477895,QUIET,False,True,False,False,True,False,4304.10576,4270.72669,2.5222939226060985,1.3634712760759464,True,False,1.2747900000003938,0.9364999999997963,2.1130400000001828,1.4619300000003932,0.9364999999997963,3.336480000000847,4.725140000000465,0.9364999999997963,6.829220000000532,-0.5481299999992189,0.9364999999997963,14.595800000000054,0.18302000000039698,7.896519999999327,14.595800000000054,True
2026-09-24 06:15:00+00:00,2026-09-24 09:15:00+03:00,6,9,ASIA_00_07,4284.22961,4286.71112,4280.27247,4282.73691,-1.4927000000006956,1.4927000000006956,6.438650000000052,2.4815099999996164,2.4644399999997404,6,8,0,8,18.102680000001783,0.08245740409710323,-1.9922700000006444,4.171519999999873,-3.601820000000771,2.7023900000003778,0.6505800000004456,2.909429999999702,2.754399999999805,2.3798500000002605,1.6540999999997439,5.456790000000183,3.030430000000706,4.563529999999446,0.2070399999993242,-1.1003000000000611,LOW_FIRST,10,3,1.9710200000001805,3.0880600000000413,UNKNOWN,5.680206428571377,1.1335239451182113,HIGH,False,False,False,False,False,False,4304.10576,4274.05223,3.7619847568418754,1.5289373914855529,True,False,-4.038209999999708,6.884599999999409,0.6521099999999933,-4.519609999999375,8.194399999999405,0.6521099999999933,1.2680399999999281,8.194399999999405,5.262080000000424,-17.78755000000001,19.617159999999785,5.262080000000424,-34.15236999999979,35.00943999999981,5.262080000000424,True
2026-09-24 06:30:00+00:00,2026-09-24 09:30:00+03:00,6,9,ASIA_00_07,4283.13716,4283.38902,4275.85231,4278.6987,-4.438460000000305,4.438460000000305,7.5367099999994025,0.2518599999993967,2.846389999999701,5,9,0,7,20.700419999998303,0.21441400705882627,-1.7291900000000169,-2.4025900000006004,-0.6045700000004217,2.436069999999745,6.094739999999547,2.7784099999998944,1.9921599999997852,5.070739999999205,1.1478799999995317,4.42822999999953,11.165479999998752,3.926289999999426,0.3423400000001493,-0.8442800000002535,HIGH_FIRST,3,9,2.7932199999998244,6.094739999999547,UNKNOWN,5.58718357142847,1.3489282934142968,HIGH,False,True,False,False,True,False,4304.10576,4274.05223,4.547382357351945,0.831630094232204,True,False,-0.48139999999966676,4.156189999999697,0.3977500000000873,5.726340000000164,4.156189999999697,6.525849999999991,3.9233500000000276,4.156189999999697,9.300290000000132,-9.567180000000008,15.578950000000077,9.300290000000132,-19.01704999999947,33.495780000000195,9.300290000000132,True
2026-09-24 09:30:00+00:00,2026-09-24 12:30:00+03:00,9,12,EUROPE_07_12,4258.49503,4260.39536,4252.00375,4252.55868,-5.936349999999948,5.936349999999948,8.391610000000583,1.9003300000003946,0.5549300000002404,4,10,0,6,17.020800000000236,0.348770328069178,0.9906399999999849,-3.447700000000623,-3.9044800000001487,0.7756699999990815,3.3775600000008126,5.457720000000336,3.9299599999994825,0.6697100000001228,0.0,4.705629999998564,4.047270000000935,5.457720000000336,4.682050000001254,-3.9299599999994825,HIGH_FIRST,4,15,1.9271799999999832,3.9299599999994825,UNKNOWN,8.589717857142789,0.9769366281364562,NORMAL,False,True,False,False,True,False,4304.10576,4257.03288,6.001021320756915,-0.5208785753398325,True,False,1.7607399999997142,1.2195099999999002,4.02838999999949,0.6627799999996569,1.8196100000004662,6.929329999999936,7.12297000000035,7.355760000000373,10.484129999999823,6.8716199999998935,7.355760000000373,14.69542999999976,20.645520000000033,7.355760000000373,32.75937999999951,True
2026-09-24 10:00:00+00:00,2026-09-24 13:00:00+03:00,10,13,EUROPE_07_12,4254.62247,4259.48801,4250.73907,4253.22146,-1.4010100000004968,1.4010100000004968,8.748940000000403,4.865539999999783,2.482390000000123,6,8,0,3,21.876909999999953,0.06404057977111484,0.4078899999994974,-2.5717100000001665,0.845499999999447,4.091519999999946,2.965530000000399,4.115679999999884,3.1584499999999025,1.9589500000001863,3.3335699999997814,7.249969999999848,4.924480000000585,7.449249999999665,0.02415999999993801,0.17511999999987893,HIGH_FIRST,3,9,5.920410000000023,8.193760000000111,UNKNOWN,8.5912521428571,1.0183544673723035,NORMAL,True,True,False,True,False,True,4304.10576,4251.33917,5.9228037024040345,0.21909379083519534,True,False,-4.636919999999918,5.49398999999994,1.4359400000003006,6.4601900000006935,8.01854000000003,9.821350000000166,2.0973600000006627,8.01854000000003,11.22751000000062,15.811389999999847,8.01854000000003,16.04668000000038,17.334940000000643,8.01854000000003,32.09659999999985,True
2026-09-24 14:45:00+00:00,2026-09-24 17:45:00+03:00,14,17,EU_US_12_17,4255.01737,4262.91991,4253.32823,4253.49781,-1.5195599999997285,1.5195599999997285,9.591679999999542,7.9025400000000445,0.16957999999976892,6,8,0,8,23.534859999997934,0.06456634966172996,3.1161900000006426,2.5294700000004013,-7.1612999999997555,0.9587000000001353,2.263859999999113,8.704719999999725,2.2055700000000797,6.1335999999992055,0.0,3.164270000000215,8.397459999998318,8.704719999999725,7.746019999999589,-2.2055700000000797,HIGH_FIRST,11,15,1.8537674999997762,3.456199999999626,UNKNOWN,8.360606428571439,1.1472469230486735,HIGH,False,True,False,False,True,False,4297.03483,4245.20292,5.2073997708128985,0.9921397533620603,True,False,-6.980939999999464,7.445270000000164,0.7061400000002322,-3.4532799999997223,10.181689999999435,2.002419999999802,3.503310000000056,10.181689999999435,7.729519999999866,21.308780000000297,10.181689999999435,34.115279999999984,19.961860000000343,10.181689999999435,34.115279999999984,True
2026-09-24 15:00:00+00:00,2026-09-24 18:00:00+03:00,15,18,EU_US_12_17,4253.67715,4254.20395,4246.05254,4246.51687,-7.160280000000057,7.160280000000057,8.151410000000396,0.5267999999996391,0.46433000000070024,4,10,0,6,15.467720000001464,0.4629176116453737,-2.298460000000887,-0.8842899999999645,-4.059969999999339,2.6152600000004895,4.056870000000345,3.912779999999657,0.0,1.7883700000002136,0.4735799999998562,2.6152600000004895,5.845240000000558,4.386359999999513,1.2975199999991673,0.4735799999998562,HIGH_FIRST,2,15,1.9258233333336345,4.056870000000345,UNKNOWN,8.254108571428592,0.9875578845929306,NORMAL,False,True,False,False,True,False,4297.03483,4245.20292,6.120341108047207,0.15918738996829615,True,False,3.5276599999997416,3.200749999999971,8.983359999999266,8.141789999999673,3.200749999999971,8.983359999999266,7.252329999999347,3.200749999999971,14.71045999999933,24.36557999999968,3.200749999999971,41.09621999999945,22.540109999999913,3.200749999999971,41.09621999999945,True
2026-09-24 17:30:00+00:00,2026-09-24 20:30:00+03:00,17,20,US_LATE_17_22,4262.51892,4265.48371,4259.30658,4259.56848,-2.950440000000526,2.950440000000526,6.177130000000034,2.9647899999999936,0.26189999999951397,6,8,0,7,9.71118000000115,0.3038188973945676,2.88857999999982,-2.6542800000006537,-3.0518199999996796,0.44201000000066415,3.2518199999994977,3.1783400000003894,2.2478700000010576,0.2713999999996304,0.0,2.689880000001722,3.523219999999128,3.1783400000003894,2.7363299999997253,-2.2478700000010576,HIGH_FIRST,5,15,0.9332628571429658,2.544989999999416,UNKNOWN,11.89081071428557,0.5194877076445978,QUIET,False,True,False,False,True,False,4290.56422,4243.31612,2.6066969481535978,1.3667999929116676,True,False,5.609950000000026,1.5408900000002177,6.032580000000053,9.971459999999752,2.553589999999531,10.260330000000067,11.182020000000193,2.553589999999531,22.903360000000248,15.847279999999955,2.553589999999531,22.903360000000248,18.894960000000538,2.553589999999531,22.903360000000248,True
2026-09-24 18:30:00+00:00,2026-09-24 21:30:00+03:00,18,21,US_LATE_17_22,4274.01024,4282.47184,4262.73725,4270.7505,-3.2597399999995105,3.2597399999995105,19.734590000000026,8.461600000000544,8.013249999999971,4,10,0,3,30.758419999999205,0.10597878564632367,-1.2551899999998568,2.788720000000467,0.5918499999997948,2.685159999999996,2.511160000000018,10.537409999999909,0.39870999999948253,8.126320000000305,0.0,3.0838699999994788,10.637480000000323,10.537409999999909,7.852249999999913,-0.39870999999948253,LOW_FIRST,11,10,6.740336666666432,12.835000000000036,UNKNOWN,12.354756428571298,1.5973273219990247,HIGH,True,True,False,True,False,True,4287.99899,4243.31612,1.3961011776898753,2.2205520730911084,True,False,2.7091700000000856,-0.5633600000001024,4.429030000000239,-1.6935199999998076,3.4465799999998126,4.429030000000239,4.665259999999762,3.4465799999998126,5.494959999999992,0.37972999999965396,5.812550000000556,5.494959999999992,1.0524399999994785,5.812550000000556,10.18445999999949,True
2026-09-24 23:45:00+00:00,2026-09-25 02:45:00+03:00,23,2,LATE_22_24,4274.12118,4274.60032,4265.81235,4266.03263,-8.088550000000396,8.088550000000396,8.787969999999405,0.479139999999461,0.22027999999954773,4,10,0,6,9.746950000001561,0.829854467294805,-1.169329999999718,-3.250909999999749,-4.195740000000114,1.8224599999994098,1.8379400000003443,1.8422600000012608,0.21911000000000058,0.3235100000001694,0.06957000000056723,2.0415699999994104,2.1614500000005137,1.911830000001828,0.019800000001851004,-0.14953999999943335,HIGH_FIRST,1,15,1.4997900000001512,3.646060000000034,UNKNOWN,3.9175257142856674,2.243245007417093,HIGH,False,True,False,False,True,False,4287.61309,4243.31612,5.508696451258692,5.798688166145575,True,False,0.6542699999999968,2.151890000000094,4.543770000000222,3.7101300000003903,2.151890000000094,5.281230000000505,14.590050000000701,2.151890000000094,14.78929000000062,22.529739999999947,2.151890000000094,29.500020000000404,4.784830000000511,2.151890000000094,29.500020000000404,True
2026-09-25 04:45:00+00:00,2026-09-25 07:45:00+03:00,4,7,ASIA_00_07,4273.23917,4273.26809,4262.93802,4263.18147,-10.057699999999386,10.057699999999386,10.330069999999978,0.028919999999743595,0.24345000000084838,4,10,0,5,14.52064000000064,0.6926485333979041,-1.653929999999491,-3.9939500000000407,-4.8998099999998885,1.5805499999996755,3.832860000000437,4.866829999999936,0.8106999999999971,1.5419000000001688,0.0,2.3912499999996726,5.374760000000606,4.866829999999936,3.2862800000002608,-0.8106999999999971,HIGH_FIRST,3,15,1.9307620000001406,4.884720000000016,UNKNOWN,5.698720000000127,1.8127000449223243,HIGH,False,True,False,False,True,False,4295.53265,4257.01489,5.676920431254552,1.0820991380520415,True,False,-5.494160000000193,5.8695400000005975,0.6653699999997116,1.947969999999259,5.8695400000005975,2.3022399999999834,4.312959999999293,5.8695400000005975,11.7843299999995,15.365409999999429,5.8695400000005975,18.489669999999933,31.337529999999788,5.8695400000005975,32.90479999999934,True
2026-09-25 05:00:00+00:00,2026-09-25 08:00:00+03:00,5,8,ASIA_00_07,4263.56582,4263.84684,4257.31193,4257.68731,-5.878509999999551,5.878509999999551,6.534910000000309,0.2810200000003533,0.37538000000040483,4,10,0,8,19.650470000000496,0.29915365892008705,-2.6644799999994575,-1.9129299999995055,-2.080269999999473,3.3542799999995623,2.3143499999996493,6.009310000000369,1.2155400000001464,1.9292199999999866,2.219560000000456,4.569819999999709,4.243569999999636,8.228870000000825,2.6550300000008065,1.0040200000003097,HIGH_FIRST,3,13,2.1946075000000747,3.91570000000047,UNKNOWN,5.941607142857265,1.0998556186698218,NORMAL,False,True,False,False,True,False,4295.53265,4257.01489,6.369545998256689,0.11317140023440087,True,False,7.442129999999452,0.37538000000040483,7.796400000000176,15.06916000000001,0.37538000000040483,17.278489999999692,16.790039999999863,0.37538000000040483,18.192449999999553,18.67279999999937,0.37538000000040483,23.983830000000125,38.90875999999935,0.37538000000040483,40.060669999999845,True
2026-09-25 07:15:00+00:00,2026-09-25 10:15:00+03:00,7,10,EUROPE_07_12,4276.1939,4276.79412,4272.04375,4274.23906,-1.9548400000003312,1.9548400000003312,4.750369999999748,0.6002199999993536,2.195310000000063,7,7,0,6,12.563140000001113,0.15560122708177718,-1.7741000000005442,-0.03776999999990949,-0.3835900000003676,2.268750000000182,1.1806800000003932,2.8536000000003696,0.95212999999967,2.176470000000336,2.2343399999999747,3.220879999999852,3.357150000000729,5.087940000000344,0.5848500000001877,1.2822100000003047,HIGH_FIRST,3,14,1.7584783333334901,3.889509999999973,UNKNOWN,6.512480000000129,0.7294256565854565,QUIET,False,True,False,False,False,True,4295.53265,4257.31193,3.2696591774561767,2.599183413998922,True,False,3.213260000000446,1.8963199999998324,5.849970000000212,5.604559999999765,1.8963199999998324,7.417290000000321,9.224119999999857,1.8963199999998324,10.369290000000547,16.357700000000477,1.8963199999998324,23.508920000000217,31.932520000000295,1.8963199999998324,41.35692000000017,True
2026-09-25 09:15:00+00:00,2026-09-25 12:15:00+03:00,9,12,EUROPE_07_12,4296.45973,4296.85113,4290.18834,4290.59676,-5.862969999999223,5.862969999999223,6.662790000000314,0.39140000000043074,0.40842000000066037,6,8,0,6,15.454169999999976,0.37937786370922744,-4.466339999999946,3.1584899999998015,-4.956499999999323,2.619680000000699,1.0336999999999534,6.081859999999324,0.0,2.490780000000086,0.14033999999992375,2.619680000000699,3.5244800000000396,6.222199999999248,3.462179999998625,0.14033999999992375,HIGH_FIRST,11,13,2.542366666666718,5.8818899999996574,UNKNOWN,6.1930192857143345,1.0758548766947353,NORMAL,False,True,False,False,True,False,4297.74798,4257.31193,1.1547227079521165,5.374572315119356,True,False,2.422969999999623,0.040270000000418804,6.5971700000000055,3.9907299999995303,0.040270000000418804,6.5971700000000055,17.46534999999949,0.040270000000418804,18.91772999999921,15.574819999999818,0.040270000000418804,24.999219999999696,-10.17468000000008,10.507730000000265,24.999219999999696,True
2026-09-25 11:15:00+00:00,2026-09-25 14:15:00+03:00,11,14,EUROPE_07_12,4313.94033,4313.94033,4305.30388,4306.17158,-7.768750000000182,7.768750000000182,8.636449999999968,0.0,0.8676999999997861,2,12,0,3,9.413009999999304,0.8253204872831068,-2.508389999999963,-1.873120000000199,-3.5766999999996187,1.9906399999999849,0.9805999999998676,4.13455999999951,1.190270000000055,0.0,0.0,3.18091000000004,0.9805999999998676,4.13455999999951,2.1439199999995253,-1.190270000000055,HIGH_FIRST,1,15,1.7594833333332645,3.602310000000216,UNKNOWN,6.975169285714336,1.2381706660063518,HIGH,False,True,False,False,True,False,4315.59598,4257.31193,1.3511356662413554,7.004797733019687,True,False,-5.574290000000474,6.021069999999781,1.7700299999996787,-1.295140000000174,6.021069999999781,1.7700299999996787,2.796679999999469,10.425640000000385,2.873099999999795,-25.749499999999898,26.082550000000083,2.873099999999795,-26.00648000000001,51.395590000000084,2.873099999999795,True
2026-09-25 15:30:00+00:00,2026-09-25 18:30:00+03:00,15,18,EU_US_12_17,4280.30365,4285.40819,4276.17786,4276.61849,-3.685159999999996,3.685159999999996,9.230330000000322,5.10454000000027,0.4406300000000556,7,7,0,3,15.622459999998682,0.23588858604856772,4.336830000000191,-5.946109999999862,-2.6946399999997084,0.0,7.121830000000045,2.048069999999825,3.225709999999708,0.0,1.5931899999995949,3.225709999999708,7.121830000000045,3.64125999999942,2.048069999999825,-1.6325200000001132,HIGH_FIRST,6,15,4.524796666666286,8.161299999999756,UNKNOWN,10.98221428571443,0.8404798667976325,NORMAL,True,False,False,True,False,False,4315.59598,4254.77599,3.5491467372569665,1.9888976331860762,True,False,9.916580000000067,6.23566000000028,11.489220000000387,13.507440000000315,6.23566000000028,21.683680000000095,11.605209999999715,6.23566000000028,21.683680000000095,10.039660000000367,6.23566000000028,21.683680000000095,16.985249999999724,6.23566000000028,21.683680000000095,True
2026-09-25 20:30:00+00:00,2026-09-25 23:30:00+03:00,20,23,US_LATE_17_22,4288.04603,4288.04603,4285.56618,4285.59434,-2.451690000000781,2.451690000000781,2.4798500000006243,0.0,0.02815999999984342,5,9,0,8,5.430100000001403,0.4514999723762265,-1.120560000000296,-1.0928299999995943,-0.4213400000007823,0.9110900000005131,1.3150799999993978,1.2406500000006417,0.4483200000004217,0.4254000000000815,0.6310000000003129,1.3594100000009348,1.7404799999994793,1.8716500000009546,0.32956000000012864,0.18267999999989115,HIGH_FIRST,1,14,0.614918750000129,1.164230000000316,UNKNOWN,5.714481428571422,0.43395888690823314,QUIET,False,True,False,False,True,False,4315.59598,4254.77599,5.250107183829031,5.393026538840973,True,False,1.1453900000005888,0.7370299999993222,1.8349200000002384,0.6237600000004022,0.7370299999993222,1.8349200000002384,0.5270000000000437,0.7370299999993222,1.8349200000002384,0.5232900000000882,0.7370299999993222,1.8349200000002384,0.5215200000002369,0.7370299999993222,1.8349200000002384,True
2026-09-25 21:00:00+00:00,2026-09-26 00:00:00+03:00,21,0,US_LATE_17_22,4286.27247,4286.32991,4284.85731,4286.2181,-0.05436999999983527,0.05436999999983527,1.4726000000000568,0.05744000000049709,1.3607899999997244,9,5,0,9,2.1373000000012325,0.02543863753324471,-0.03106999999999971,0.021689999999580323,0.06969000000026426,0.0,0.12546000000020285,0.2920400000002701,1.243159999999989,0.06239000000005035,0.27471000000059576,1.243159999999989,0.1878500000002532,0.5667500000008658,0.2920400000002701,-0.9684499999993932,LOW_FIRST,14,1,0.2341666666667758,1.243159999999989,UNKNOWN,4.967235714285705,0.2964626775743455,QUIET,False,False,False,False,False,False,4315.59598,4254.77599,5.914331771192095,6.329900936565756,True,False,-0.017410000000381842,0.6577299999999013,0.23080000000027212,-0.09676000000035856,0.6577299999999013,0.23080000000027212,0.018430000000080327,0.6577299999999013,0.23080000000027212,0.025679999999738357,0.6577299999999013,0.23080000000027212,0.023009999999885622,0.6577299999999013,0.23080000000027212,True
2026-09-25 23:30:00+00:00,2026-09-26 02:30:00+03:00,23,2,LATE_22_24,4286.14299,4286.33886,4286.08144,4286.11452,-0.028470000000197615,0.028470000000197615,0.25741999999991094,0.19586999999955879,0.03308000000015454,7,7,0,12,1.2055399999953806,0.02361597292525068,0.09972999999990861,0.07229999999981374,-0.028320000000348955,0.1959499999993568,0.08669999999983702,0.21453999999903317,0.23328999999921507,0.19024999999965075,0.13379999999870051,0.4292399999985719,0.2769499999994878,0.3483399999977337,0.018589999999676365,-0.09949000000051456,LOW_FIRST,6,5,0.09023249999965326,0.1305499999998574,UNKNOWN,1.0393364285714597,0.24767726110950222,QUIET,True,True,False,True,False,True,4309.04468,4254.77599,22.062307612479998,30.15244067127905,True,False,0.1089799999999741,0.032049999999799184,0.22493000000031316,0.1283000000003085,0.03217000000040571,0.22493000000031316,0.0013399999998000567,0.03458000000046013,0.22638999999981024,0.0053600000001097214,0.035710000000108266,0.22638999999981024,0.09105999999974301,0.037669999999707215,0.22638999999981024,True
2026-09-26 00:30:00+00:00,2026-09-26 03:30:00+03:00,0,3,ASIA_00_07,4286.14279,4286.33761,4286.07994,4286.11586,-0.026929999999993015,0.026929999999993015,0.2576699999999619,0.19481999999970867,0.03592000000026019,7,7,0,12,1.2112899999956426,0.02223249593416101,0.09929999999985739,0.0875000000005457,-0.028949999999895226,0.17553999999927328,0.108009999999922,0.18521999999938998,0.2047999999986132,0.23138999999991938,0.12096999999903346,0.3803399999978865,0.3393999999998414,0.30618999999842345,0.009680000000116706,-0.08382999999957974,HIGH_FIRST,6,7,0.0912049999996422,0.13066999999955442,UNKNOWN,0.35458785714295765,0.7266746303048899,QUIET,False,True,False,False,False,True,4308.89524,4254.77599,64.241850196286,88.38393466859367,True,False,0.12384000000020023,0.03704999999990832,0.22112000000015541,0.12525000000005093,0.03704999999990832,0.22357999999985623,0.004020000000309665,0.03704999999990832,0.22357999999985623,0.013799999999719148,0.03704999999990832,0.22357999999985623,0.07240000000001601,0.03900999999950727,0.2235900000005131,True
2026-09-26 05:45:00+00:00,2026-09-26 08:45:00+03:00,5,8,ASIA_00_07,4286.14472,4286.33393,4286.08628,4286.10895,-0.03577000000041153,0.03577000000041153,0.24764999999933934,0.18920999999954802,0.022669999999379797,7,7,0,12,1.1764700000003359,0.03040451520259872,0.0927799999999479,0.08108999999967637,-0.03578000000015891,0.17402000000038242,0.0863599999993312,0.21970000000055734,0.20992000000023836,0.19197999999960302,0.1400100000000748,0.3839400000006208,0.2783399999989342,0.35971000000063214,0.045680000000174914,-0.06991000000016356,LOW_FIRST,6,5,0.08733916666665209,0.12199000000055094,UNKNOWN,0.25539499999981025,0.9696744258874423,NORMAL,True,False,False,True,False,False,4297.0096,4281.92173,42.68153252807845,16.395074296689085,True,False,0.11738000000059401,0.032110000000102445,0.22461000000021158,0.12766999999985273,0.032110000000102445,0.22648000000026514,0.004609999999956926,0.032110000000102445,0.23167999999986932,0.009909999999763386,0.032110000000102445,0.23167999999986932,0.03261000000020431,0.032110000000102445,0.23167999999986932,True
2026-09-26 06:45:00+00:00,2026-09-26 09:45:00+03:00,6,9,ASIA_00_07,4286.14875,4286.32981,4286.08062,4286.11356,-0.035190000000511645,0.035190000000511645,0.24919000000045344,0.18105999999988853,0.03294000000005326,7,7,0,12,1.0729100000016842,0.03279865039980651,0.08669000000008964,0.09504999999990105,-0.030969999999797437,0.11506000000099448,0.10663999999997031,0.18135000000074797,0.13273000000117463,0.2293599999993603,0.12226000000009662,0.2477900000021691,0.3359999999993306,0.3036100000008446,0.06628999999975349,-0.010470000001078006,HIGH_FIRST,6,7,0.07974083333344122,0.12276000000019849,UNKNOWN,0.25507142857122744,0.9769420330465133,NORMAL,False,True,False,False,False,True,4297.0096,4284.85731,42.71760291238528,4.925091010923055,True,False,0.1271500000002561,0.03302999999959866,0.22589000000061787,0.11805999999978667,0.0333199999995486,0.22589000000061787,0.0052999999998064595,0.03544999999940046,0.22589000000061787,0.016200000000026193,0.03658999999970547,0.22589000000061787,0.07166000000052009,0.03658999999970547,0.22589000000061787,True
2026-09-26 08:45:00+00:00,2026-09-26 11:45:00+03:00,8,11,EUROPE_07_12,4286.14525,4286.33219,4286.08172,4286.12976,-0.015489999999772408,0.015489999999772408,0.25046999999995023,0.18694000000050437,0.048039999999673455,8,6,0,11,0.9252100000003338,0.016742145026282487,0.073460000000523,-0.010240000000521832,-0.014439999999922293,0.016279999999824213,0.22591000000011263,0.12690999999995256,0.09433999999964726,0.23645000000033178,0.052810000000135915,0.11061999999947147,0.4623600000004444,0.17972000000008848,0.11063000000012835,-0.04152999999951135,HIGH_FIRST,8,9,0.0773972727273014,0.12522999999964668,UNKNOWN,0.25480999999997167,0.9829677014245048,NORMAL,False,False,False,False,False,False,4287.42926,4284.85731,5.0998783407253425,4.993720811583619,True,False,-0.0031899999994493555,0.05018000000018219,0.20725000000038563,0.08024999999997817,0.05018000000018219,0.20784999999978027,0.011800000000221189,0.05018000000018219,0.20784999999978027,0.05546000000049389,0.052779999999984284,0.20791000000008353,0.0638200000003053,0.05290999999942869,0.20791000000008353,True
2026-09-26 09:45:00+00:00,2026-09-26 12:45:00+03:00,9,12,EUROPE_07_12,4286.14537,4286.33165,4286.08144,4286.14156,-0.0038100000001577428,0.0038100000001577428,0.2502100000001519,0.18627999999989697,0.06012000000009721,8,6,0,11,0.9807200000013836,0.003884900889298034,0.059839999999894644,-0.020379999999931897,-0.0025299999997514533,0.0452000000004773,0.23458000000027823,0.12960999999995693,0.11949000000095111,0.22533999999996013,0.05357000000003609,0.16469000000142842,0.45992000000023836,0.18317999999999302,0.08440999999947962,-0.06592000000091502,LOW_FIRST,10,9,0.08285000000011099,0.12409999999999854,UNKNOWN,0.2550385714286157,0.9810672895420633,NORMAL,False,False,False,False,False,False,4286.34091,4285.77551,0.7816464736419874,1.4352730959445787,True,False,-0.023720000000139407,0.061569999999846914,0.19610999999986234,0.059949999999844295,0.06458000000020547,0.19610999999986234,0.0436600000002727,0.06458000000020547,0.19610999999986234,0.03531999999995605,0.06470999999964988,0.19610999999986234,0.06728999999995722,0.06470999999964988,0.19610999999986234,True
2026-09-26 12:00:00+00:00,2026-09-26 15:00:00+03:00,12,15,EU_US_12_17,4286.14106,4286.33354,4286.08017,4286.10941,-0.03164999999989959,0.03164999999989959,0.25336999999944965,0.1924799999997049,0.029239999999845168,7,7,0,12,1.1931499999982407,0.02652642165691343,0.09623999999985244,0.08417000000008557,-0.03164999999989959,0.17427999999927124,0.097580000000562,0.20133999999961816,0.20707999999922322,0.2121900000001915,0.1297599999998056,0.38135999999849446,0.3097700000007535,0.33109999999942374,0.027060000000346918,-0.07731999999941763,HIGH_FIRST,6,7,0.08924999999984114,0.1266799999993964,UNKNOWN,0.25497285714300233,0.9937136165727095,NORMAL,False,False,False,False,False,False,4286.34091,4286.07684,0.9079397807039183,0.12773908707481876,True,False,0.12049000000024535,0.03165999999964697,0.22273000000041066,0.12598999999954685,0.03165999999964697,0.22392000000036205,0.004299999999602733,0.032559999999648426,0.22453000000041357,0.012770000000273285,0.032559999999648426,0.22453000000041357,0.08262999999988097,0.032559999999648426,0.22453000000041357,True
2026-09-26 13:00:00+00:00,2026-09-26 16:00:00+03:00,13,16,EU_US_12_17,4286.14106,4286.32911,4286.07685,4286.11371,-0.02735000000029686,0.02735000000029686,0.25225999999929627,0.18804999999974825,0.03685999999925116,7,7,0,12,1.0885500000049433,0.02512516650606096,0.09266000000025088,0.09730000000035943,-0.02735000000029686,0.12151999999969121,0.11548000000038883,0.17431000000124186,0.13493999999991502,0.24488000000110333,0.11116000000129134,0.2564599999996062,0.36036000000149215,0.2854700000025332,0.05279000000155065,-0.02377999999862368,LOW_FIRST,8,7,0.08165083333369694,0.12612000000081025,UNKNOWN,0.254774285714445,0.990131320717481,NORMAL,False,True,False,False,False,True,4286.34063,4286.07684,0.8906707337584265,0.1447163315423147,True,False,0.12837000000035914,0.03596999999990658,0.21983000000000175,0.11525000000074215,0.03596999999990658,0.21983000000000175,0.008470000000670552,0.03674999999930151,0.22023000000081083,0.02050000000053842,0.03685999999925116,0.22023000000081083,0.06202000000030239,0.03686999999990803,0.22023000000081083,True
2026-09-26 15:00:00+00:00,2026-09-26 18:00:00+03:00,15,18,EU_US_12_17,4286.14106,4286.32977,4286.07696,4286.13421,-0.006849999999758438,0.006849999999758438,0.252809999999954,0.18871000000035565,0.05724999999983993,8,6,0,11,0.9606800000001385,0.007130365990504071,0.0733700000000681,-0.018089999999574502,-0.006849999999758438,0.023130000000492146,0.23672999999962485,0.12784999999985303,0.09757000000081462,0.24078999999983353,0.05323000000043976,0.12070000000130676,0.4775199999994584,0.18108000000029278,0.10471999999936088,-0.04434000000037486,HIGH_FIRST,8,9,0.08144909090912154,0.1264099999998507,UNKNOWN,0.2545814285713277,0.9930417997050505,NORMAL,False,True,False,False,False,True,4286.34063,4286.07684,0.8108211237478044,0.22535029488363773,True,False,-0.014580000000023574,0.05735999999978958,0.19971999999961554,0.07089999999971042,0.05735999999978958,0.19971999999961554,0.05782999999973981,0.05735999999978958,0.19971999999961554,0.04151999999976397,0.05737000000044645,0.19971999999961554,0.06455999999980122,0.05737000000044645,0.19971999999961554,True
2026-09-26 17:15:00+00:00,2026-09-26 20:15:00+03:00,17,20,US_LATE_17_22,4286.14106,4286.33331,4286.07961,4286.10901,-0.032049999999799184,0.032049999999799184,0.2537000000002081,0.1922500000000582,0.0294000000003507,7,7,0,12,1.1859099999992395,0.027025659619886615,0.09612000000015541,0.07404000000042288,-0.032049999999799184,0.18893999999909283,0.08156000000053609,0.22199000000000524,0.22603999999955704,0.1824400000004971,0.13893999999982043,0.4149799999986499,0.2640000000010332,0.36092999999982567,0.033050000000912405,-0.08709999999973661,LOW_FIRST,6,5,0.08829083333330345,0.1268499999996493,UNKNOWN,0.25439142857125524,0.997282028820977,NORMAL,True,False,False,True,False,False,4286.34063,4286.07684,0.9104866516156582,0.12645866325403674,True,False,0.11120000000028085,0.032040000000051805,0.22491999999965628,0.1283000000003085,0.03217000000040571,0.22491999999965628,0.0013200000003052992,0.03217000000040571,0.22491999999965628,0.007029999999758729,0.03217000000040571,0.22491999999965628,0.029770000000098662,0.03217000000040571,0.22491999999965628,True
2026-09-26 18:15:00+00:00,2026-09-26 21:15:00+03:00,18,21,US_LATE_17_22,4286.14106,4286.33218,4286.0781,4286.11033,-0.030729999999493884,0.030729999999493884,0.2540800000006129,0.19112000000041007,0.03223000000070897,7,7,0,12,1.0787699999982578,0.028486146258742375,0.09555999999975029,0.08874000000014348,-0.030729999999493884,0.11481000000003405,0.10423999999966327,0.18897999999990134,0.14163000000007742,0.22445999999945343,0.12355999999999767,0.25644000000011147,0.3286999999991167,0.312539999999899,0.07416999999986729,-0.018070000000079744,HIGH_FIRST,6,7,0.08000749999988936,0.12703999999939697,UNKNOWN,0.2545185714284993,0.9982768588342105,NORMAL,False,False,False,False,False,False,4286.34063,4286.07684,0.9048455627685221,0.13158175379009304,True,False,0.12386999999944237,0.033360000000357104,0.2229699999998047,0.12342999999964377,0.033360000000357104,0.22359999999935098,0.00570999999945343,0.03349000000071101,0.22359999999935098,0.015419999999721767,0.03349000000071101,0.22359999999935098,0.0782599999993181,0.03349000000071101,0.2254399999992529,True
2026-09-26 21:15:00+00:00,2026-09-27 00:15:00+03:00,21,0,US_LATE_17_22,4286.14106,4286.32902,4286.07684,4286.13878,-0.0022799999997005216,0.0022799999997005216,0.25218000000040774,0.18796000000020285,0.06194000000050437,8,6,0,11,0.9808499999962805,0.0023245144514545215,0.06894999999985885,-0.02136999999947875,-0.0022799999997005216,0.03352999999970052,0.24017999999887252,0.12707999999929598,0.10818999999992229,0.23777999999947497,0.05253999999968073,0.14171999999962281,0.4779599999983475,0.1796199999989767,0.09354999999959546,-0.05565000000024156,LOW_FIRST,10,9,0.08320999999969816,0.12608999999974912,UNKNOWN,0.25458285714291506,0.9905615909512775,NORMAL,False,True,False,False,False,True,4286.33767,4286.07684,0.7812387771577799,0.24329996408883547,True,False,-0.022030000000086147,0.061080000000401924,0.19478999999955704,0.06332999999995081,0.061080000000401924,0.19478999999955704,0.049809999999524734,0.061080000000401924,0.19698999999945954,0.033910000000105356,0.061080000000401924,0.19698999999945954,0.06672999999955209,0.061080000000401924,0.19698999999945954,True
2026-09-26 23:30:00+00:00,2026-09-27 02:30:00+03:00,23,2,LATE_22_24,4286.1429,4286.33576,4286.08417,4286.11078,-0.032119999999849824,0.032119999999849824,0.251589999999851,0.19286000000010972,0.026609999999891443,7,7,0,12,1.190480000000207,0.026980713661585446,0.09643000000050961,0.07895000000007713,-0.032119999999849824,0.17910000000028958,0.08952000000044791,0.21303999999963708,0.2179100000003018,0.19725999999991473,0.13519999999971333,0.3970100000005914,0.28678000000036263,0.3482399999993504,0.03393999999934749,-0.08271000000058848,LOW_FIRST,6,5,0.08879916666667971,0.12580000000070868,UNKNOWN,0.2543614285714284,0.9891043678000135,NORMAL,True,False,False,True,False,False,4286.33577,4286.07684,0.8845287639062243,0.1334321803068744,True,False,0.11599000000023807,0.032119999999849824,0.2246500000001106,0.12770999999975174,0.032119999999849824,0.2246500000001106,0.002749999999650754,0.032119999999849824,0.2246500000001106,0.009790000000066357,0.032119999999849824,0.22497999999995955,0.08896000000004278,0.032119999999849824,0.22497999999995955,True
2026-09-27 00:30:00+00:00,2026-09-27 03:30:00+03:00,0,3,ASIA_00_07,4286.1429,4286.33176,4286.07883,4286.11353,-0.02937000000019907,0.02937000000019907,0.25292999999965105,0.1888600000002043,0.034699999999247666,7,7,0,12,1.0912499999994907,0.026914089347274024,0.09443000000010215,0.09295000000020082,-0.02937000000019907,0.11845999999968626,0.11001000000032946,0.17910000000028958,0.1390899999996691,0.2349899999999252,0.11995999999999185,0.25754999999935535,0.34500000000025466,0.29906000000028143,0.06064000000060332,-0.01912999999967724,HIGH_FIRST,6,7,0.08140333333327969,0.12645999999949709,UNKNOWN,0.25437928571422425,0.9943026582903399,NORMAL,False,True,False,False,False,True,4286.33577,4286.07684,0.8736560422994736,0.14423344218808037,True,False,0.12642000000050757,0.03486999999950058,0.2222300000003088,0.12003000000004249,0.03486999999950058,0.2222300000003088,0.007040000000415603,0.03486999999950058,0.2222300000003088,0.017900000000736327,0.03486999999950058,0.2222300000003088,0.0697200000004159,0.03486999999950058,0.2222300000003088,True
2026-09-27 02:30:00+00:00,2026-09-27 05:30:00+03:00,2,5,ASIA_00_07,4286.1429,4286.33411,4286.08002,4286.13143,-0.011469999999462743,0.011469999999462743,0.2540899999994508,0.19120999999995547,0.051410000000032596,7,7,0,12,0.9469300000009753,0.012112827769160265,0.07780999999977212,-0.014110000000073342,-0.011469999999462743,0.07135000000016589,0.23096000000077765,0.12432999999964522,0.04838000000017928,0.2419900000004418,0.05026999999972759,0.11973000000034517,0.47295000000121945,0.1745999999993728,0.05297999999947933,0.0018899999995483086,HIGH_FIRST,8,9,0.07301416666678051,0.12704000000030646,UNKNOWN,0.2545942857141199,0.9980192575286809,NORMAL,False,False,False,False,False,False,4286.33577,4286.07684,0.8026103155699659,0.21441958073616138,True,False,-0.006400000000212458,0.052590000000236614,0.2036499999994703,0.08060999999997875,0.052590000000236614,0.20432999999957246,0.0683099999996557,0.052770000000236905,0.20432999999957246,0.05181999999967957,0.052770000000236905,0.20432999999957246,0.06353999999919324,0.052770000000236905,0.20432999999957246,True
2026-09-27 05:45:00+00:00,2026-09-27 08:45:00+03:00,5,8,ASIA_00_07,4286.1429,4286.33545,4286.08222,4286.11119,-0.031710000000202854,0.031710000000202854,0.25322999999934837,0.19254999999975553,0.028969999999389984,7,7,0,12,1.1933000000017273,0.02657336797130391,0.09627000000000407,0.08377000000018597,-0.031710000000202854,0.17470000000048458,0.09698000000025786,0.20231000000057975,0.20798000000013417,0.211090000000695,0.13022999999975582,0.38268000000061875,0.30807000000095286,0.33254000000033557,0.02761000000009517,-0.07775000000037835,HIGH_FIRST,6,7,0.08924166666679412,0.12661000000025524,UNKNOWN,0.2545692857141018,0.9947390129528133,NORMAL,False,False,False,False,False,False,4286.33577,4286.07684,0.8821959780814964,0.13493379573874156,True,False,0.12017000000014377,0.03170999999929336,0.22294000000056258,0.12617000000045664,0.03170999999929336,0.22388000000046304,0.004180000000815198,0.032529999999496795,0.22457000000031258,0.012540000000626605,0.032529999999496795,0.22457000000031258,0.0831400000006397,0.032539999999244174,0.22457000000031258,True
2026-09-27 06:45:00+00:00,2026-09-27 09:45:00+03:00,6,9,ASIA_00_07,4286.1429,4286.33069,4286.07866,4286.11537,-0.027529999999387655,0.027529999999387655,0.2520299999996496,0.18778999999994994,0.03671000000031199,7,7,0,12,1.089069999995445,0.025278448584115622,0.09281999999984691,0.09695999999985361,-0.027529999999387655,0.12131999999928667,0.11509000000023661,0.17472999999881722,0.13531999999941036,0.24416999999994005,0.11186999999881664,0.256639999998697,0.35926000000017666,0.28659999999763386,0.053409999999530555,-0.023450000000593718,LOW_FIRST,8,7,0.08165416666633973,0.1260099999999511,UNKNOWN,0.2544714285713131,0.9904058833426979,NORMAL,False,True,False,False,False,True,4286.33577,4286.07684,0.8661090214985759,0.1514118901954508,True,False,0.1282599999995,0.03590000000076543,0.22007999999914318,0.11565999999947962,0.03590000000076543,0.22007999999914318,0.008359999999811407,0.03652000000056432,0.22038999999949738,0.020309999999881256,0.03671000000031199,0.22038999999949738,0.06263999999919179,0.03672000000005937,0.22038999999949738,True
2026-09-27 08:45:00+00:00,2026-09-27 11:45:00+03:00,8,11,EUROPE_07_12,4286.1429,4286.33184,4286.07885,4286.13568,-0.007219999999506399,0.007219999999506399,0.2529899999999543,0.18894000000000233,0.05683000000044558,8,6,0,11,0.9581699999998818,0.007535197302678324,0.0737200000003213,-0.01779999999962456,-0.007219999999506399,0.022249999999985448,0.23633999999947264,0.12765000000035798,0.09663999999975204,0.2409399999996822,0.05306000000109634,0.11888999999973748,0.4772799999991548,0.18071000000145432,0.10540000000037253,-0.043579999998655694,HIGH_FIRST,8,9,0.08122818181817076,0.12648999999964872,UNKNOWN,0.2545971428570998,0.9936875063124824,NORMAL,False,True,False,False,False,True,4286.33577,4286.07684,0.7859082696449189,0.23111021333662848,True,False,-0.013960000000224682,0.05702999999994063,0.20007999999961612,0.07166999999935797,0.05702999999994063,0.20007999999961612,0.05864999999994325,0.05702999999994063,0.20007999999961612,0.04232999999931053,0.05702999999994063,0.20007999999961612,0.06449999999949796,0.05702999999994063,0.20007999999961612,True
2026-09-27 11:00:00+00:00,2026-09-27 14:00:00+03:00,11,14,EUROPE_07_12,4286.1429,4286.33505,4286.08125,4286.11088,-0.03201999999964755,0.03201999999964755,0.25379999999950087,0.19214999999985594,0.02962999999999738,7,7,0,12,1.1854000000002998,0.027011979078487815,0.09607000000050903,0.07361000000037166,-0.03201999999964755,0.19002000000000407,0.08084999999937281,0.22267999999985477,0.22665000000051805,0.18110999999953492,0.1392100000002756,0.4166700000005221,0.26195999999890773,0.3618900000001304,0.0326599999998507,-0.08744000000024243,LOW_FIRST,6,5,0.08824166666674198,0.1268900000004578,UNKNOWN,0.2544264285713455,0.9975378793179539,NORMAL,True,False,False,True,False,False,4286.33576,4286.07865,0.8838704424791982,0.1266770916086716,True,False,0.11075999999957276,0.03202000000055705,0.22487999999975727,0.128299999999399,0.032229999999799475,0.22487999999975727,0.0011899999999513966,0.032229999999799475,0.22487999999975727,0.006789999999455176,0.032229999999799475,0.22487999999975727,0.02934000000004744,0.032229999999799475,0.22487999999975727,True
2026-09-27 12:00:00+00:00,2026-09-27 15:00:00+03:00,12,15,EU_US_12_17,4286.1429,4286.33416,4286.08007,4286.11207,-0.030829999999696156,0.030829999999696156,0.2540900000003603,0.19126000000051135,0.032000000000152795,7,7,0,12,1.077939999998307,0.028600849768766885,0.09562999999980093,0.08837000000039552,-0.030829999999696156,0.11445000000003347,0.10371000000031927,0.19007999999939784,0.14178999999967346,0.22349000000031083,0.12412999999924068,0.2562399999997069,0.3272000000006301,0.3142099999986385,0.07562999999936437,-0.017660000000432774,HIGH_FIRST,6,7,0.07991083333323938,0.12703999999939697,UNKNOWN,0.2545407142856675,0.9982293037615925,NORMAL,False,False,False,False,False,False,4286.33576,4286.07865,0.8787985082369247,0.1312953021819687,True,False,0.12360999999964406,0.033210000000508444,0.2229699999998047,0.12368999999944208,0.033210000000508444,0.22368999999980588,0.00559999999950378,0.03341999999975087,0.22368999999980588,0.015199999999822467,0.03341999999975087,0.22368999999980588,0.07686000000012427,0.03341999999975087,0.22368999999980588,True
2026-09-27 15:00:00+00:00,2026-09-27 18:00:00+03:00,15,18,EU_US_12_17,4286.1429,4286.3306,4286.07865,4286.14022,-0.0026799999996001134,0.0026799999996001134,0.25194999999985157,0.18770000000040454,0.061569999999846914,8,6,0,11,0.9794299999994109,0.00273628539007558,0.06933000000026368,-0.02110999999968044,-0.0026799999996001134,0.03267000000050757,0.2399599999998827,0.12717999999949825,0.10733000000072934,0.23809999999957654,0.05260999999973137,0.1400000000012369,0.47805999999945925,0.17978999999922962,0.09450999999899068,-0.05472000000099797,LOW_FIRST,10,9,0.08308454545451903,0.12597999999979947,UNKNOWN,0.254597857142796,0.9895998451335775,QUIET,False,True,False,False,False,True,4286.33576,4286.07865,0.7680347438668251,0.2418323574707631,True,False,-0.021400000000539876,0.06079000000045198,0.1952499999997599,0.062199999999393185,0.06079000000045198,0.1952499999997599,0.04871000000002823,0.06134999999994761,0.19552999999996246,0.032669999999598076,0.061569999999846914,0.19552999999996246,0.06304000000000087,0.10073999999985972,0.37012999999933527,True
2026-09-27 17:15:00+00:00,2026-09-27 20:15:00+03:00,17,20,US_LATE_17_22,4286.1429,4286.33575,4286.08397,4286.11077,-0.0321299999995972,0.0321299999995972,0.25178000000050815,0.19285000000036234,0.026800000000548607,7,7,0,12,1.1900099999993472,0.026999773110826655,0.09643000000050961,0.07862999999997555,-0.0321299999995972,0.17932999999993626,0.08902000000034604,0.21366999999918335,0.2184800000004543,0.19632999999976164,0.13548999999966327,0.3978100000003906,0.2853500000001077,0.3491599999988466,0.034339999999247084,-0.08299000000079104,LOW_FIRST,6,5,0.08874916666665437,0.12590000000000146,UNKNOWN,0.25437999999992045,0.9897790706839645,QUIET,True,False,False,True,False,False,4286.33576,4286.07865,0.8844641874352437,0.1262677883475897,True,False,0.11569999999937863,0.032119999999849824,0.22470999999950436,0.12777999999980238,0.032119999999849824,0.22470999999950436,0.013579999999819847,0.03852000000006228,0.39957999999933236,0.015010000000074797,0.07128999999986263,0.39957999999933236,0.06921999999940454,0.8862200000003213,0.39957999999933236,True
2026-09-27 18:15:00+00:00,2026-09-27 21:15:00+03:00,18,21,US_LATE_17_22,4286.14106,4286.51035,4286.0826,4286.12435,-0.016709999999875436,0.016709999999875436,0.42774999999983265,0.3692899999996371,0.04175000000032014,6,8,0,10,1.4808199999988574,0.01128428843471072,0.1000899999999092,0.31948000000011234,-0.2334499999997206,0.11637999999948079,0.11119000000053347,0.2293599999993603,0.14287999999942258,0.46265000000039436,0.08972999999969034,0.25925999999890337,0.5738400000009278,0.31908999999905063,0.11297999999987951,-0.053149999999732245,LOW_FIRST,10,7,0.1363769999999022,0.3369300000003932,UNKNOWN,0.2673657142855908,1.5998685588494153,HIGH,True,False,False,True,False,False,4286.33576,4286.07225,0.7907146978990217,0.1948641774772614,True,False,0.11430999999993219,0.049380000000383006,0.2150599999995393,0.10924999999951979,0.049380000000383006,0.2150599999995393,0.0014300000002549496,0.08486999999968248,0.2216099999996004,0.01889000000028318,0.16755000000011933,0.2216099999996004,-16.200630000000274,23.99757000000045,1.2808699999995952,True
2026-09-28 02:45:00+00:00,2026-09-28 05:45:00+03:00,2,5,ASIA_00_07,4208.12755,4208.12755,4195.33479,4195.62526,-12.502290000000357,12.502290000000357,12.792760000000271,0.0,0.29046999999991385,6,8,0,7,20.453789999998662,0.6112456420057689,-3.7552400000004127,-2.878139999999803,-5.998330000000351,3.264509999999973,4.304290000000037,8.092799999999443,1.142149999999674,0.8770500000000538,0.30340999999953056,4.406659999999647,5.181340000000091,8.396209999998973,4.82828999999947,-0.8387400000001435,HIGH_FIRST,1,13,2.8502114285712588,7.5904899999995905,UNKNOWN,9.877341428571201,1.2951622754475136,HIGH,False,True,False,False,True,False,4287.40522,4205.74505,9.291969976305275,-1.0245459340636074,True,False,6.961479999999938,-0.3829299999997602,7.872010000000046,1.3572599999997692,1.01242000000002,7.872010000000046,2.30370000000039,3.4562299999997776,7.872010000000046,1.2030500000000757,3.4562299999997776,7.872010000000046,-31.12962999999945,32.94783000000007,7.872010000000046,True
2026-09-28 08:45:00+00:00,2026-09-28 11:45:00+03:00,8,11,EUROPE_07_12,4150.07515,4152.47903,4144.93529,4145.40154,-4.673609999999826,4.673609999999826,7.543740000000071,2.403880000000754,0.4662499999994907,5,9,0,6,16.4323600000007,0.284415020118816,0.3944000000001324,-3.6633300000003146,-1.7373500000003332,1.7740600000006452,3.8717399999995905,3.5764600000002247,3.072650000000067,1.8492399999995541,0.6528900000002977,4.846710000000712,5.720979999999145,4.229350000000522,1.8023999999995794,-2.419759999999769,HIGH_FIRST,4,15,2.4918833333334383,6.401880000000347,UNKNOWN,8.699137142857255,0.8671825580073921,QUIET,True,False,False,True,False,False,4287.40522,4143.53195,16.323881054869577,0.21491671752012084,True,False,-2.733510000000024,4.271839999999429,1.2530000000006112,-0.2922600000001694,5.707690000000184,3.287470000000212,10.656869999999799,5.707690000000184,11.738350000000537,11.161850000000413,5.707690000000184,14.276920000000246,8.927690000000439,5.707690000000184,25.783910000000105,True
2026-09-28 15:30:00+00:00,2026-09-28 18:30:00+03:00,15,18,EU_US_12_17,4124.75993,4127.09258,4119.8039,4120.53986,-4.220070000000305,4.220070000000305,7.288680000000568,2.332650000000285,0.7359599999999773,6,8,0,6,19.80127000000175,0.21312117859106675,-1.616979999999785,-0.10159999999996217,-4.1498099999998885,3.147700000000441,2.0368099999996048,3.6056600000010803,1.4009400000004462,3.8270699999993667,2.4977000000008047,4.548640000000887,5.8638799999989715,6.103360000001885,0.4579600000006394,1.0967600000003586,HIGH_FIRST,2,13,2.98007666666687,5.105739999999969,UNKNOWN,11.45740285714315,0.636154640879754,QUIET,True,False,False,True,False,False,4200.61743,4113.02595,6.989155483005103,0.6558126735776861,True,False,2.2979199999999764,4.130079999999907,4.021910000000389,-2.5959100000000035,4.130079999999907,4.021910000000389,12.15882000000056,4.216370000000097,27.11671000000024,17.128340000000208,4.216370000000097,27.11671000000024,9.021359999999731,4.216370000000097,27.11671000000024,True
2026-09-28 16:00:00+00:00,2026-09-28 19:00:00+03:00,16,19,EU_US_12_17,4122.99952,4124.07312,4117.76817,4117.94395,-5.0555700000004435,5.0555700000004435,6.304949999999735,1.0735999999997148,0.17577999999957683,5,9,0,6,12.167790000000423,0.41548793988064125,-1.630460000000312,-0.21004999999968277,-3.9075300000004063,2.4594399999996313,2.340629999999692,3.865810000000238,0.1734599999999773,2.343069999999898,0.5524700000005396,2.6328999999996086,4.68369999999959,4.418280000000777,1.4063700000006065,0.3790100000005623,HIGH_FIRST,9,15,1.383663333333364,2.614190000000235,UNKNOWN,10.45409428571455,0.603108201215997,QUIET,False,False,False,False,False,False,4200.61743,4113.02595,7.908239369236715,0.4704376931744417,True,False,28.670790000000125,1.6204600000000937,29.712620000000243,14.754730000000563,1.6204600000000937,29.712620000000243,24.342720000000554,1.6204600000000937,29.712620000000243,17.162720000000263,1.6204600000000937,29.712620000000243,3.003639999999905,1.6204600000000937,29.712620000000243,True
2026-09-28 16:45:00+00:00,2026-09-28 19:45:00+03:00,16,19,EU_US_12_17,4133.0443,4133.08535,4128.80321,4128.94353,-4.100770000000011,4.100770000000011,4.282140000000254,0.04105000000072323,0.1403199999995195,4,10,0,4,12.885750000000371,0.3182406922375409,-2.119079999999485,1.2774099999996906,-1.8067800000007992,2.2448199999998906,1.3972199999998338,3.9073200000002544,0.9885199999998804,2.950670000000173,0.0,3.233339999999771,4.347890000000007,3.9073200000002544,1.6625000000003638,-0.9885199999998804,LOW_FIRST,11,9,2.244607500000029,3.835360000000037,UNKNOWN,11.988784285714441,0.35717883464654154,QUIET,False,True,False,False,True,False,4199.45631,4113.02595,5.8815621600616685,1.3277059308645984,True,False,13.343140000000858,8.690449999999146,17.681120000000192,7.041290000000117,8.690449999999146,17.681120000000192,5.820710000000872,8.690449999999146,17.681120000000192,11.265550000000076,8.690449999999146,17.681120000000192,-13.868349999999737,17.14389999999912,17.681120000000192,True
2026-09-28 17:45:00+00:00,2026-09-28 20:45:00+03:00,17,20,US_LATE_17_22,4137.84567,4140.10102,4134.45239,4134.76424,-3.0814299999992727,3.0814299999992727,5.6486299999996845,2.2553500000003623,0.3118500000000495,4,10,0,6,14.976159999996526,0.205755681029048,-2.3736599999992904,1.6478100000003906,-3.2262699999992037,2.7911499999991065,2.102199999999357,3.6681599999992613,0.7386799999994764,0.8034399999996822,0.935059999999794,3.529829999998583,2.905639999999039,4.603219999999055,0.8770100000001548,0.19638000000031752,HIGH_FIRST,7,15,2.1112549999994976,4.434219999999186,UNKNOWN,11.630127857142854,0.485689415403157,QUIET,True,False,False,True,False,False,4185.03773,4113.02595,4.322694523871739,1.8691359430454815,True,False,0.3424299999996947,0.7571400000006179,3.4521899999999732,0.2733799999996336,0.824600000000828,3.4521899999999732,5.444839999999203,2.8565000000007785,5.5081899999995585,-11.39629000000059,12.072950000000674,6.408519999999953,-20.24649000000045,22.964609999999993,6.408519999999953,True
2026-09-28 20:30:00+00:00,2026-09-28 23:30:00+03:00,20,23,US_LATE_17_22,4117.56822,4118.78696,4114.54905,4114.85176,-2.716460000000552,2.716460000000552,4.237910000000738,1.2187400000002526,0.30270999999993364,8,6,0,5,10.46600000000035,0.259550926810669,0.5952099999994971,-1.9553900000000795,-1.226010000000315,0.6487700000006953,0.8056699999997363,3.4584500000000844,0.873700000000099,0.8140000000003056,1.567349999999351,1.5224700000007942,1.619670000000042,5.025799999999435,2.809679999999389,0.693649999999252,HIGH_FIRST,14,15,1.4015100000000529,2.815929999999753,UNKNOWN,5.737895000000013,0.7385827032388582,QUIET,False,True,False,False,True,False,4171.18545,4113.02595,9.817832149246415,0.31820205842026744,True,False,0.2234200000002602,3.0521299999991243,0.5051100000000588,0.4941900000003443,3.0521299999991243,0.7133100000000923,0.43796000000020285,3.0521299999991243,0.7133100000000923,9.701450000000477,3.0521299999991243,11.832210000000487,6.774630000000798,3.0521299999991243,14.357600000000275,True
2026-09-28 21:45:00+00:00,2026-09-29 00:45:00+03:00,21,0,US_LATE_17_22,4115.25356,4115.44532,4114.16569,4114.51775,-0.7358100000001286,0.7358100000001286,1.2796299999999974,0.19175999999970372,0.352060000000165,8,6,0,9,1.8665600000003906,0.39420645465453813,0.08644999999978609,0.06601000000046042,-0.7518499999996493,0.11956000000009226,0.16359000000011292,0.8808599999993021,0.17532000000028347,0.12373000000025058,0.22571999999945547,0.29488000000037573,0.2873200000003635,1.1065799999987576,0.7612999999992098,0.050399999999171996,HIGH_FIRST,4,15,0.12268888888896375,0.16359000000011292,UNKNOWN,4.304698571428552,0.2972635548730979,QUIET,True,True,False,True,True,False,4171.18545,4111.79963,13.16415053451566,0.6314309712741425,True,False,7.353100000000268,0.9842200000002777,8.146810000000187,11.760549999999967,0.9842200000002777,12.166220000000067,7.155469999999696,0.9842200000002777,12.166220000000067,12.22976000000017,0.9842200000002777,14.691609999999855,21.36851999999999,2.4274199999999837,22.297639999999774,True
2026-09-29 04:15:00+00:00,2026-09-29 07:15:00+03:00,4,7,ASIA_00_07,4131.49272,4131.71921,4128.98964,4129.52096,-1.9717600000003586,1.9717600000003586,2.7295700000004217,0.22649000000001251,0.5313200000000506,6,8,0,7,6.036159999998745,0.32665800774014747,0.1553699999994933,-1.619209999999839,-0.5673999999999069,0.3058099999998376,1.7787099999995917,0.9144599999999627,0.6999599999999191,0.6393600000001243,0.8122699999994438,1.0057699999997567,2.418069999999716,1.7267299999994066,0.6086500000001251,0.11230999999952473,HIGH_FIRST,4,14,0.7965885714284013,1.3913099999999758,UNKNOWN,6.832724285714188,0.399484873948066,QUIET,False,True,False,False,True,False,4147.65657,4111.79963,2.6542282758164375,2.5935965303109083,True,False,-1.9179299999996147,4.278599999999642,2.8694800000002942,-2.413209999999708,4.278599999999642,2.8694800000002942,0.35987999999997555,4.278599999999642,3.3935700000001816,14.416839999999866,6.829670000000078,18.823849999999766,11.2793300000003,6.829670000000078,19.512319999999818,True
2026-09-29 04:45:00+00:00,2026-09-29 07:45:00+03:00,4,7,ASIA_00_07,4127.22066,4128.8877,4126.27744,4127.10775,-0.11290999999982887,0.11290999999982887,2.6102600000003804,1.66704000000027,0.8303100000002814,7,7,0,10,9.342740000000049,0.01208531972417388,-0.6778999999996813,1.1183699999992314,-1.0563999999994849,1.4154399999997622,0.9053100000000995,2.022490000000289,1.5067099999996572,1.6901099999995495,0.35570000000006985,2.9221499999994194,2.595419999999649,2.378190000000359,0.6070500000005268,-1.1510099999995873,LOW_FIRST,11,1,0.898703999999998,2.022490000000289,UNKNOWN,5.5646871428570455,0.46907578683034634,QUIET,False,False,False,False,False,False,4146.62465,4111.79963,3.5072771386711192,2.7509399193536925,True,False,2.151100000000042,1.01433999999972,3.58744999999999,2.7730899999996836,1.01433999999972,5.80677999999989,9.917499999999563,4.41646000000037,17.282819999999447,12.475789999999506,4.41646000000037,21.237059999999474,10.7787900000003,4.41646000000037,21.925529999999526,True
2026-09-29 06:45:00+00:00,2026-09-29 09:45:00+03:00,6,9,ASIA_00_07,4144.57438,4145.07512,4139.41551,4139.58354,-4.990840000000389,4.990840000000389,5.659610000000612,0.5007400000004054,0.16802999999981694,5,9,0,6,9.719419999998536,0.5134915457919446,-1.9808400000001711,-0.7760600000001432,-1.8599000000003798,2.145089999999982,2.044199999999364,2.2612699999999677,1.170470000000023,1.5872999999992317,0.0,3.315560000000005,3.6314999999985957,2.2612699999999677,0.11617999999998574,-1.170470000000023,HIGH_FIRST,1,15,1.2430249999997613,2.445659999999407,UNKNOWN,6.554335714285636,0.8634910152168577,QUIET,False,True,False,False,True,False,4148.34481,4111.79963,1.3367136475637285,4.2390123440644345,True,False,4.5886200000004465,3.4210699999994176,5.150580000000446,8.0289300000004,3.4210699999994176,9.44974000000002,0.9422600000007151,3.4210699999994176,9.44974000000002,-1.696999999999207,3.4210699999994176,9.44974000000002,14.839930000000095,3.4210699999994176,14.965689999999995,True
2026-09-29 08:45:00+00:00,2026-09-29 11:45:00+03:00,8,11,EUROPE_07_12,4139.51427,4142.31732,4137.70275,4137.88654,-1.6277299999992465,1.6277299999992465,4.6145699999997305,2.8030500000004395,0.18379000000004453,8,6,0,8,11.417630000001736,0.1425628611190763,1.883600000000115,-0.3929499999994732,-2.4353299999993396,0.2772100000001956,2.13445000000047,4.216800000000148,1.9492499999996653,0.5736300000007759,1.7435100000002421,2.226459999999861,2.708080000001246,5.960310000000391,3.939589999999953,-0.20573999999942316,HIGH_FIRST,13,15,0.944387500000289,2.40070999999989,UNKNOWN,7.026298571428405,0.6567568902870599,QUIET,True,True,False,True,True,False,4149.03328,4111.79963,1.58643130329333,3.712752843450072,True,False,3.0447299999996176,-0.008149999999659485,8.080549999999675,3.857669999999416,-0.008149999999659485,8.080549999999675,7.681479999999283,-0.008149999999659485,10.458269999999175,16.536929999999302,-0.008149999999659485,16.662689999999202,11.238209999999526,-0.008149999999659485,23.058829999999944,True
2026-09-29 10:15:00+00:00,2026-09-29 13:15:00+03:00,10,13,EUROPE_07_12,4149.57237,4149.91262,4147.14055,4147.96777,-1.6045999999996639,1.6045999999996639,2.772069999999985,0.34025000000019645,0.8272200000001249,6,8,0,6,8.696789999999964,0.18450485753935308,-1.1699300000000221,-1.4949900000001435,0.6360100000001694,1.1608500000002095,2.4368100000001505,1.2054499999994732,0.6860900000001493,0.0,0.4481099999993603,1.8469400000003589,2.4368100000001505,1.6535599999988335,0.04459999999926367,-0.237980000000789,HIGH_FIRST,6,10,1.2485566666667485,2.4368100000001505,UNKNOWN,5.7791335714283765,0.4796687887099376,QUIET,False,False,False,False,False,False,4150.23864,4112.09033,0.3929429856451832,6.208100151444103,True,False,0.9041600000000471,0.394800000000032,2.787669999999707,6.455699999999524,0.394800000000032,6.581459999999424,12.76531999999952,0.394800000000032,12.977600000000166,3.8152899999995498,0.394800000000032,12.977600000000166,24.93966999999975,0.394800000000032,27.746279999999388,True
2026-09-29 11:30:00+00:00,2026-09-29 14:30:00+03:00,11,14,EUROPE_07_12,4160.4327,4160.4327,4151.27236,4151.57845,-8.85425000000032,8.85425000000032,9.16034000000036,0.0,0.30609000000004016,4,10,0,6,12.223660000000564,0.7243534260605998,-1.2689000000000306,-2.0129900000001726,-5.751980000000003,1.24254000000019,1.9833199999993667,5.344579999999951,1.675850000000537,0.49583999999958905,0.3641200000001845,2.918390000000727,2.4791599999989558,5.708700000000135,4.102039999999761,-1.3117300000003524,HIGH_FIRST,1,14,1.1465133333334354,2.4574499999998807,UNKNOWN,5.5941707142855455,1.6374795242855338,HIGH,False,True,False,False,True,False,4160.94537,4112.09033,1.6744072496894973,7.058797812365862,True,False,1.8841499999998632,0.6507199999996374,8.224199999999655,0.9175000000004729,0.6507199999996374,8.224199999999655,3.9816600000003746,3.3265700000001743,8.224199999999655,6.017100000000028,3.3265700000001743,11.445569999999861,2.918510000000424,3.9260400000002846,24.135599999999613,True
2026-09-29 12:00:00+00:00,2026-09-29 15:00:00+03:00,12,15,EU_US_12_17,4153.60717,4158.69583,4151.61705,4152.49595,-1.1112199999997756,1.1112199999997756,7.078779999999824,5.088659999999436,0.8789000000006126,6,8,0,6,15.737030000000232,0.07061179904974187,1.7220200000001569,-1.745390000000043,-1.9488299999993615,1.11420999999973,4.153299999999945,3.2788000000000466,2.5918600000004517,0.0,0.7842500000006112,3.7060700000001816,4.153299999999945,4.063050000000658,2.1645900000003166,-1.8076099999998405,HIGH_FIRST,6,13,2.492129999999937,4.153299999999945,UNKNOWN,6.059424285714093,1.1682264958222184,HIGH,False,False,False,False,False,False,4160.94537,4112.09033,1.3944262031494579,6.668227556743655,True,False,-0.7128900000006979,4.244070000000647,4.298329999999623,3.0641599999999016,4.244070000000647,5.5354099999995015,4.63658999999916,4.244070000000647,7.072909999999865,13.76679999999942,4.244070000000647,16.255089999999655,-0.6279400000003079,4.843540000000758,23.21809999999914,True
2026-09-29 13:15:00+00:00,2026-09-29 16:15:00+03:00,13,16,EU_US_12_17,4156.6333,4159.73378,4155.23976,4156.23268,-0.4006200000003446,0.4006200000003446,4.494019999999182,3.100479999999152,0.9929199999996854,7,7,0,8,13.79164000000219,0.02904803199621517,2.2478599999994913,0.3848100000004706,-1.8278899999995701,0.21525000000019645,1.6235700000006545,4.204169999999976,1.0914499999998952,3.3742600000014136,0.861149999999725,1.3067000000000917,4.997830000002068,5.065319999999701,3.98891999999978,-0.23030000000017026,HIGH_FIRST,11,14,1.616311250000308,4.204169999999976,UNKNOWN,6.575261428571333,0.683473965076342,QUIET,True,False,False,True,False,False,4160.94537,4117.42908,0.7167304374427379,5.901453565235869,True,False,1.3628699999999299,3.4087600000002567,6.791339999999764,2.140229999999974,3.4087600000002567,6.96465999999964,16.67475999999988,3.4087600000002567,19.481369999999515,-6.017050000000381,6.491280000000188,19.481369999999515,-9.060140000000501,11.772829999999885,19.481369999999515,True
2026-09-29 13:45:00+00:00,2026-09-29 16:45:00+03:00,13,16,EU_US_12_17,4160.00638,4163.19734,4154.20405,4158.37291,-1.633469999999761,1.633469999999761,8.993289999999433,3.1909599999999045,4.168859999999768,6,8,0,4,20.17540000000099,0.08096345053875913,0.3601300000000265,2.631430000000364,-3.9526200000000244,0.7772400000003472,0.0,3.2126399999997375,5.9976800000004005,5.703440000000228,0.0,6.774920000000748,5.703440000000228,3.2126399999997375,2.4353999999993903,-5.9976800000004005,LOW_FIRST,10,2,3.9046950000001743,5.9976800000004005,UNKNOWN,7.258923571428438,1.2389288730628831,HIGH,True,False,False,True,False,False,4163.02402,4122.69129,0.6407437623819101,4.915552512557827,True,False,7.889839999999822,1.3072700000002442,10.378130000000056,14.534529999999904,1.3072700000002442,17.34113999999954,13.622980000000098,1.3072700000002442,17.34113999999954,0.14937000000008993,10.720500000000357,17.34113999999954,-15.370939999999791,15.748739999999998,17.34113999999954,True
2026-09-29 15:15:00+00:00,2026-09-29 18:15:00+03:00,15,18,EU_US_12_17,4161.94273,4162.3261,4149.7414,4150.21563,-11.727100000000064,11.727100000000064,12.584700000000339,0.3833700000004683,0.47422999999980675,3,11,0,3,17.486900000000787,0.670622008474889,-1.2434599999996863,-6.60396000000037,-5.39821000000029,1.5789599999998245,5.250890000000254,6.557520000000295,0.27814000000034866,0.0,2.573080000000118,1.8571000000001732,5.250890000000254,9.130600000000413,4.978560000000471,2.2949399999997695,HIGH_FIRST,3,15,3.6431266666668307,8.078160000000025,UNKNOWN,9.229092142857098,1.3635902432440585,HIGH,False,True,False,False,True,False,4175.71405,4122.69129,2.762830796931042,2.9823453459940303,True,False,4.2813300000007075,2.563220000000001,8.958740000000034,8.306650000000445,2.563220000000001,9.345119999999952,3.6980499999999665,2.563220000000001,9.345119999999952,-3.04309000000012,5.755779999999504,9.345119999999952,20.43148999999994,8.019169999999576,25.672790000000532,True
2026-09-29 19:00:00+00:00,2026-09-29 22:00:00+03:00,19,22,US_LATE_17_22,4170.18517,4172.48335,4168.56526,4168.61271,-1.5724599999994098,1.5724599999994098,3.91809000000012,2.2981800000006842,0.04745000000002619,6,8,0,10,9.632540000001427,0.16324458554017704,1.7381599999998798,0.6284700000005614,-3.445459999999912,1.6877599999997983,0.6805200000007972,2.0930899999993926,1.9136399999997593,0.8025900000011461,0.30969999999979336,3.6013999999995576,1.4831100000019433,2.402789999999186,0.4053299999995943,-1.603939999999966,HIGH_FIRST,10,15,0.8140400000002046,2.4982200000004013,UNKNOWN,7.231504285714242,0.5418084322704841,QUIET,True,False,False,True,False,False,4175.88842,4136.16247,1.0061129348112225,4.487342981197594,True,False,2.0344099999992977,0.6158599999998842,2.5727399999996123,3.6201299999993353,0.6158599999998842,5.009989999999561,4.390819999999621,0.6158599999998842,9.369319999999789,14.20521000000008,0.6158599999998842,16.188089999999647,13.358870000000024,0.6158599999998842,16.188089999999647,True
2026-09-29 22:15:00+00:00,2026-09-30 01:15:00+03:00,22,1,LATE_22_24,4181.94921,4182.52541,4180.89366,4181.0243,-0.924909999999727,0.924909999999727,1.6317500000004657,0.5762000000004264,0.13064000000031228,6,8,0,6,3.160999999998239,0.2926004428978938,-0.5402500000000146,1.0022900000003574,-1.2020300000003772,0.24629000000004453,0.10968999999931839,1.2866299999996045,0.2400499999994281,0.7740199999998367,0.12101999999958934,0.48633999999947264,0.8837099999991551,1.4076499999991938,1.04033999999956,-0.11902999999983876,HIGH_FIRST,8,15,0.31239499999977244,1.1262699999997494,UNKNOWN,3.567395000000033,0.45740659500852876,QUIET,False,True,False,False,True,False,4184.8008,4142.19646,1.0586156004591325,10.884087688635422,True,False,-3.0033599999997023,4.089329999999791,0.6026499999998123,-2.242159999999785,4.089329999999791,0.6026499999998123,0.7135299999999916,4.089329999999791,2.726010000000315,1.8198599999996077,4.089329999999791,6.615990000000238,-4.199609999999666,13.15150999999969,6.615990000000238,True
2026-09-30 05:00:00+00:00,2026-09-30 08:00:00+03:00,5,8,ASIA_00_07,4178.5836,4182.35048,4172.57782,4172.97941,-5.604190000000017,5.604190000000017,9.772659999999632,3.7668800000001283,0.4015899999994872,6,8,0,7,17.447540000000117,0.3212023012986346,1.0534600000000864,-2.401130000000194,-5.616880000000492,2.4161199999998644,4.118469999999434,3.9484300000003714,2.7377699999997276,0.7972700000000259,0.8139500000006592,5.153889999999592,4.9157399999994595,4.762380000001031,1.532310000000507,-1.9238199999990684,HIGH_FIRST,3,15,1.9284442857142494,4.338360000000648,UNKNOWN,5.816779285714282,1.6800809382609367,HIGH,False,True,False,False,True,False,4187.64029,4142.19646,2.5204463294673647,5.29209524514729,True,False,0.47158000000035827,7.354150000000118,1.2369799999996758,3.9598100000002887,7.354150000000118,7.447830000000067,9.994599999999991,7.354150000000118,11.296080000000075,21.61146000000008,7.354150000000118,24.11620000000039,15.210360000000037,7.354150000000118,29.4075499999999,True
2026-09-30 09:00:00+00:00,2026-09-30 12:00:00+03:00,9,12,EUROPE_07_12,4193.13757,4193.75131,4187.95544,4188.18977,-4.947799999999916,4.947799999999916,5.795869999999923,0.6137399999997797,0.2343300000002273,7,7,0,5,9.864820000000691,0.5015600892869377,-0.07480000000032305,-0.46916000000055647,-4.132190000000264,0.3735999999998967,2.2390800000002855,3.3421400000006543,1.2833199999995486,1.2784499999997934,0.03217000000040571,1.6569199999994453,3.517530000000079,3.37431000000106,2.9685400000007576,-1.251149999999143,HIGH_FIRST,7,14,1.966530000000057,4.301370000000134,UNKNOWN,6.29125071428585,0.9212587867208912,NORMAL,False,True,False,False,True,False,4202.38696,4165.62526,2.256656211103082,3.58664930468624,True,False,-0.4520800000000236,5.6524600000002465,2.9250700000002325,-0.4745999999995547,5.6524600000002465,2.9250700000002325,0.17175000000042928,5.6524600000002465,2.9250700000002325,-8.124920000000202,9.160139999999956,2.9250700000002325,14.349350000000413,11.977589999999509,31.955659999999625,True
2026-09-30 10:30:00+00:00,2026-09-30 13:30:00+03:00,10,13,EUROPE_07_12,4188.40146,4189.35903,4184.62569,4184.76927,-3.6321900000002643,3.6321900000002643,4.733339999999771,0.9575699999995777,0.143579999999929,3,11,0,4,9.767859999999018,0.37185115265786256,-0.3090599999995902,0.1533399999998437,-3.8371900000001915,1.1826699999992343,1.3274399999991147,3.7529300000005605,0.6167199999999866,2.3226699999995617,0.0,1.799389999999221,3.6501099999986764,3.7529300000005605,2.5702600000013263,-0.6167199999999866,HIGH_FIRST,9,15,1.3260824999997567,2.3226699999995617,UNKNOWN,5.635182142857177,0.8399622017541123,NORMAL,False,True,False,False,True,False,4202.38696,4165.62526,3.126374543603915,3.3972300299584446,True,False,0.9018599999999424,2.9434799999999086,1.082550000000083,-4.704420000000027,5.739639999999781,1.082550000000083,3.651719999999841,8.557089999999334,7.399760000000242,25.667050000000017,8.557089999999334,35.35227000000032,-13.079659999999421,18.79692999999952,35.3761599999998,True
2026-09-30 11:00:00+00:00,2026-09-30 14:00:00+03:00,11,14,EUROPE_07_12,4185.49448,4185.49448,4179.02963,4180.06485,-5.429630000000543,5.429630000000543,6.464850000000297,0.0,1.0352199999997538,5,9,0,5,8.202149999999165,0.6619764330085521,-0.34655000000020664,-3.6825100000005477,-1.595049999999901,0.20024999999986903,2.913860000000568,1.416889999999512,0.6501200000002427,0.0,1.1343499999993583,0.8503700000001118,2.913860000000568,2.55123999999887,1.216639999999643,0.48422999999911553,HIGH_FIRST,1,12,1.5569739999999002,5.846010000000206,UNKNOWN,5.439610000000032,1.1884767474139246,HIGH,False,True,False,False,True,False,4202.38696,4165.62526,4.103623237695338,2.654526703201124,True,False,3.870950000000448,3.852669999999307,4.385729999999967,8.356139999999868,3.852669999999307,12.10418000000027,12.623610000000554,3.852669999999307,13.504150000000664,22.474270000000615,3.852669999999307,40.08057999999983,-15.770979999999327,20.99572999999964,40.08057999999983,True
2026-09-30 15:15:00+00:00,2026-09-30 18:15:00+03:00,15,18,EU_US_12_17,4163.18576,4165.53832,4151.27236,4154.24289,-8.942869999999857,8.942869999999857,14.265959999999723,2.3525599999993574,2.970530000000508,4,10,0,7,24.174290000001747,0.36993309834535826,-2.772700000000441,-2.7328499999994165,-3.352089999999407,6.325450000000274,3.0083400000003166,6.916250000000218,1.697610000000168,1.228700000000572,2.6440100000008897,8.023060000000442,4.2370400000008885,9.560260000001108,0.5907999999999447,0.9464000000007218,HIGH_FIRST,2,14,3.075754285714408,6.916250000000218,UNKNOWN,12.26708928571413,1.1629458030124078,NORMAL,False,True,False,False,True,False,4220.14543,4159.06912,5.372304583838578,-0.3934291083721177,True,False,2.24112999999943,1.5410200000005716,10.830399999999827,1.243159999999989,1.5410200000005716,10.830399999999827,5.718329999999696,1.5410200000005716,10.830399999999827,-1.208570000000691,4.156920000000355,10.830399999999827,0.3045299999994313,7.008340000000317,10.830399999999827,True
2026-09-30 19:00:00+00:00,2026-09-30 22:00:00+03:00,19,22,US_LATE_17_22,4150.78767,4154.03149,4148.07187,4148.79502,-1.9926500000001397,1.9926500000001397,5.959620000000541,3.2438200000005963,0.723149999999805,7,7,0,5,10.295160000000578,0.19355211575148204,1.4051800000006551,0.559160000000702,-4.023630000000594,0.7454599999991842,1.588650000000598,3.2445999999999913,1.2617899999995643,1.1369100000010803,0.0,2.0072499999987485,2.7255600000016784,3.2445999999999913,2.499140000000807,-1.2617899999995643,HIGH_FIRST,7,15,1.2081879999999727,1.73117000000002,UNKNOWN,5.2041314285716,1.1451709246390618,NORMAL,True,True,False,True,True,False,4220.14543,4147.23455,13.710339752042708,0.29985215043420793,True,False,5.752400000000307,-1.1632800000006682,7.480960000000778,2.143260000000737,-1.1632800000006682,7.480960000000778,7.451630000000478,-1.1632800000006682,8.517690000000584,8.655580000000555,-1.1632800000006682,11.436059999999998,3.553200000000288,-1.1632800000006682,13.016200000000026,True
2026-09-30 19:30:00+00:00,2026-09-30 22:30:00+03:00,19,22,US_LATE_17_22,4154.27931,4156.16339,4150.75544,4150.93828,-3.3410299999995914,3.3410299999995914,5.407949999999801,1.8840799999998126,0.18284000000039669,5,9,0,6,11.854049999997187,0.2818471324146924,1.0404399999997622,-1.3522799999991548,-2.9218399999999747,0.4558600000000297,2.325739999999314,4.76031999999941,1.231499999999869,0.9618499999996857,0.99188999999933,1.6873599999998987,3.2875899999989997,5.75220999999874,4.304459999999381,-0.239610000000539,HIGH_FIRST,8,15,1.1822883333329628,2.1182099999996353,UNKNOWN,5.098082142857298,1.060781260179702,NORMAL,False,False,False,False,False,False,4220.14543,4147.23455,13.575134346739079,0.726494767289953,True,False,2.868199999999888,0.18284000000039669,6.3744299999998475,5.308369999999741,0.18284000000039669,6.3744299999998475,8.161039999999957,0.18284000000039669,8.968539999999848,6.518729999999778,0.18284000000039669,9.29279999999926,3.869709999999941,0.18284000000039669,10.87293999999929,True
2026-09-30 20:45:00+00:00,2026-09-30 23:45:00+03:00,20,23,US_LATE_17_22,4158.90106,4160.23108,4156.27598,4156.46018,-2.4408800000001065,2.4408800000001065,3.95509999999922,1.330019999999422,0.1841999999996915,6,8,0,6,10.040649999997186,0.2430997993158601,-1.5294700000004013,0.31640000000061264,-1.0786600000001272,2.785700000000361,0.22564999999940483,2.9888899999996283,0.8206799999998111,1.405849999999191,0.6484099999997852,3.606380000000172,1.6314999999985957,3.6372999999994136,0.20318999999926746,-0.1722700000000259,HIGH_FIRST,3,15,1.1752933333329263,3.00546999999915,UNKNOWN,4.745940000000246,0.8333649392952744,NORMAL,True,True,False,True,True,False,4220.14543,4147.23455,13.418890672869072,1.9438994171859383,True,False,0.9904200000000856,-0.3749900000002526,1.1982299999999668,0.9980599999998958,-0.3749900000002526,1.1982299999999668,0.9956300000003466,-0.3749900000002526,1.2910899999997127,-2.575090000000273,2.659819999999854,5.351039999999557,-10.654499999999643,16.68145000000004,5.351039999999557,True
2026-09-30 22:45:00+00:00,2026-10-01 01:45:00+03:00,22,1,LATE_22_24,4155.13624,4155.33169,4153.80036,4153.88509,-1.2511500000000524,1.2511500000000524,1.531329999999798,0.19545000000016444,0.0847299999995812,8,6,0,6,4.9401499999976295,0.2532615406416106,0.0947599999999511,-1.1731599999993705,-0.39271000000007916,0.4735899999996036,1.2686599999988175,0.7803400000002512,1.0566499999995358,0.39610999999968044,0.6187399999998888,1.5302399999991394,1.664769999998498,1.39908000000014,0.30675000000064756,-0.43790999999964697,HIGH_FIRST,1,15,0.6933016666662297,1.0566499999995358,UNKNOWN,2.946133571428423,0.5197761618314332,QUIET,False,True,False,False,True,False,4220.14543,4147.23455,22.490609605277914,2.257378981216777,True,False,-1.536869999999908,1.7508899999993446,0.6641399999998612,0.644680000000335,1.7508899999993446,1.662720000000263,2.3088299999999435,1.7508899999993446,2.602690000000621,-8.07940999999937,14.106359999999768,3.043450000000121,4.97114000000056,14.106359999999768,10.699279999999817,True
2026-09-30 23:00:00+00:00,2026-10-01 02:00:00+03:00,23,2,LATE_22_24,4154.01376,4154.54923,4152.1342,4152.34822,-1.6655399999999645,1.6655399999999645,2.4150299999992058,0.5354699999998047,0.21401999999943655,4,10,0,5,4.079380000000128,0.408282631184129,0.234599999999773,-0.7823399999997491,-1.0859900000004927,0.7232500000000073,0.9823799999994662,1.2871300000006158,0.49280999999973574,0.0,0.43774000000030355,1.216059999999743,0.9823799999994662,1.7248700000009194,0.5638800000006086,-0.055069999999432184,HIGH_FIRST,1,14,0.7909359999999651,1.2871300000006158,UNKNOWN,2.7323535714283804,0.8838643817010516,NORMAL,False,True,False,False,True,False,4220.14543,4147.23455,24.812751434858292,1.8715257254669564,True,False,2.181550000000243,0.21401999999943655,3.199590000000171,2.4597700000003897,0.21401999999943655,3.2368900000001304,0.035520000000360596,1.7008799999994153,4.580320000000029,8.165420000000267,12.56948999999986,8.94344000000001,13.79675000000043,12.56948999999986,15.534080000000358,True
2026-10-01 01:45:00+00:00,2026-10-01 04:45:00+03:00,1,4,ASIA_00_07,4162.00239,4163.71737,4158.22986,4158.43361,-3.568779999999606,3.568779999999606,5.487509999999929,1.7149800000006508,0.20374999999967258,7,7,0,9,11.988630000002559,0.29768038549849685,-0.9081299999998009,0.6950299999998606,-3.188669999999547,1.5647100000005594,2.325140000000829,3.5877399999999398,1.2588100000002669,1.3356700000003912,0.3517499999998108,2.8235200000008263,3.66081000000122,3.9394899999997506,2.0230299999993804,-0.9070600000004561,HIGH_FIRST,7,15,0.9821355555558411,2.908650000000307,UNKNOWN,5.308004999999737,1.0338177902997834,NORMAL,False,True,False,False,True,False,4184.83119,4139.77873,4.973164117215629,3.5144804874903044,True,False,-3.2452000000002954,5.782140000000254,0.3561099999997168,-5.326600000000326,6.6441899999999805,0.3561099999997168,0.4226200000002791,6.6441899999999805,4.2751399999997375,17.04305999999997,6.6441899999999805,18.850319999999556,29.123529999999846,6.6441899999999805,34.08693000000039,True
2026-10-01 07:15:00+00:00,2026-10-01 10:15:00+03:00,7,10,EUROPE_07_12,4176.81389,4176.81389,4156.10324,4156.62427,-20.189620000000104,20.189620000000104,20.710649999999987,0.0,0.5210299999998824,3,11,0,3,21.663690000000315,0.9319566518907818,-4.7844300000006115,-9.687089999999444,-6.779279999999744,3.590650000000096,8.267319999999927,3.9497700000001714,2.474909999999909,0.0,0.09647000000040862,6.065560000000005,8.267319999999927,4.04624000000058,0.3591200000000754,-2.3784399999995003,HIGH_FIRST,1,13,7.189073333333302,17.577430000000277,UNKNOWN,6.752850714285939,3.0669491857987823,HIGH,False,True,False,False,True,False,4192.52149,4139.77873,5.315861629231305,2.494582023613051,True,False,5.824299999999312,1.2118500000005952,8.48048000000017,6.883989999999358,1.2118500000005952,9.868789999999535,3.5529999999998836,1.2118500000005952,11.258029999999962,4.175119999999879,6.559430000000248,11.258029999999962,16.100709999999708,6.5954600000004575,21.559699999999793,True
2026-10-01 08:00:00+00:00,2026-10-01 11:00:00+03:00,8,11,EUROPE_07_12,4163.61673,4167.8823,4158.69583,4159.15424,-4.462489999999889,4.462489999999889,9.186470000000554,4.26557000000048,0.4584100000001854,6,8,0,5,15.748559999999088,0.28335860548520925,0.550560000000587,-1.0459899999996196,-4.847450000000208,0.9704499999998006,4.526130000000194,4.146359999999731,0.5507999999999811,0.6490499999999884,1.0674899999994523,1.5212499999997817,5.175180000000182,5.213849999999184,3.1759099999999307,0.5166899999994712,HIGH_FIRST,7,14,2.3204399999998713,5.47382000000016,UNKNOWN,7.370465000000228,1.2463894747482378,HIGH,True,True,False,True,True,False,4192.52149,4139.77873,4.527156699068405,2.628804288467451,True,False,1.0230300000002899,3.3964399999995294,4.382230000000163,-8.835259999999835,9.089399999999841,4.382230000000163,2.288770000000113,9.089399999999841,4.382230000000163,-0.9075899999998001,9.125430000000051,4.479519999999866,17.864709999999832,9.125430000000051,26.347179999999753,True
2026-10-01 08:30:00+00:00,2026-10-01 11:30:00+03:00,8,11,EUROPE_07_12,4161.31601,4161.31601,4150.06484,4150.31898,-10.99702999999954,10.99702999999954,11.251169999999547,0.0,0.2541400000000067,5,9,0,6,19.226870000000417,0.571961530919973,-4.419389999999112,1.4693600000000515,-7.113370000000032,2.7621399999998175,1.6289800000004107,8.705249999999978,2.0027100000006612,0.8912600000003295,1.8965699999998833,4.764850000000479,2.52024000000074,10.601819999999861,5.943110000000161,-0.10614000000077795,HIGH_FIRST,1,15,1.7536033333334065,3.670900000000074,UNKNOWN,8.05604428571444,1.3966122331217734,HIGH,False,True,False,False,True,False,4192.52149,4139.77873,5.2386144493813935,1.308365449118837,True,False,3.0318999999999505,0.25258000000030734,6.809280000000399,11.124029999999948,0.25258000000030734,11.14585999999963,11.64984000000004,0.25258000000030734,12.702500000000327,22.015470000000278,0.29017000000021653,22.25884000000042,32.93087000000014,0.29017000000021653,36.72135999999955,True
2026-10-01 09:15:00+00:00,2026-10-01 12:15:00+03:00,9,12,EUROPE_07_12,4161.3921,4162.33091,4159.30159,4160.79939,-0.5927099999998973,0.5927099999998973,3.029319999999643,0.9388099999996484,1.4978000000000975,5,9,0,5,8.368999999999687,0.07082208149120796,-0.8804000000000087,0.5729300000002695,0.25654000000031374,1.0807699999995748,0.38170999999965716,2.621820000000298,0.2799199999999473,1.5233600000001388,1.3088200000001962,1.3606899999995221,1.905069999999796,3.930640000000494,1.5410500000007232,1.0289000000002488,HIGH_FIRST,11,13,1.6613059999999678,2.5593500000004497,UNKNOWN,8.348187142857244,0.3628715969300648,QUIET,True,False,False,True,False,False,4192.52149,4139.77873,3.799878878750528,2.5179909889760355,True,False,1.1694299999999203,1.238640000000487,2.2220900000002075,-4.441740000000209,6.940459999999803,2.8343699999995806,3.3834999999999127,10.770580000000336,5.591319999999541,11.92558999999983,10.770580000000336,17.384579999999914,8.012069999999767,10.770580000000336,26.395069999999578,True
2026-10-01 09:45:00+00:00,2026-10-01 12:45:00+03:00,9,12,EUROPE_07_12,4161.90666,4163.63376,4153.85893,4156.35765,-5.5490099999997256,5.5490099999997256,9.774829999999383,1.727100000000064,2.4987199999995937,6,8,0,7,19.085360000000946,0.2907469390150068,1.5712200000007215,-3.3914599999998245,-4.231770000000324,1.549250000000029,2.883429999999862,3.5611600000002,3.4737199999999575,1.3110999999998967,2.1599800000003597,5.022969999999987,4.194529999999759,5.72114000000056,2.011910000000171,-1.3137399999995978,HIGH_FIRST,5,13,2.417911428571512,7.340650000000096,UNKNOWN,8.586207142857218,1.1384339834068609,NORMAL,True,True,False,True,True,False,4192.52149,4139.77873,4.211852730583668,1.9308781775421955,True,False,1.8890000000001237,6.3288400000001275,2.036479999999756,7.825240000000122,6.3288400000001275,10.03305999999975,18.14559999999983,6.3288400000001275,21.826320000000123,27.19643999999971,6.3288400000001275,28.96860000000015,8.772149999999783,6.3288400000001275,30.836809999999787,True
2026-10-01 13:30:00+00:00,2026-10-01 16:30:00+03:00,13,16,EU_US_12_17,4169.78066,4173.11456,4159.56075,4161.63245,-8.14821000000029,8.14821000000029,13.55381000000034,3.3338999999996304,2.071700000000419,3,11,0,5,22.759949999997843,0.35800649825685305,2.734969999999521,-5.733449999999721,-4.311380000000099,1.8406099999992875,2.7901700000002165,4.244529999999941,6.277719999999135,0.0,1.8792199999998047,8.118329999998423,2.7901700000002165,6.123749999999745,2.403920000000653,-4.398499999999331,HIGH_FIRST,5,14,4.176145999999608,12.762399999999616,UNKNOWN,7.950478571428513,1.7047791372846932,HIGH,False,True,False,False,True,False,4192.52149,4150.02881,3.885179957720456,1.459489500632082,True,False,3.497349999999642,1.4931500000002416,3.8192900000003647,-7.975390000000516,9.325840000000426,3.8192900000003647,6.154829999999492,10.60207999999966,13.953999999999724,5.849949999999808,11.097800000000461,13.953999999999724,15.138839999999618,11.097800000000461,21.592819999999847,True
2026-10-01 14:45:00+00:00,2026-10-01 17:45:00+03:00,14,17,EU_US_12_17,4168.70747,4170.06724,4161.17029,4162.23121,-6.476260000000366,6.476260000000366,8.896950000000288,1.359770000000026,1.0609199999998964,9,5,0,5,24.985520000001998,0.25920052894635964,-1.9489400000002206,-1.6753699999999299,-1.8336300000000847,3.3514600000007704,7.3044300000001385,4.23718000000008,3.078160000000935,3.645510000000286,1.188199999999597,6.429620000001705,10.949940000000424,5.425379999999677,0.88571999999931,-1.889960000001338,HIGH_FIRST,7,15,4.149668000000384,7.3044300000001385,UNKNOWN,9.450124999999973,0.9414637372521859,NORMAL,False,False,False,False,False,False,4192.52149,4150.02881,3.205278237060383,1.2912421793362692,True,False,-6.948099999999613,11.696560000000318,2.317610000000059,5.546910000000025,11.696560000000318,6.401090000000295,6.500320000000102,11.696560000000318,11.043139999999767,-0.04008999999950902,11.696560000000318,15.633300000000418,14.721180000000459,11.696560000000318,20.99405999999999,True
2026-10-01 16:15:00+00:00,2026-10-01 19:15:00+03:00,16,19,EU_US_12_17,4171.5605,4171.88152,4164.93128,4165.25228,-6.308219999999892,6.308219999999892,6.950240000000122,0.32102000000031694,0.3209999999999127,6,8,0,8,16.576280000001134,0.3805570369226063,0.14607000000069092,-4.2107599999999366,-1.5583999999998923,0.6737700000003315,2.3212100000000646,4.8652600000004895,2.0807000000004336,0.42040999999971973,0.4837699999998222,2.754470000000765,2.7416199999997843,5.349030000000312,4.191490000000158,-1.5969300000006115,HIGH_FIRST,5,15,1.4713500000001432,3.7724600000001374,UNKNOWN,11.314732142857208,0.6142646518050969,QUIET,False,True,False,False,True,False,4192.52149,4150.02881,2.4100623554942002,1.3454556243834916,True,False,0.9683300000006057,2.4015599999993356,5.585219999999936,-3.0611599999992904,5.694209999999657,5.585219999999936,7.746079999999893,5.694209999999657,11.698740000000726,8.179050000000643,5.694209999999657,17.97299000000021,10.41541000000052,5.694209999999657,17.97299000000021,True
2026-10-01 17:45:00+00:00,2026-10-01 20:45:00+03:00,17,20,US_LATE_17_22,4176.35148,4179.94896,4167.70859,4168.21836,-8.133120000000417,8.133120000000417,12.24036999999953,3.5974799999994502,0.5097699999996621,7,7,0,7,27.43152999999893,0.2964880194433462,1.1285799999996016,-0.6196600000002945,-8.4078099999997,2.2262799999998606,2.944499999999607,7.55417000000034,2.3641899999993257,1.451720000000023,4.086040000000139,4.590469999999186,4.39621999999963,11.64021000000048,5.32789000000048,1.7218500000008135,HIGH_FIRST,4,14,3.20049428571409,8.078809999999976,UNKNOWN,11.200978571428484,1.092794698422362,NORMAL,False,True,False,False,True,False,4192.52149,4150.02881,2.169732746564911,1.6239250779747096,True,False,4.682400000000598,3.9808299999995143,5.404340000000047,5.212970000000496,3.9808299999995143,13.749029999999948,8.73403000000053,3.9808299999995143,15.006910000000062,7.581159999999727,3.9808299999995143,15.006910000000062,10.7179500000002,3.9808299999995143,15.006910000000062,True
2026-10-01 20:15:00+00:00,2026-10-01 23:15:00+03:00,20,23,US_LATE_17_22,4177.54428,4179.72832,4175.0167,4175.66769,-1.876589999999851,1.876589999999851,4.711620000000039,2.1840400000000955,0.6509900000000926,6,8,0,6,8.245959999999286,0.22757689826290856,1.179019999999582,-0.6892299999999523,-2.634339999999611,0.850430000000415,0.6393699999998717,2.7352600000003804,1.412119999999959,0.9315099999994345,0.532390000000305,2.262550000000374,1.5708799999993062,3.2676500000006854,1.8848299999999654,-0.879729999999654,HIGH_FIRST,4,14,1.2855949999998302,3.2980999999999767,UNKNOWN,7.4447178571426775,0.6328809352364609,QUIET,True,True,False,True,True,False,4187.19446,4150.02881,1.5483152244568101,3.4439021722497842,True,False,-2.2373500000003332,2.393340000000535,0.2207300000000032,1.7781299999996918,2.393340000000535,2.838079999999536,3.210599999999431,2.393340000000535,3.476119999999355,-3.5434400000003734,3.612119999999777,4.4325699999999415,-9.403879999999845,11.256750000000466,7.9075899999998,True
2026-10-01 20:30:00+00:00,2026-10-01 23:30:00+03:00,20,23,US_LATE_17_22,4175.56294,4175.88842,4173.27435,4173.43034,-2.1325999999999112,2.1325999999999112,2.614070000000538,0.3254800000004252,0.1559900000002017,7,7,0,7,5.800850000000537,0.3676357775153148,0.3012300000000323,-1.437659999999596,-0.711699999999837,0.4165100000000166,0.6504500000000917,1.7574100000001636,0.7368900000001304,0.19915000000037253,0.7582400000001144,1.153400000000147,0.8496000000004642,2.515650000000278,1.340900000000147,0.021349999999983993,HIGH_FIRST,2,15,0.6336085714285998,1.7832300000000032,UNKNOWN,6.810415714285617,0.3838341313757442,QUIET,False,True,False,False,True,False,4187.19446,4150.02881,2.0210396218733053,3.4361382596531866,True,False,4.015480000000025,-0.28211000000010245,5.075429999999869,5.158089999999902,-0.28211000000010245,5.611880000000383,5.40462000000025,-0.28211000000010245,5.713469999999688,2.536149999999907,1.4460799999997107,6.669920000000275,-12.6905799999995,15.679549999999836,10.144940000000133,True
2026-10-02 05:15:00+00:00,2026-10-02 08:15:00+03:00,5,8,ASIA_00_07,4190.04394,4190.4628,4186.72807,4186.78593,-3.258009999999558,3.258009999999558,3.734730000000127,0.41886000000067725,0.05785999999989144,7,7,0,6,10.85548000000017,0.3001258350620615,-1.5971899999995003,1.4397300000000541,-1.9934700000003431,0.38194000000021333,2.7421400000002905,1.6588699999992969,1.1532200000001467,2.654230000000098,0.5782799999997223,1.53516000000036,5.396370000000388,2.237149999999019,1.2769299999990835,-0.5749400000004243,HIGH_FIRST,7,15,1.59349000000005,2.7421400000002905,UNKNOWN,7.105053571428406,0.5256441717791712,QUIET,False,False,False,False,False,False,4193.50502,4134.45239,0.9456775986910377,7.365678453213753,True,False,3.482350000000224,0.5836499999995794,3.6846199999999953,-0.1315100000001621,3.385659999999916,3.6846199999999953,3.680290000000241,3.385659999999916,9.429079999999885,-1.4959799999996903,9.152979999999843,9.429079999999885,-1.1224899999997433,9.152979999999843,9.429079999999885,True
2026-10-02 06:30:00+00:00,2026-10-02 09:30:00+03:00,6,9,ASIA_00_07,4190.85906,4190.85906,4180.60201,4180.69955,-10.1595099999995,10.1595099999995,10.257050000000163,0.0,0.09754000000066299,4,10,0,4,14.703149999999368,0.6909750631667321,-4.302380000000085,-3.3725299999996423,-2.373899999999594,3.1037200000000666,4.804009999999835,3.80112999999983,0.0,1.8550199999999677,0.6704799999997704,3.1037200000000666,6.659029999999802,4.4716099999996,0.6974099999997634,0.6704799999997704,HIGH_FIRST,1,15,2.7255049999998846,4.804009999999835,UNKNOWN,6.851498571428432,1.4970520526375481,HIGH,False,True,False,False,True,False,4196.21501,4134.45239,2.2645352455740038,6.749933539044448,True,False,-2.6622999999999593,3.0666000000001077,2.912580000000162,4.614259999999376,3.0666000000001077,5.525579999999536,1.4312499999996362,3.0666000000001077,8.056700000000092,1.4696599999997488,3.0666000000001077,14.811249999999745,0.03152999999929307,14.893280000000232,14.811249999999745,True
2026-10-02 06:45:00+00:00,2026-10-02 09:45:00+03:00,6,9,ASIA_00_07,4180.87974,4183.61213,4177.63295,4178.03725,-2.842489999999998,2.842489999999998,5.9791800000002695,2.732390000000123,0.40430000000014843,7,7,0,6,11.73982999999771,0.2421236082635398,-1.0414700000001176,-0.3745499999995445,-0.9474899999995614,1.0038499999991473,1.8200999999999112,4.190399999999499,0.5159999999996217,0.9490800000003219,1.4177099999997154,1.519849999998769,2.769180000000233,5.608109999999215,3.186550000000352,0.9017100000000937,HIGH_FIRST,14,15,1.2582383333330351,3.671339999999873,UNKNOWN,6.934308571428444,0.862260445783505,NORMAL,False,True,False,False,True,False,4196.21501,4134.45239,2.6214235799799463,6.2853937852698705,True,False,7.276559999999336,-0.6431199999997261,8.187879999999495,7.252700000000004,-0.6431199999997261,10.719000000000051,14.146380000000136,-0.6431199999997261,15.417939999999362,7.183610000000044,-0.6431199999997261,17.473549999999705,3.504109999999855,12.230980000000272,17.473549999999705,True
2026-10-02 07:30:00+00:00,2026-10-02 10:30:00+03:00,7,10,EUROPE_07_12,4186.22713,4186.72807,4181.88744,4182.1308,-4.096330000000307,4.096330000000307,4.840629999999692,0.5009399999999005,0.243359999999484,7,7,0,7,10.3101800000004,0.39730926133201827,0.2608700000000681,-3.041639999999461,-0.9770100000005186,0.37208000000009633,3.8422099999997954,2.0439000000005763,2.5230799999999363,0.3160600000001068,0.32304000000021915,2.8951600000000326,4.158269999999902,2.3669400000007954,1.67182000000048,-2.200039999999717,HIGH_FIRST,6,15,1.3671242857143235,3.8422099999997954,UNKNOWN,6.755107142857079,0.7165881898880353,QUIET,False,True,False,False,True,False,4196.21501,4134.45239,2.084972111048272,7.0581278715046265,True,False,10.05283000000054,0.9863599999998769,11.324389999999767,6.470320000000356,0.9863599999998769,13.38000000000011,0.03841000000011263,1.6999299999997675,13.38000000000011,2.4416000000001077,3.20517000000018,13.38000000000011,-2.1499400000002424,16.324529999999868,13.38000000000011,True
2026-10-02 10:00:00+00:00,2026-10-02 13:00:00+03:00,10,13,EUROPE_07_12,4184.99459,4185.22705,4169.09864,4169.68009,-15.314500000000407,15.314500000000407,16.128410000000258,0.23246000000017375,0.581449999999677,3,11,0,5,19.307880000002115,0.7931735643684719,-2.8542400000005728,-3.7316099999998187,-9.50651999999991,3.019720000000234,4.543510000000424,9.784300000000258,0.09280000000035216,0.0,0.0,3.112520000000586,4.543510000000424,9.784300000000258,6.764580000000024,-0.09280000000035216,HIGH_FIRST,2,15,1.9047160000003713,4.543510000000424,UNKNOWN,7.785650000000065,2.071556003673441,HIGH,False,True,False,False,True,False,4196.21501,4134.45239,3.408183003345878,4.524696075472075,True,False,4.111490000000231,3.873819999999796,4.4652500000001965,11.050989999999729,3.873819999999796,11.383499999999913,15.736280000000079,3.873819999999796,17.965580000000045,7.148630000000594,3.873819999999796,18.6261599999998,15.702549999999974,4.176940000000286,55.969600000000355,True
2026-10-02 11:30:00+00:00,2026-10-02 14:30:00+03:00,11,14,EUROPE_07_12,4182.95385,4182.95385,4178.50577,4179.98086,-2.972990000000209,2.972990000000209,4.448080000000118,0.0,1.4750899999999092,7,7,0,8,9.81822000000193,0.30280335946837866,-2.651719999999841,1.1994400000003225,-1.7195000000001528,1.490990000000238,0.30143000000043685,3.0804100000004837,0.962800000000243,2.122070000000349,1.314980000000105,2.453790000000481,2.423500000000786,4.395390000000589,1.5894200000002456,0.35217999999986205,HIGH_FIRST,1,14,1.062905000000228,3.0804100000004837,UNKNOWN,6.958352142857166,0.6392433019599514,QUIET,False,True,False,False,True,False,4196.21501,4134.45239,2.333045190399681,6.542995965896153,True,False,3.04845000000023,2.871419999999489,5.170219999999972,-3.1521399999992354,3.8552300000001196,5.170219999999972,32.76122000000032,14.477710000000116,45.490279999999984,8.036540000000059,14.477710000000116,45.668830000000526,-41.17261999999937,45.015589999999975,45.668830000000526,True
2026-10-02 12:00:00+00:00,2026-10-02 15:00:00+03:00,12,15,EU_US_12_17,4183.32922,4183.32922,4176.12563,4176.82872,-6.500499999999192,6.500499999999192,7.2035900000000765,0.0,0.7030900000008842,5,9,0,4,13.641629999998258,0.47651930157906514,-4.496409999999742,1.4512299999996685,-3.8074799999994866,2.9661999999998443,0.2349899999999252,5.654409999999189,0.0,2.496509999999944,1.37271999999939,2.9661999999998443,2.731499999999869,7.027129999998579,2.6882099999993443,1.37271999999939,HIGH_FIRST,1,15,1.9968049999997675,3.416559999999663,UNKNOWN,7.186756428571373,1.0023423044312147,NORMAL,False,True,False,False,True,False,4196.21501,4134.45239,2.6975020223209634,5.8964472249999265,True,False,5.224999999999454,1.7928100000008271,5.658499999999549,35.91335999999956,11.32557000000088,48.64241999999922,21.57458999999926,11.32557000000088,48.82096999999976,8.55391999999938,11.32557000000088,48.82096999999976,-41.314360000000306,50.905540000000656,48.82096999999976,True
2026-10-02 15:45:00+00:00,2026-10-02 18:45:00+03:00,15,18,EU_US_12_17,4138.62879,4138.62879,4125.92318,4126.46256,-12.166229999999814,12.166229999999814,12.705609999999979,0.0,0.5393800000001647,5,9,0,5,22.406120000001465,0.5429869160746715,-1.8350599999994301,-5.496279999999388,-4.677700000000186,2.855950000000121,6.095249999999396,5.738010000000031,4.015620000000126,0.0,2.601690000000417,6.871570000000247,6.095249999999396,8.339700000000448,2.8820599999999104,-1.4139299999997093,HIGH_FIRST,1,14,4.473812000000362,7.19485000000077,UNKNOWN,19.220737857143053,0.6610365374333514,QUIET,False,True,False,False,True,False,4225.64969,4134.96527,5.160422598612107,-0.44237167496875607,True,False,9.051800000000185,0.5393800000001647,9.44253000000026,8.686749999999847,0.5393800000001647,14.495660000000498,13.057910000000447,0.5393800000001647,14.796370000000024,7.332519999999931,0.5393800000001647,15.650959999999941,19.86521999999968,0.5393800000001647,22.935159999999996,True
2026-10-02 17:00:00+00:00,2026-10-02 20:00:00+03:00,17,20,US_LATE_17_22,4139.21142,4142.11352,4136.50465,4136.65205,-2.5593699999999444,2.5593699999999444,5.6088700000000244,2.902100000000246,0.1473999999998341,5,9,0,3,12.451199999999517,0.20555207530198244,2.7280000000000655,-3.7254299999995055,-1.7069200000005367,0.0,3.7617499999996653,2.346190000000206,4.337149999999383,0.0,1.413340000000062,4.337149999999383,3.7617499999996653,3.759530000000268,2.346190000000206,-2.923809999999321,HIGH_FIRST,7,15,3.368336666666437,4.354519999999866,UNKNOWN,12.104100000000146,0.46338596012920885,QUIET,True,False,False,True,False,False,4225.64969,4125.92318,7.352685453689198,0.8863831263786474,True,False,-3.8016999999999825,6.980359999999564,2.347160000000258,0.7476200000000972,6.980359999999564,2.763460000000123,3.87395000000015,6.980359999999564,4.1284599999999045,10.281340000000455,6.980359999999564,11.670380000000478,0.8858100000006743,6.980359999999564,12.745670000000246,True
2026-10-02 17:15:00+00:00,2026-10-02 20:15:00+03:00,17,20,US_LATE_17_22,4137.04349,4138.99921,4129.67169,4132.85035,-4.193140000000312,4.193140000000312,9.327519999999822,1.9557199999999284,3.1786599999995815,6,8,0,9,21.790109999999913,0.1924331726641274,-0.48020999999971536,-2.1122999999997774,-3.1847999999999956,3.4613799999997354,4.079279999999926,4.41820000000007,1.5653000000002066,0.3151299999999537,4.213630000000194,5.026679999999942,4.39440999999988,8.631830000000264,0.9568200000003344,2.648329999999987,HIGH_FIRST,1,14,2.1161022222222527,4.41820000000007,UNKNOWN,11.798212142857276,0.7905875811570968,NORMAL,False,True,False,False,True,False,4225.64969,4125.92318,7.8655425819056735,0.5871372641992789,True,False,4.54932000000008,1.20900999999958,6.565160000000105,0.9447300000001633,1.20900999999958,7.8459100000000035,6.982730000000629,1.20900999999958,8.279350000000704,15.484629999999925,1.20900999999958,16.330330000000686,4.683570000000145,1.20900999999958,16.547370000000228,True
2026-10-02 17:45:00+00:00,2026-10-02 20:45:00+03:00,17,20,US_LATE_17_22,4137.16335,4140.69626,4133.4785,4133.79508,-3.3682699999999386,3.3682699999999386,7.217759999999544,3.5329099999999016,0.31657999999970343,8,6,0,5,14.8696000000009,0.22652055199869092,0.7692500000002838,2.2344599999996717,-5.918120000000272,2.4543100000000777,0.2001799999998184,6.571200000000317,2.375790000000052,1.3345699999999852,0.921490000000631,4.8301000000001295,1.5347499999998035,7.492690000000948,4.1168900000002395,-1.4542999999994208,HIGH_FIRST,12,15,1.6596800000001166,3.7323999999998705,UNKNOWN,10.336709285714408,0.6982647765836532,QUIET,True,False,False,True,False,False,4225.64969,4125.92318,8.886252622674192,0.7615479726105154,True,False,6.730919999999969,-0.13929000000007363,6.985429999999724,6.038000000000466,-0.13929000000007363,7.334620000000541,11.306590000000142,-0.13929000000007363,12.091229999999996,12.53269999999975,-0.13929000000007363,15.602640000000065,3.8365700000003926,-0.13929000000007363,15.602640000000065,True
2026-10-02 22:00:00+00:00,2026-10-03 01:00:00+03:00,22,1,LATE_22_24,4137.54867,4138.04519,4137.51031,4137.53961,-0.009060000000317814,0.009060000000317814,0.5348800000001575,0.4965199999996912,0.02930000000014843,9,5,0,9,1.4459599999981947,0.006265733492163771,0.2551899999998568,0.03403000000071188,-0.04694999999992433,0.03503999999975349,0.5107899999993606,0.17763000000013562,0.2983299999996234,0.0826999999999316,0.07463000000007014,0.3333699999993769,0.5934899999992922,0.25226000000020576,0.14259000000038213,-0.22369999999955326,SAME_MINUTE_AMBIGUOUS,6,6,0.1518844444441735,0.3945400000002337,UNKNOWN,3.8129300000001813,0.14028057163392246,QUIET,True,False,False,True,False,False,4225.64969,4125.92318,23.108234349960842,3.0465888437499467,True,False,-0.02805999999964115,0.06297999999969761,0.18744000000060623,0.059390000000348664,0.06297999999969761,0.1888600000002043,0.04992000000038388,0.06297999999969761,0.19515000000046712,0.04118999999991502,0.06485999999949854,0.20024999999986903,0.07261000000016793,0.06485999999949854,0.20024999999986903,True
2026-10-03 00:15:00+00:00,2026-10-03 03:15:00+03:00,0,3,ASIA_00_07,4137.54867,4137.72449,4137.48392,4137.50421,-0.044460000000071886,0.044460000000071886,0.24056999999993423,0.17581999999947584,0.0202900000003865,7,7,0,12,1.1535000000003492,0.038543563068971325,0.09303999999974621,0.06808000000000902,-0.03751000000011118,0.1703399999996691,0.08946999999989202,0.2081400000006397,0.20449999999982538,0.18649999999979627,0.13408000000072207,0.37483999999949447,0.2759699999996883,0.34222000000136177,0.03780000000097061,-0.07041999999910331,HIGH_FIRST,6,7,0.08579916666667486,0.12198999999964144,UNKNOWN,0.6993471428571476,0.34399225400006295,QUIET,False,True,False,False,False,True,4225.64969,4125.92318,126.03966556563913,16.55977309449863,True,False,0.12382999999954336,0.02221000000008644,0.2244700000001103,0.1326600000002145,0.02221000000008644,0.2261399999997593,0.01378999999997177,0.026820000000043365,0.2328399999996691,0.019760000000133005,0.02768999999989319,0.23307000000022526,0.08986000000004424,0.02768999999989319,0.23307000000022526,True
2026-10-03 01:15:00+00:00,2026-10-03 04:15:00+03:00,1,4,ASIA_00_07,4137.54534,4137.72564,4137.48489,4137.518,-0.027339999999639986,0.027339999999639986,0.24074999999993452,0.18029999999998836,0.03311000000030617,7,7,0,12,1.0603200000014112,0.025784668778862607,0.09010000000034779,0.09315999999944324,-0.028839999999945576,0.11462000000119588,0.10782999999992171,0.178780000000188,0.12964000000101805,0.22998999999981606,0.1193199999997887,0.24426000000221393,0.3378199999997378,0.2980999999999767,0.06415999999899213,-0.010320000001229346,HIGH_FIRST,6,7,0.0792825000000903,0.11952000000019325,UNKNOWN,0.26832142857139324,0.8972447757219558,NORMAL,False,False,False,False,False,False,4200.85301,4125.92318,236.04156528686642,43.21242646080792,True,False,0.12348999999994703,0.03768000000036409,0.21503000000029715,0.10275000000001455,0.04147999999986496,0.21503000000029715,0.005970000000161235,0.04147999999986496,0.2192800000002535,0.014809999999670254,0.04147999999986496,0.2192800000002535,0.06387999999969907,0.04147999999986496,0.2192800000002535,True
2026-10-03 03:15:00+00:00,2026-10-03 06:15:00+03:00,3,6,ASIA_00_07,4137.54257,4137.72171,4137.47677,4137.53281,-0.009759999999914726,0.009759999999914726,0.2449399999995876,0.1791400000001886,0.05603999999948428,8,6,0,11,0.9216700000015408,0.01058947345568198,0.07877000000007683,-0.026520000000346045,-0.005850000000464206,0.016340000000127475,0.22536000000036438,0.12426000000050408,0.10408000000006723,0.221440000000257,0.05334000000038941,0.1204200000001947,0.44680000000062137,0.1776000000008935,0.1079200000003766,-0.05073999999967782,HIGH_FIRST,8,9,0.07760727272737065,0.12075999999979103,UNKNOWN,0.24853000000004094,0.9855550637731753,NORMAL,False,False,False,False,False,False,4149.39772,4125.92318,47.74035327726344,46.71319357823205,True,False,-0.010539999999309657,0.05304999999952997,0.20020999999997002,0.07276000000001659,0.05304999999952997,0.20020999999997002,0.061260000000402215,0.05304999999952997,0.20020999999997002,0.04907000000002881,0.05304999999952997,0.20020999999997002,0.06437000000005355,0.07999999999992724,0.20456000000012864,True
2026-10-03 06:30:00+00:00,2026-10-03 09:30:00+03:00,6,9,ASIA_00_07,4137.5435,4137.73737,4137.45281,4137.51517,-0.028330000000096334,0.028330000000096334,0.2845600000000559,0.19387000000006083,0.06235999999989872,7,7,0,12,1.2224000000005617,0.023175719895356117,0.08924999999999272,0.08167999999932363,-0.014890000000377768,0.18202000000019325,0.13946000000032654,0.18224000000009255,0.20643999999992957,0.2346800000004805,0.12349999999969441,0.3884600000001228,0.37414000000080705,0.30573999999978696,0.00021999999989930075,-0.08294000000023516,HIGH_FIRST,6,7,0.09233916666668544,0.13946000000032654,UNKNOWN,0.2504957142855996,1.1359874990740093,HIGH,True,True,False,True,False,True,4149.39772,4136.50465,47.43614090919146,4.034080993687912,True,False,0.11194000000068627,0.04179999999996653,0.2133800000001429,0.12042999999994208,0.04179999999996653,0.2133800000001429,0.005210000000261061,0.04179999999996653,0.21935000000030414,0.009090000000469445,0.04179999999996653,0.21935000000030414,0.06648000000041066,0.04179999999996653,0.22735000000011496,True
2026-10-03 09:30:00+00:00,2026-10-03 12:30:00+03:00,9,12,EUROPE_07_12,4137.543,4137.73461,4137.49346,4137.53773,-0.005269999999654829,0.005269999999654829,0.2411500000007436,0.19161000000076456,0.04427000000032422,7,7,0,12,0.9556700000011915,0.005514455826434081,0.07976000000053318,-0.020120000000133587,-0.01750999999967462,0.07967999999982567,0.23183000000062748,0.13576000000011845,0.047400000000379805,0.2315600000001723,0.05222000000048865,0.12708000000020547,0.4633900000007998,0.1879800000006071,0.056080000000292785,0.004820000000108848,HIGH_FIRST,8,9,0.0733941666667306,0.12143000000014581,UNKNOWN,0.25171357142854894,0.9580333655914779,NORMAL,True,False,False,True,False,False,4138.04519,4137.18919,2.01602161186552,1.384669082488837,True,False,-0.025279999999838765,0.06432000000040716,0.19364000000041415,0.0775100000000748,0.06432000000040716,0.20478999999977532,0.04392000000007101,0.06432000000040716,0.20478999999977532,0.02724000000034721,0.06440000000020518,0.20478999999977532,,0.06481999999959953,0.20478999999977532,True
2026-10-03 11:45:00+00:00,2026-10-03 14:45:00+03:00,11,14,EUROPE_07_12,4137.53497,4137.72107,4137.47745,4137.50394,-0.0310300000001007,0.0310300000001007,0.2436199999992823,0.18609999999989668,0.02648999999928492,7,7,0,12,1.1469099999985701,0.027055305124324826,0.09305000000040309,0.07488999999986845,-0.0310300000001007,0.17384000000038213,0.08430999999927735,0.20823999999993248,0.21271000000069762,0.18649999999888678,0.13163999999960652,0.38655000000107975,0.27080999999816413,0.339879999999539,0.034399999999550346,-0.0810700000010911,LOW_FIRST,6,5,0.08548749999984769,0.12181000000055064,UNKNOWN,0.24967571428572097,0.9757456815382985,NORMAL,True,False,False,True,False,False,4137.74252,4137.45281,0.9555594971770472,0.20478563622458884,True,False,0.11073000000033062,0.031029999999191205,0.2170700000006036,0.12353000000075554,0.031029999999191205,0.2170700000006036,0.002260000000205764,0.031029999999191205,0.2170700000006036,,0.031029999999191205,0.21712999999999738,,0.031029999999191205,0.21712999999999738,True
